<s:Envelope xmlns:s="http://www.w3.org/2003/05/soap-envelope">
   <s:Header>
      <s:SbrRouterUrl>http://10.192.36.17:82/WebServices/SBRRouterService/2009/05/SBRRouterService.svc</s:SbrRouterUrl>
      <s:Header>
         <core:NonRepudiation xmlns:soap="http://www.w3.org/2003/05/soap-envelope" xmlns:core="http://sbr.gov.au/comn/core.02.data">
            <core:Message.NonRepudiationToken.Text>
               <token/>
            </core:Message.NonRepudiationToken.Text>
         </core:NonRepudiation>
      </s:Header>
   </s:Header>
   <s:Body>
      <tns:ResponseLodgeReport xmlns:tns="http://sbr.gov.au/comn/lodge.02.service" xmlns:bt="http://sbr.gov.au/comn/sbdm.02.data">
         <StandardBusinessDocumentMessage xmlns="http://sbr.gov.au/comn/sbdm.02.data" xmlns:i="http://www.w3.org/2001/XMLSchema-instance">
            <StandardBusinessDocumentHeader>
               <Message.Type.Text>ps.0005.lodge.response</Message.Type.Text>
               <MessageTimestamps>
                  <MessageTimestamp>
                     <Message.Timestamp.Generation.Datetime>2018-03-26T05:57:34.214Z</Message.Timestamp.Generation.Datetime>
                     <Message.Timestamp.GenerationSource.Code>BusinessEntity</Message.Timestamp.GenerationSource.Code>
                  </MessageTimestamp>
                  <MessageTimestamp>
                     <Message.Timestamp.Generation.Datetime>2018-03-26T05:57:33.82999Z</Message.Timestamp.Generation.Datetime>
                     <Message.Timestamp.GenerationSource.Code>SBRCore</Message.Timestamp.GenerationSource.Code>
                  </MessageTimestamp>
                  <MessageTimestamp>
                     <Message.Timestamp.Generation.Datetime>2018-03-26T05:57:34.220116Z</Message.Timestamp.Generation.Datetime>
                     <Message.Timestamp.GenerationSource.Code>GovernmentAgency</Message.Timestamp.GenerationSource.Code>
                  </MessageTimestamp>
                  <MessageTimestamp>
                     <Message.Timestamp.Generation.Datetime>2018-03-26T05:57:36.1077523Z</Message.Timestamp.Generation.Datetime>
                     <Message.Timestamp.GenerationSource.Code>GovernmentAgency</Message.Timestamp.GenerationSource.Code>
                  </MessageTimestamp>
               </MessageTimestamps>
               <Sender>
                  <IdentificationDetails.IdentifierDesignation.Text>ato.gov.au</IdentificationDetails.IdentifierDesignation.Text>
                  <IdentificationDetails.IdentifierName.Text>AgencyInternetDomainName</IdentificationDetails.IdentifierName.Text>
               </Sender>
               <LodgementReceipt>
                  <Lodgement.Receipt.Identifier>4582632904582</Lodgement.Receipt.Identifier>
                  <Lodgement.Receipt.Datetime>2018-03-26T05:57:34.220116Z</Lodgement.Receipt.Datetime>
               </LodgementReceipt>
               <MessageEvent>
                  <Message.Event.MaximumSeverity.Code>Information</Message.Event.MaximumSeverity.Code>
                  <MessageEventItems>
                     <MessageEventItem>
                        <Message.Event.Item.Error.Code>CMN.ATO.GEN.OK</Message.Event.Item.Error.Code>
                        <Message.Event.Item.Severity.Code>Information</Message.Event.Item.Severity.Code>
                        <Message.Event.Item.Short.Description>Message accepted</Message.Event.Item.Short.Description>
                        <Message.Event.Item.Detailed.Description>Message accepted</Message.Event.Item.Detailed.Description>
                     </MessageEventItem>
                  </MessageEventItems>
               </MessageEvent>
            </StandardBusinessDocumentHeader>
         </StandardBusinessDocumentMessage>
      </tns:ResponseLodgeReport>
   </s:Body>
</s:Envelope>