<s:Envelope xmlns:s="http://www.w3.org/2003/05/soap-envelope">
   <s:Header>
      <s:SbrRouterUrl>http://10.192.36.17:82/WebServices/SBRRouterService/2009/05/SBRRouterService.svc</s:SbrRouterUrl>
   </s:Header>
   <s:Body>
      <tns:ResponsePreLodgeReport xmlns:tns="http://sbr.gov.au/comn/prelodge.02.service" xmlns:bt="http://sbr.gov.au/comn/sbdm.02.data">
         <StandardBusinessDocumentMessage xmlns="http://sbr.gov.au/comn/sbdm.02.data" xmlns:i="http://www.w3.org/2001/XMLSchema-instance">
            <StandardBusinessDocumentHeader>
               <Message.Type.Text>ps.0005.prelodge.response</Message.Type.Text>
               <MessageTimestamps>
                  <MessageTimestamp>
                     <Message.Timestamp.Generation.Datetime>2018-03-26T05:57:24.562Z</Message.Timestamp.Generation.Datetime>
                     <Message.Timestamp.GenerationSource.Code>BusinessEntity</Message.Timestamp.GenerationSource.Code>
                  </MessageTimestamp>
                  <MessageTimestamp>
                     <Message.Timestamp.Generation.Datetime>2018-03-26T05:57:24.151Z</Message.Timestamp.Generation.Datetime>
                     <Message.Timestamp.GenerationSource.Code>SBRCore</Message.Timestamp.GenerationSource.Code>
                  </MessageTimestamp>
                  <MessageTimestamp>
                     <Message.Timestamp.Generation.Datetime>2018-03-26T05:57:24.5323297Z</Message.Timestamp.Generation.Datetime>
                     <Message.Timestamp.GenerationSource.Code>GovernmentAgency</Message.Timestamp.GenerationSource.Code>
                  </MessageTimestamp>
                  <MessageTimestamp>
                     <Message.Timestamp.Generation.Datetime>2018-03-26T05:57:24.5947309Z</Message.Timestamp.Generation.Datetime>
                     <Message.Timestamp.GenerationSource.Code>GovernmentAgency</Message.Timestamp.GenerationSource.Code>
                  </MessageTimestamp>
               </MessageTimestamps>
               <Sender>
                  <IdentificationDetails.IdentifierDesignation.Text>ato.gov.au</IdentificationDetails.IdentifierDesignation.Text>
                  <IdentificationDetails.IdentifierName.Text>AgencyInternetDomainName</IdentificationDetails.IdentifierName.Text>
               </Sender>
               <MessageEvent>
                  <Message.Event.MaximumSeverity.Code>Error</Message.Event.MaximumSeverity.Code>
                  <MessageEventItems>
                     <MessageEventItem>
                        <Message.Event.Item.Error.Code>CMN.ATO.PAYG.000171</Message.Event.Item.Error.Code>
                        <Message.Event.Item.Severity.Code>Error</Message.Event.Item.Severity.Code>
                        <Message.Event.Item.Short.Description>Payee Lump Sum Payment A is greater than zero therefore Payee Lump Sum payment A Type must be provided</Message.Event.Item.Short.Description>
                        <Locations>
                           <Location>
                              <BusinessDocument.Sequence.Number>1</BusinessDocument.Sequence.Number>
                              <Message.Event.Item.Location.Path.Text>/xbrli:xbrl/ps.0005.lodge.req.02.00:Payee/ps.0005.lodge.req.02.00:IndividualNonBusinessWithholdingPaymentDetails/lrla.02.22:Remuneration.UnusedAnnualLongServiceLeavePaymentLumpSumA.Amount</Message.Event.Item.Location.Path.Text>
                           </Location>
                        </Locations>
                     </MessageEventItem>
                  </MessageEventItems>
               </MessageEvent>
            </StandardBusinessDocumentHeader>
         </StandardBusinessDocumentMessage>
      </tns:ResponsePreLodgeReport>
   </s:Body>
</s:Envelope>