<s:Envelope xmlns:s="http://www.w3.org/2003/05/soap-envelope">
   <s:Header>
      <s:SbrRouterUrl>http://10.192.36.17:82/WebServices/SBRRouterService/2009/05/SBRRouterService.svc</s:SbrRouterUrl>
      <s:Header>
         <core:NonRepudiation xmlns:soap="http://www.w3.org/2003/05/soap-envelope" xmlns:core="http://sbr.gov.au/comn/core.02.data">
            <core:Message.NonRepudiationToken.Text>
               <token/>
            </core:Message.NonRepudiationToken.Text>
         </core:NonRepudiation>
      </s:Header>
   </s:Header>
   <s:Body>
      <tns:ResponseLodgeReport xmlns:tns="http://sbr.gov.au/comn/lodge.02.service" xmlns:bt="http://sbr.gov.au/comn/sbdm.02.data">
         <StandardBusinessDocumentMessage xmlns="http://sbr.gov.au/comn/sbdm.02.data" xmlns:i="http://www.w3.org/2001/XMLSchema-instance">
            <StandardBusinessDocumentHeader>
               <Message.Type.Text>ps.0005.lodge.response</Message.Type.Text>
               <MessageTimestamps>
                  <MessageTimestamp>
                     <Message.Timestamp.Generation.Datetime>2018-03-26T05:57:27.295Z</Message.Timestamp.Generation.Datetime>
                     <Message.Timestamp.GenerationSource.Code>BusinessEntity</Message.Timestamp.GenerationSource.Code>
                  </MessageTimestamp>
                  <MessageTimestamp>
                     <Message.Timestamp.Generation.Datetime>2018-03-26T05:57:29.11899Z</Message.Timestamp.Generation.Datetime>
                     <Message.Timestamp.GenerationSource.Code>SBRCore</Message.Timestamp.GenerationSource.Code>
                  </MessageTimestamp>
                  <MessageTimestamp>
                     <Message.Timestamp.Generation.Datetime>2018-03-26T05:57:29.5088254Z</Message.Timestamp.Generation.Datetime>
                     <Message.Timestamp.GenerationSource.Code>GovernmentAgency</Message.Timestamp.GenerationSource.Code>
                  </MessageTimestamp>
                  <MessageTimestamp>
                     <Message.Timestamp.Generation.Datetime>2018-03-26T05:57:29.540026Z</Message.Timestamp.Generation.Datetime>
                     <Message.Timestamp.GenerationSource.Code>GovernmentAgency</Message.Timestamp.GenerationSource.Code>
                  </MessageTimestamp>
               </MessageTimestamps>
               <Sender>
                  <IdentificationDetails.IdentifierDesignation.Text>ato.gov.au</IdentificationDetails.IdentifierDesignation.Text>
                  <IdentificationDetails.IdentifierName.Text>AgencyInternetDomainName</IdentificationDetails.IdentifierName.Text>
               </Sender>
               <MessageEvent>
                  <Message.Event.MaximumSeverity.Code>Error</Message.Event.MaximumSeverity.Code>
                  <MessageEventItems>
                     <MessageEventItem>
                        <Message.Event.Item.Error.Code>CMN.ATO.PAYG.000085</Message.Event.Item.Error.Code>
                        <Message.Event.Item.Severity.Code>Error</Message.Event.Item.Severity.Code>
                        <Message.Event.Item.Short.Description>Payee Surname is mandatory and has not been entered</Message.Event.Item.Short.Description>
                        <Locations>
                           <Location>
                              <BusinessDocument.Sequence.Number>1</BusinessDocument.Sequence.Number>
                              <Message.Event.Item.Location.Path.Text>/xbrli:xbrl/ps.0005.lodge.req.02.00:Payee/prsnstrcnm2.02.00:PersonNameDetails/pyde.02.00:PersonNameDetails.FamilyName.Text</Message.Event.Item.Location.Path.Text>
                           </Location>
                        </Locations>
                     </MessageEventItem>
                  </MessageEventItems>
               </MessageEvent>
            </StandardBusinessDocumentHeader>
         </StandardBusinessDocumentMessage>
      </tns:ResponseLodgeReport>
   </s:Body>
</s:Envelope>