<xbrli:xbrl xmlns:xsi="http://www.w3.org/2001/XMLSchema-instance" xsi:schemaLocation="http://xbrl.org/2006/xbrldi http://www.xbrl.org/2006/xbrldi-2006.xsd" xmlns:ps.0005.lodge.req.02.00="http://sbr.gov.au/rprt/ato/ps/ps.0005.lodge.request.02.00.report" xmlns:xbrldi="http://xbrl.org/2006/xbrldi" xmlns:dtyp.02.18="http://sbr.gov.au/fdtn/sbr.02.18.dtyp" xmlns:dtyp.02.46="http://sbr.gov.au/fdtn/sbr.02.46.dtyp" xmlns:dtyp.02.08="http://sbr.gov.au/fdtn/sbr.02.08.dtyp" xmlns:dtyp.02.48="http://sbr.gov.au/fdtn/sbr.02.48.dtyp" xmlns:tech.01.02="http://sbr.gov.au/fdtn/sbr.01.02.tech" xmlns:pyde.02.01="http://sbr.gov.au/icls/py/pyde/pyde.02.01.data" xmlns:pyde.02.05="http://sbr.gov.au/icls/py/pyde/pyde.02.05.data" xmlns:iso4217="http://www.xbrl.org/2003/iso4217" xmlns:pyin.02.00="http://sbr.gov.au/icls/py/pyin/pyin.02.00.data" xmlns:RprtPyType.02.16="http://sbr.gov.au/dims/RprtPyType.02.16.dims" xmlns:lrla.02.21="http://sbr.gov.au/icls/lr/lrla/lrla.02.21.data" xmlns:period1.02.01="http://sbr.gov.au/comnmdle/comnmdle.perioddetails1.02.01.module" xmlns:bafpr1.02.00="http://sbr.gov.au/icls/baf/bafpr/bafpr1.02.00.data" xmlns:xlink="http://www.w3.org/1999/xlink" xmlns:rvctc2.02.11="http://sbr.gov.au/icls/rvc/rvctc/rvctc2.02.11.data" xmlns:rvctc2.02.03="http://sbr.gov.au/icls/rvc/rvctc/rvctc2.02.03.data" xmlns:pyin.02.28="http://sbr.gov.au/icls/py/pyin/pyin.02.28.data" xmlns:bafpr1.02.24="http://sbr.gov.au/icls/baf/bafpr/bafpr1.02.24.data" xmlns:rvctc2.02.25="http://sbr.gov.au/icls/rvc/rvctc/rvctc2.02.25.data" xmlns:crigi.02.00="http://sbr.gov.au/icls/cri/crigi/crigi.02.00.data" xmlns:ref="http://www.xbrl.org/2006/ref" xmlns:ps.0005.prv.02.00="http://sbr.gov.au/rprt/ato/ps/ps.0005.private.02.00.module" xmlns:rvctc3.02.36="http://sbr.gov.au/icls/rvc/rvctc/rvctc3.02.36.data" xmlns:dtyp.02.13="http://sbr.gov.au/fdtn/sbr.02.13.dtyp" xmlns:gfati.02.00="http://sbr.gov.au/icls/gfa/gfati/gfati.02.00.data" xmlns:dtyp.02.33="http://sbr.gov.au/fdtn/sbr.02.33.dtyp" xmlns:dtyp.02.03="http://sbr.gov.au/fdtn/sbr.02.03.dtyp" xmlns:link="http://www.xbrl.org/2003/linkbase" xmlns:fax1.02.00="http://sbr.gov.au/comnmdle/comnmdle.electroniccontactfacsimile1.02.00.module" xmlns:email1.02.00="http://sbr.gov.au/comnmdle/comnmdle.electroniccontactelectronicmail1.02.00.module" xmlns:dtyp.02.47="http://sbr.gov.au/fdtn/sbr.02.47.dtyp" xmlns:dtyp.02.29="http://sbr.gov.au/fdtn/sbr.02.29.dtyp" xmlns:dtyp.02.49="http://sbr.gov.au/fdtn/sbr.02.49.dtyp" xmlns:pyde.02.00="http://sbr.gov.au/icls/py/pyde/pyde.02.00.data" xmlns:tech.01.03="http://sbr.gov.au/fdtn/sbr.01.03.tech" xmlns:pyde.02.08="http://sbr.gov.au/icls/py/pyde/pyde.02.08.data" xmlns:xbrli="http://www.xbrl.org/2003/instance" xmlns:prsnunstrcnm1.02.01="http://sbr.gov.au/comnmdle/comnmdle.personunstructuredname1.02.01.module" xmlns:lrla.02.00="http://sbr.gov.au/icls/lr/lrla/lrla.02.00.data" xmlns:rvctc2.02.10="http://sbr.gov.au/icls/rvc/rvctc/rvctc2.02.10.data" xmlns:lrla.02.22="http://sbr.gov.au/icls/lr/lrla/lrla.02.22.data" xmlns:rvctc2.02.00="http://sbr.gov.au/icls/rvc/rvctc/rvctc2.02.00.data" xmlns:prsnstrcnm2.02.00="http://sbr.gov.au/comnmdle/comnmdle.personstructuredname2.02.00.module" xmlns:pyin.02.05="http://sbr.gov.au/icls/py/pyin/pyin.02.05.data" xmlns:xbrldt="http://xbrl.org/2005/xbrldt" xmlns:rvctc2.02.02="http://sbr.gov.au/icls/rvc/rvctc/rvctc2.02.02.data" xmlns:orgname1.02.00="http://sbr.gov.au/comnmdle/comnmdle.organisationname1.02.00.module" xmlns:rvctc2.02.12="http://sbr.gov.au/icls/rvc/rvctc/rvctc2.02.12.data" xmlns:dtyp.02.00="http://sbr.gov.au/fdtn/sbr.02.00.dtyp" xmlns:phone1.02.00="http://sbr.gov.au/comnmdle/comnmdle.electroniccontacttelephone1.02.00.module" xmlns:address1.02.02="http://sbr.gov.au/comnmdle/comnmdle.addressdetails1.02.02.module" xmlns:dtyp.02.22="http://sbr.gov.au/fdtn/sbr.02.22.dtyp" xmlns:dtyp.02.04="http://sbr.gov.au/fdtn/sbr.02.04.dtyp" xmlns:pyid.02.00="http://sbr.gov.au/icls/py/pyid/pyid.02.00.data" xmlns:emsup.02.30="http://sbr.gov.au/icls/em/emsup/emsup.02.30.data" xmlns:dtyp.02.16="http://sbr.gov.au/fdtn/sbr.02.16.dtyp" xmlns:emsup.02.02="http://sbr.gov.au/icls/em/emsup/emsup.02.02.data" xmlns:dtyp.02.06="http://sbr.gov.au/fdtn/sbr.02.06.dtyp">
  <link:schemaRef xlink:type="simple" xlink:href="http://sbr.gov.au/taxonomy/sbr_au_reports/ato/ps/ps_0005/ps.0005.lodge.request.02.00.report.xsd"/>
  <xbrli:context id="RP">
		<xbrli:entity>
			<xbrli:identifier scheme="http://www.ato.gov.au/abn">58090000276</xbrli:identifier>
			<xbrli:segment>
				<xbrldi:explicitMember dimension="RprtPyType.02.16:ReportPartyTypeDimension">RprtPyType.02.16:ReportingParty</xbrldi:explicitMember>
			</xbrli:segment>
		</xbrli:entity>
		<xbrli:period>
			<xbrli:startDate>2017-07-01</xbrli:startDate>
			<xbrli:endDate>2018-06-30</xbrli:endDate>
		</xbrli:period>
	</xbrli:context>
	<xbrli:context id="INT">
		<xbrli:entity>
			<xbrli:identifier scheme="http://www.ato.gov.au/abn">51487226281</xbrli:identifier>
			<xbrli:segment>
				<xbrldi:explicitMember dimension="RprtPyType.02.16:ReportPartyTypeDimension">RprtPyType.02.16:Intermediary</xbrldi:explicitMember>
			</xbrli:segment>
		</xbrli:entity>
		<xbrli:period>
			<xbrli:startDate>2017-07-01</xbrli:startDate>
			<xbrli:endDate>2018-06-30</xbrli:endDate>
		</xbrli:period>
	</xbrli:context>
	<xbrli:unit id="U1">
		<xbrli:measure>iso4217:AUD</xbrli:measure>
	</xbrli:unit>
	<xbrli:unit id="U2">
		<xbrli:measure>xbrli:pure</xbrli:measure>
	</xbrli:unit>
	<orgname1.02.00:OrganisationNameDetails>
		<pyde.02.00:OrganisationNameDetails.OrganisationalNameType.Code contextRef="RP">MN</pyde.02.00:OrganisationNameDetails.OrganisationalNameType.Code>
		<pyde.02.00:OrganisationNameDetails.OrganisationalName.Text contextRef="RP">RP OrganisationalNameText</pyde.02.00:OrganisationNameDetails.OrganisationalName.Text>
	</orgname1.02.00:OrganisationNameDetails>
	<orgname1.02.00:OrganisationNameDetails>
		<pyde.02.00:OrganisationNameDetails.OrganisationalNameType.Code contextRef="RP">MTR</pyde.02.00:OrganisationNameDetails.OrganisationalNameType.Code>
		<pyde.02.00:OrganisationNameDetails.OrganisationalName.Text contextRef="RP">RP OrganisationalTradeNameText</pyde.02.00:OrganisationNameDetails.OrganisationalName.Text>
	</orgname1.02.00:OrganisationNameDetails>
	<prsnunstrcnm1.02.01:PersonUnstructuredName>
		<pyde.02.05:PersonUnstructuredName.Usage.Code contextRef="RP">Contact</pyde.02.05:PersonUnstructuredName.Usage.Code>
		<pyde.02.00:PersonUnstructuredName.FullName.Text contextRef="RP">RPPersonUnstructuredNameFullNameText</pyde.02.00:PersonUnstructuredName.FullName.Text>
	</prsnunstrcnm1.02.01:PersonUnstructuredName>
	<phone1.02.00:ElectronicContactTelephone>
		<pyde.02.00:ElectronicContact.Telephone.Usage.Code contextRef="RP">03</pyde.02.00:ElectronicContact.Telephone.Usage.Code>
		<pyde.02.00:ElectronicContact.Telephone.ServiceLine.Code contextRef="RP">02</pyde.02.00:ElectronicContact.Telephone.ServiceLine.Code>
		<pyde.02.00:ElectronicContact.Telephone.Area.Code contextRef="RP">02</pyde.02.00:ElectronicContact.Telephone.Area.Code>
		<pyde.02.00:ElectronicContact.Telephone.Minimal.Number contextRef="RP">12345678</pyde.02.00:ElectronicContact.Telephone.Minimal.Number>
	</phone1.02.00:ElectronicContactTelephone>
	<fax1.02.00:ElectronicContactFacsimile>
		<pyde.02.00:ElectronicContact.Facsimile.Usage.Code contextRef="RP">03</pyde.02.00:ElectronicContact.Facsimile.Usage.Code>
		<pyde.02.00:ElectronicContact.Facsimile.Area.Code contextRef="RP">02</pyde.02.00:ElectronicContact.Facsimile.Area.Code>
		<pyde.02.00:ElectronicContact.Facsimile.Minimal.Number contextRef="RP">61612233</pyde.02.00:ElectronicContact.Facsimile.Minimal.Number>
	</fax1.02.00:ElectronicContactFacsimile>
	<address1.02.02:AddressDetails>
		<pyde.02.00:AddressDetails.OverseasAddress.Indicator contextRef="RP">true</pyde.02.00:AddressDetails.OverseasAddress.Indicator>
		<pyde.02.01:AddressDetails.Usage.Code contextRef="RP">POS</pyde.02.01:AddressDetails.Usage.Code>
		<pyde.02.00:AddressDetails.AttentionTo.Text contextRef="RP">Mr Tugnait</pyde.02.00:AddressDetails.AttentionTo.Text>
		<pyde.02.00:AddressDetails.Line1.Text contextRef="RP">34 Main Road</pyde.02.00:AddressDetails.Line1.Text>
		<pyde.02.00:AddressDetails.LocalityName.Text contextRef="RP">Paramatta</pyde.02.00:AddressDetails.LocalityName.Text>
		<pyde.02.08:AddressDetails.CountryName.Text contextRef="RP">UNITED STATES</pyde.02.08:AddressDetails.CountryName.Text>
		<pyde.02.08:AddressDetails.Country.Code contextRef="RP">us</pyde.02.08:AddressDetails.Country.Code>
	</address1.02.02:AddressDetails>
	<email1.02.00:ElectronicContactElectronicMail>
		<pyde.02.00:ElectronicContact.ElectronicMail.Usage.Code contextRef="RP">03</pyde.02.00:ElectronicContact.ElectronicMail.Usage.Code>
		<pyde.02.00:ElectronicContact.ElectronicMail.Address.Text contextRef="RP">shaju.m@gmail.com</pyde.02.00:ElectronicContact.ElectronicMail.Address.Text>
	</email1.02.00:ElectronicContactElectronicMail>
	<pyde.02.00:OrganisationDetails.OrganisationBranch.Code contextRef="RP">101</pyde.02.00:OrganisationDetails.OrganisationBranch.Code>
	<pyid.02.00:Identifiers.TaxAgentNumber.Identifier contextRef="INT">61135009</pyid.02.00:Identifiers.TaxAgentNumber.Identifier>
	<pyde.02.00:OrganisationDetails.OrganisationBranch.Code contextRef="INT">100</pyde.02.00:OrganisationDetails.OrganisationBranch.Code>
	<orgname1.02.00:OrganisationNameDetails>
		<pyde.02.00:OrganisationNameDetails.OrganisationalNameType.Code contextRef="INT">MN</pyde.02.00:OrganisationNameDetails.OrganisationalNameType.Code>
		<pyde.02.00:OrganisationNameDetails.OrganisationalName.Text contextRef="INT">INT OrganisationalNameText</pyde.02.00:OrganisationNameDetails.OrganisationalName.Text>
	</orgname1.02.00:OrganisationNameDetails>
	<prsnunstrcnm1.02.01:PersonUnstructuredName>
		<pyde.02.05:PersonUnstructuredName.Usage.Code contextRef="INT">Contact</pyde.02.05:PersonUnstructuredName.Usage.Code>
		<pyde.02.00:PersonUnstructuredName.FullName.Text contextRef="INT">INT PersonUnstructuredNameFullNameText</pyde.02.00:PersonUnstructuredName.FullName.Text>
	</prsnunstrcnm1.02.01:PersonUnstructuredName>
	<phone1.02.00:ElectronicContactTelephone>
		<pyde.02.00:ElectronicContact.Telephone.Usage.Code contextRef="INT">03</pyde.02.00:ElectronicContact.Telephone.Usage.Code>
		<pyde.02.00:ElectronicContact.Telephone.ServiceLine.Code contextRef="INT">01</pyde.02.00:ElectronicContact.Telephone.ServiceLine.Code>
		<pyde.02.00:ElectronicContact.Telephone.Area.Code contextRef="INT">02</pyde.02.00:ElectronicContact.Telephone.Area.Code>
		<pyde.02.00:ElectronicContact.Telephone.Minimal.Number contextRef="INT">61616001</pyde.02.00:ElectronicContact.Telephone.Minimal.Number>
	</phone1.02.00:ElectronicContactTelephone>
	<fax1.02.00:ElectronicContactFacsimile>
		<pyde.02.00:ElectronicContact.Facsimile.Usage.Code contextRef="INT">03</pyde.02.00:ElectronicContact.Facsimile.Usage.Code>
		<pyde.02.00:ElectronicContact.Facsimile.Area.Code contextRef="INT">02</pyde.02.00:ElectronicContact.Facsimile.Area.Code>
		<pyde.02.00:ElectronicContact.Facsimile.Minimal.Number contextRef="INT">61612233</pyde.02.00:ElectronicContact.Facsimile.Minimal.Number>
	</fax1.02.00:ElectronicContactFacsimile>
	<address1.02.02:AddressDetails>
		<pyde.02.00:AddressDetails.OverseasAddress.Indicator contextRef="INT">false</pyde.02.00:AddressDetails.OverseasAddress.Indicator>
		<pyde.02.01:AddressDetails.Usage.Code contextRef="INT">BUS</pyde.02.01:AddressDetails.Usage.Code>
		<pyde.02.00:AddressDetails.AttentionTo.Text contextRef="INT">Mr Smith</pyde.02.00:AddressDetails.AttentionTo.Text>
		<pyde.02.00:AddressDetails.Line1.Text contextRef="INT">21 Genge Street</pyde.02.00:AddressDetails.Line1.Text>
		<pyde.02.00:AddressDetails.LocalityName.Text contextRef="INT">Civic</pyde.02.00:AddressDetails.LocalityName.Text>
		<pyde.02.00:AddressDetails.Postcode.Text contextRef="INT">2600</pyde.02.00:AddressDetails.Postcode.Text>
		<pyde.02.00:AddressDetails.StateOrTerritory.Code contextRef="INT">ACT</pyde.02.00:AddressDetails.StateOrTerritory.Code>
		<pyde.02.08:AddressDetails.CountryName.Text contextRef="INT">AUSTRALIA</pyde.02.08:AddressDetails.CountryName.Text>
	</address1.02.02:AddressDetails>
	<address1.02.02:AddressDetails>
		<pyde.02.00:AddressDetails.OverseasAddress.Indicator contextRef="INT">false</pyde.02.00:AddressDetails.OverseasAddress.Indicator>
		<pyde.02.01:AddressDetails.Usage.Code contextRef="INT">POS</pyde.02.01:AddressDetails.Usage.Code>
		<pyde.02.00:AddressDetails.AttentionTo.Text contextRef="INT">Mr Machumpurath</pyde.02.00:AddressDetails.AttentionTo.Text>
		<pyde.02.00:AddressDetails.Line1.Text contextRef="INT">6 Mainwaring Rich Cct</pyde.02.00:AddressDetails.Line1.Text>
		<pyde.02.00:AddressDetails.LocalityName.Text contextRef="INT">Palmerston</pyde.02.00:AddressDetails.LocalityName.Text>
		<pyde.02.00:AddressDetails.Postcode.Text contextRef="INT">2913</pyde.02.00:AddressDetails.Postcode.Text>
		<pyde.02.00:AddressDetails.StateOrTerritory.Code contextRef="INT">ACT</pyde.02.00:AddressDetails.StateOrTerritory.Code>
		<pyde.02.08:AddressDetails.CountryName.Text contextRef="INT">AUSTRALIA</pyde.02.08:AddressDetails.CountryName.Text>
	</address1.02.02:AddressDetails>
	<email1.02.00:ElectronicContactElectronicMail>
		<pyde.02.00:ElectronicContact.ElectronicMail.Usage.Code contextRef="INT">03</pyde.02.00:ElectronicContact.ElectronicMail.Usage.Code>
		<pyde.02.00:ElectronicContact.ElectronicMail.Address.Text contextRef="INT">email@support.com.au</pyde.02.00:ElectronicContact.ElectronicMail.Address.Text>
	</email1.02.00:ElectronicContactElectronicMail>
	<ps.0005.lodge.req.02.00:Payee>
		<pyid.02.00:Identifiers.TaxFileNumber.Identifier contextRef="RP">32989432</pyid.02.00:Identifiers.TaxFileNumber.Identifier>
		<pyid.02.00:IdentificationExemptionDetails.TFNExemptionType.Code contextRef="RP">0</pyid.02.00:IdentificationExemptionDetails.TFNExemptionType.Code>
		<pyid.02.00:Identifiers.AustralianBusinessNumber.Identifier contextRef="RP">76089884284</pyid.02.00:Identifiers.AustralianBusinessNumber.Identifier>
		<pyde.02.00:PersonDemographicDetails.Birth.Date contextRef="RP">1978-09-28</pyde.02.00:PersonDemographicDetails.Birth.Date>
		<prsnstrcnm2.02.00:PersonNameDetails>
			<pyde.02.00:PersonNameDetails.PersonNameType.Code contextRef="RP">LGL</pyde.02.00:PersonNameDetails.PersonNameType.Code>
			<pyde.02.00:PersonNameDetails.Currency.Code contextRef="RP">C</pyde.02.00:PersonNameDetails.Currency.Code>
			<pyde.02.00:PersonNameDetails.FamilyName.Text contextRef="RP">Payee1 FamilyName</pyde.02.00:PersonNameDetails.FamilyName.Text>
			<pyde.02.00:PersonNameDetails.GivenName.Text contextRef="RP">Payee1 GivenName</pyde.02.00:PersonNameDetails.GivenName.Text>
			<pyde.02.00:PersonNameDetails.OtherGivenName.Text contextRef="RP">Payee1 OtherGivenName</pyde.02.00:PersonNameDetails.OtherGivenName.Text>
		</prsnstrcnm2.02.00:PersonNameDetails>
		<address1.02.02:AddressDetails>
			<pyde.02.00:AddressDetails.OverseasAddress.Indicator contextRef="RP">false</pyde.02.00:AddressDetails.OverseasAddress.Indicator>
			<pyde.02.01:AddressDetails.Usage.Code contextRef="RP">RES</pyde.02.01:AddressDetails.Usage.Code>
			<pyde.02.00:AddressDetails.AttentionTo.Text contextRef="RP">Mr Young</pyde.02.00:AddressDetails.AttentionTo.Text>
			<pyde.02.00:AddressDetails.Line1.Text contextRef="RP">Payee1 Addr1</pyde.02.00:AddressDetails.Line1.Text>
			<pyde.02.00:AddressDetails.LocalityName.Text contextRef="RP">Payee1 Locality</pyde.02.00:AddressDetails.LocalityName.Text>
			<pyde.02.00:AddressDetails.Postcode.Text contextRef="RP">2601</pyde.02.00:AddressDetails.Postcode.Text>
			<pyde.02.00:AddressDetails.StateOrTerritory.Code contextRef="RP">ACT</pyde.02.00:AddressDetails.StateOrTerritory.Code>
			<pyde.02.08:AddressDetails.CountryName.Text contextRef="RP">AUSTRALIA</pyde.02.08:AddressDetails.CountryName.Text>
		</address1.02.02:AddressDetails>
		<ps.0005.lodge.req.02.00:IndividualNonBusinessWithholdingPaymentDetails>
			<lrla.02.21:Remuneration.WithholdingPaymentIncomeType.Code contextRef="RP">006</lrla.02.21:Remuneration.WithholdingPaymentIncomeType.Code>
			<period1.02.01:PeriodDetails>
				<pyin.02.05:Period.Type.Code contextRef="RP">Payment</pyin.02.05:Period.Type.Code>
				<pyin.02.00:Period.Start.Date contextRef="RP">2017-09-01</pyin.02.00:Period.Start.Date>
				<pyin.02.00:Period.End.Date contextRef="RP">2018-06-30</pyin.02.00:Period.End.Date>
			</period1.02.01:PeriodDetails>
			<rvctc2.02.12:IncomeTax.PayAsYouGoWithholding.TaxWithheld.Amount decimals="0" contextRef="RP" unitRef="U1">12672</rvctc2.02.12:IncomeTax.PayAsYouGoWithholding.TaxWithheld.Amount>
			<lrla.02.22:Remuneration.IndividualNonBusinessGross.Amount decimals="0" contextRef="RP" unitRef="U1">46844</lrla.02.22:Remuneration.IndividualNonBusinessGross.Amount>
			<lrla.02.21:Remuneration.IndividualNonBusinessEmploymentAllowances.Amount decimals="0" contextRef="RP" unitRef="U1">1006</lrla.02.21:Remuneration.IndividualNonBusinessEmploymentAllowances.Amount>
      <lrla.02.22:Remuneration.UnusedAnnualLongServiceLeavePaymentLumpSumA.Amount decimals="0" contextRef="RP" unitRef="U1">10</lrla.02.22:Remuneration.UnusedAnnualLongServiceLeavePaymentLumpSumA.Amount>
			<lrla.02.00:Remuneration.UnusedAnnualOrLongServiceLeavePaymentLumpSumA.Code contextRef="RP">R</lrla.02.00:Remuneration.UnusedAnnualOrLongServiceLeavePaymentLumpSumA.Code>
      <lrla.02.22:Remuneration.UnusedAnnualLongServiceLeavePaymentLumpSumB.Amount decimals="0" contextRef="RP" unitRef="U1">0</lrla.02.22:Remuneration.UnusedAnnualLongServiceLeavePaymentLumpSumB.Amount>
      <lrla.02.22:Remuneration.UnusedAnnualLongServiceLeavePaymentLumpSumD.Amount decimals="0" contextRef="RP" unitRef="U1">0</lrla.02.22:Remuneration.UnusedAnnualLongServiceLeavePaymentLumpSumD.Amount>
			<bafpr1.02.24:Income.BackPaymentLumpSumE.Amount decimals="0" contextRef="RP" unitRef="U1">0</bafpr1.02.24:Income.BackPaymentLumpSumE.Amount>
			<lrla.02.22:Remuneration.IndividualNonBusinessCommunityDevelopmentEmploymentProject.Amount decimals="0" contextRef="RP" unitRef="U1">0</lrla.02.22:Remuneration.IndividualNonBusinessCommunityDevelopmentEmploymentProject.Amount>
			<emsup.02.02:SuperannuationContribution.EmployerContributions.Amount decimals="0" contextRef="RP" unitRef="U1">0</emsup.02.02:SuperannuationContribution.EmployerContributions.Amount>
			<lrla.02.00:Remuneration.FringeBenefits.Reportable.Amount decimals="0" contextRef="RP" unitRef="U1">10</lrla.02.00:Remuneration.FringeBenefits.Reportable.Amount>
			<rvctc3.02.36:FringeBenefitsTax.Exemption.Indicator contextRef="RP">false</rvctc3.02.36:FringeBenefitsTax.Exemption.Indicator>
			<bafpr1.02.00:Expense.WorkplaceGiving.Amount decimals="0" contextRef="RP" unitRef="U1">0</bafpr1.02.00:Expense.WorkplaceGiving.Amount>
			<bafpr1.02.00:Expense.UnionOrProfessionalAssociationFee.Amount decimals="0" contextRef="RP" unitRef="U1">0</bafpr1.02.00:Expense.UnionOrProfessionalAssociationFee.Amount>
			<lrla.02.22:Remuneration.IndividualNonBusinessExemptForeignEmploymentIncome.Amount decimals="0" contextRef="RP" unitRef="U1">0</lrla.02.22:Remuneration.IndividualNonBusinessExemptForeignEmploymentIncome.Amount>
			<rvctc2.02.03:IncomeTax.Deduction.PensionOrAnnuityPurchasePriceUndeducted.Amount decimals="0" contextRef="RP" unitRef="U1">0</rvctc2.02.03:IncomeTax.Deduction.PensionOrAnnuityPurchasePriceUndeducted.Amount>
			<pyin.02.28:Report.Amendment.Indicator contextRef="RP">false</pyin.02.28:Report.Amendment.Indicator>
		</ps.0005.lodge.req.02.00:IndividualNonBusinessWithholdingPaymentDetails>
	</ps.0005.lodge.req.02.00:Payee>
	<ps.0005.lodge.req.02.00:Payee>
		<pyid.02.00:Identifiers.TaxFileNumber.Identifier contextRef="RP">32989432</pyid.02.00:Identifiers.TaxFileNumber.Identifier>
		<pyid.02.00:IdentificationExemptionDetails.TFNExemptionType.Code contextRef="RP">1</pyid.02.00:IdentificationExemptionDetails.TFNExemptionType.Code>
		<pyid.02.00:Identifiers.AustralianBusinessNumber.Identifier contextRef="RP">78330347529</pyid.02.00:Identifiers.AustralianBusinessNumber.Identifier>
		<pyde.02.00:PersonDemographicDetails.Birth.Date contextRef="RP">1990-06-06</pyde.02.00:PersonDemographicDetails.Birth.Date>
		<prsnstrcnm2.02.00:PersonNameDetails>
			<pyde.02.00:PersonNameDetails.PersonNameType.Code contextRef="RP">LGL</pyde.02.00:PersonNameDetails.PersonNameType.Code>
			<pyde.02.00:PersonNameDetails.Currency.Code contextRef="RP">C</pyde.02.00:PersonNameDetails.Currency.Code>
			<pyde.02.00:PersonNameDetails.FamilyName.Text contextRef="RP">Payee2 FamilyName</pyde.02.00:PersonNameDetails.FamilyName.Text>
			<pyde.02.00:PersonNameDetails.GivenName.Text contextRef="RP">Payee2 GivenName</pyde.02.00:PersonNameDetails.GivenName.Text>
			<pyde.02.00:PersonNameDetails.OtherGivenName.Text contextRef="RP">Payee2 OtherGivenName</pyde.02.00:PersonNameDetails.OtherGivenName.Text>
		</prsnstrcnm2.02.00:PersonNameDetails>
		<address1.02.02:AddressDetails>
			<pyde.02.00:AddressDetails.OverseasAddress.Indicator contextRef="RP">false</pyde.02.00:AddressDetails.OverseasAddress.Indicator>
			<pyde.02.01:AddressDetails.Usage.Code contextRef="RP">RES</pyde.02.01:AddressDetails.Usage.Code>
			<pyde.02.00:AddressDetails.Line1.Text contextRef="RP">Payee2 Addr1</pyde.02.00:AddressDetails.Line1.Text>
			<pyde.02.00:AddressDetails.Line2.Text contextRef="RP">Payee2 Addr2</pyde.02.00:AddressDetails.Line2.Text>
			<pyde.02.00:AddressDetails.LocalityName.Text contextRef="RP">Payee2 Locality</pyde.02.00:AddressDetails.LocalityName.Text>
			<pyde.02.00:AddressDetails.Postcode.Text contextRef="RP">2602</pyde.02.00:AddressDetails.Postcode.Text>
			<pyde.02.00:AddressDetails.StateOrTerritory.Code contextRef="RP">NSW</pyde.02.00:AddressDetails.StateOrTerritory.Code>
		</address1.02.02:AddressDetails>
		<ps.0005.lodge.req.02.00:SuperannuationIncomeStreamWithholdingPaymentDetails>
			<period1.02.01:PeriodDetails>
				<pyin.02.05:Period.Type.Code contextRef="RP">Payment</pyin.02.05:Period.Type.Code>
				<pyin.02.00:Period.Start.Date contextRef="RP">2017-09-01</pyin.02.00:Period.Start.Date>
				<pyin.02.00:Period.End.Date contextRef="RP">2018-06-30</pyin.02.00:Period.End.Date>
			</period1.02.01:PeriodDetails>
      <emsup.02.30:SuperannuationBenefit.ReversionaryBenefitDeceasedOver60.Indicator contextRef="RP">true</emsup.02.30:SuperannuationBenefit.ReversionaryBenefitDeceasedOver60.Indicator>
			<rvctc2.02.12:IncomeTax.PayAsYouGoWithholding.TaxWithheld.Amount decimals="0" contextRef="RP" unitRef="U1">35700</rvctc2.02.12:IncomeTax.PayAsYouGoWithholding.TaxWithheld.Amount>
			<rvctc2.02.00:IncomeTax.Superannuation.TaxableComponentTaxedElement.Amount decimals="0" contextRef="RP" unitRef="U1">58000</rvctc2.02.00:IncomeTax.Superannuation.TaxableComponentTaxedElement.Amount>
			<rvctc2.02.00:IncomeTax.Superannuation.TaxableComponentUntaxedElement.Amount decimals="0" contextRef="RP" unitRef="U1">25090</rvctc2.02.00:IncomeTax.Superannuation.TaxableComponentUntaxedElement.Amount>
			<rvctc2.02.10:IncomeTax.Superannuation.TaxFreeComponent.Amount decimals="0" contextRef="RP" unitRef="U1">15000</rvctc2.02.10:IncomeTax.Superannuation.TaxFreeComponent.Amount>
			<!--<gfati.02.00:TaxOffsetClaim.SuperannuationIncomeStream.Amount decimals="0" contextRef="RP" unitRef="U1">7000</gfati.02.00:TaxOffsetClaim.SuperannuationIncomeStream.Amount>-->
      <gfati.02.00:TaxOffsetClaim.SuperannuationIncomeStream.Amount contextRef="RP" unitRef="U1" xsi:nil="true"/>
      <pyin.02.28:Report.Amendment.Indicator contextRef="RP">false</pyin.02.28:Report.Amendment.Indicator>
			<ps.0005.lodge.req.02.00:LumpSumInArrears>
				<rvctc2.02.00:IncomeTax.Superannuation.TaxableComponentTaxedElement.Amount decimals="0" contextRef="RP" unitRef="U1">1500</rvctc2.02.00:IncomeTax.Superannuation.TaxableComponentTaxedElement.Amount>
				<rvctc2.02.00:IncomeTax.Superannuation.TaxableComponentUntaxedElement.Amount decimals="0" contextRef="RP" unitRef="U1">400</rvctc2.02.00:IncomeTax.Superannuation.TaxableComponentUntaxedElement.Amount>
				<rvctc2.02.10:IncomeTax.Superannuation.TaxFreeComponent.Amount decimals="0" contextRef="RP" unitRef="U1">1100</rvctc2.02.10:IncomeTax.Superannuation.TaxFreeComponent.Amount>
			</ps.0005.lodge.req.02.00:LumpSumInArrears>
		</ps.0005.lodge.req.02.00:SuperannuationIncomeStreamWithholdingPaymentDetails>
	</ps.0005.lodge.req.02.00:Payee>
	<ps.0005.lodge.req.02.00:Payee>
		<pyid.02.00:Identifiers.TaxFileNumber.Identifier contextRef="RP">987654321</pyid.02.00:Identifiers.TaxFileNumber.Identifier>
		<pyid.02.00:IdentificationExemptionDetails.TFNExemptionType.Code contextRef="RP">1</pyid.02.00:IdentificationExemptionDetails.TFNExemptionType.Code>
		<pyid.02.00:Identifiers.AustralianBusinessNumber.Identifier contextRef="RP">23652369854</pyid.02.00:Identifiers.AustralianBusinessNumber.Identifier>
		<pyde.02.00:PersonDemographicDetails.Birth.Date contextRef="RP">1990-06-06</pyde.02.00:PersonDemographicDetails.Birth.Date>
		<prsnstrcnm2.02.00:PersonNameDetails>
			<pyde.02.00:PersonNameDetails.PersonNameType.Code contextRef="RP">LGL</pyde.02.00:PersonNameDetails.PersonNameType.Code>
			<pyde.02.00:PersonNameDetails.Currency.Code contextRef="RP">C</pyde.02.00:PersonNameDetails.Currency.Code>
			<pyde.02.00:PersonNameDetails.FamilyName.Text contextRef="RP">Payee3 FamilyName</pyde.02.00:PersonNameDetails.FamilyName.Text>
			<pyde.02.00:PersonNameDetails.GivenName.Text contextRef="RP">Payee3 GivenName</pyde.02.00:PersonNameDetails.GivenName.Text>
			<pyde.02.00:PersonNameDetails.OtherGivenName.Text contextRef="RP">Payee3 OtherGivenName</pyde.02.00:PersonNameDetails.OtherGivenName.Text>
		</prsnstrcnm2.02.00:PersonNameDetails>
		<address1.02.02:AddressDetails>
			<pyde.02.00:AddressDetails.OverseasAddress.Indicator contextRef="RP">false</pyde.02.00:AddressDetails.OverseasAddress.Indicator>
			<pyde.02.01:AddressDetails.Usage.Code contextRef="RP">RES</pyde.02.01:AddressDetails.Usage.Code>
			<pyde.02.00:AddressDetails.Line1.Text contextRef="RP">Payee3 Addr1</pyde.02.00:AddressDetails.Line1.Text>
			<pyde.02.00:AddressDetails.Line2.Text contextRef="RP">Payee3 Addr2</pyde.02.00:AddressDetails.Line2.Text>
			<pyde.02.00:AddressDetails.LocalityName.Text contextRef="RP">Payee3 Locality</pyde.02.00:AddressDetails.LocalityName.Text>
			<pyde.02.00:AddressDetails.Postcode.Text contextRef="RP">2603</pyde.02.00:AddressDetails.Postcode.Text>
			<pyde.02.00:AddressDetails.StateOrTerritory.Code contextRef="RP">VIC</pyde.02.00:AddressDetails.StateOrTerritory.Code>
		</address1.02.02:AddressDetails>
		<ps.0005.lodge.req.02.00:BusinessAndPersonalServicesIncomeWithholdingPaymentDetails>
			<lrla.02.21:Remuneration.WithholdingPaymentIncomeType.Code contextRef="RP">001</lrla.02.21:Remuneration.WithholdingPaymentIncomeType.Code>
			<period1.02.01:PeriodDetails>
				<pyin.02.05:Period.Type.Code contextRef="RP">Payment</pyin.02.05:Period.Type.Code>
				<pyin.02.00:Period.Start.Date contextRef="RP">2017-09-01</pyin.02.00:Period.Start.Date>
				<pyin.02.00:Period.End.Date contextRef="RP">2018-06-30</pyin.02.00:Period.End.Date>
			</period1.02.01:PeriodDetails>
			<rvctc2.02.12:IncomeTax.PayAsYouGoWithholding.TaxWithheld.Amount decimals="0" contextRef="RP" unitRef="U1">25000</rvctc2.02.12:IncomeTax.PayAsYouGoWithholding.TaxWithheld.Amount>
			<lrla.02.22:Remuneration.LabourHireArrangementPaymentGross.Amount decimals="0" contextRef="RP" unitRef="U1">65000</lrla.02.22:Remuneration.LabourHireArrangementPaymentGross.Amount>
      <lrla.02.22:Remuneration.SpecifiedPaymentsGross.Amount decimals="0" contextRef="RP" unitRef="U1">33000</lrla.02.22:Remuneration.SpecifiedPaymentsGross.Amount>
			<lrla.02.00:Remuneration.PersonalServicesIncome.AlienatedAttributedGross.Amount decimals="0" contextRef="RP" unitRef="U1">75000</lrla.02.00:Remuneration.PersonalServicesIncome.AlienatedAttributedGross.Amount>
			<lrla.02.22:Remuneration.VoluntaryAgreementGross.Amount decimals="0" contextRef="RP" unitRef="U1">15000</lrla.02.22:Remuneration.VoluntaryAgreementGross.Amount>
			<emsup.02.02:SuperannuationContribution.EmployerContributions.Amount decimals="0" contextRef="RP" unitRef="U1">6540</emsup.02.02:SuperannuationContribution.EmployerContributions.Amount>
			<pyin.02.28:Report.Amendment.Indicator contextRef="RP">false</pyin.02.28:Report.Amendment.Indicator>
		</ps.0005.lodge.req.02.00:BusinessAndPersonalServicesIncomeWithholdingPaymentDetails>
	</ps.0005.lodge.req.02.00:Payee>
	<ps.0005.lodge.req.02.00:Payee>
		<pyid.02.00:Identifiers.TaxFileNumber.Identifier contextRef="RP">987654321</pyid.02.00:Identifiers.TaxFileNumber.Identifier>
		<pyid.02.00:IdentificationExemptionDetails.TFNExemptionType.Code contextRef="RP">1</pyid.02.00:IdentificationExemptionDetails.TFNExemptionType.Code>
		<pyid.02.00:Identifiers.AustralianBusinessNumber.Identifier contextRef="RP">23652369854</pyid.02.00:Identifiers.AustralianBusinessNumber.Identifier>
		<pyde.02.00:PersonDemographicDetails.Birth.Date contextRef="RP">1990-06-06</pyde.02.00:PersonDemographicDetails.Birth.Date>
		<prsnstrcnm2.02.00:PersonNameDetails>
			<pyde.02.00:PersonNameDetails.PersonNameType.Code contextRef="RP">LGL</pyde.02.00:PersonNameDetails.PersonNameType.Code>
			<pyde.02.00:PersonNameDetails.Currency.Code contextRef="RP">C</pyde.02.00:PersonNameDetails.Currency.Code>
			<pyde.02.00:PersonNameDetails.FamilyName.Text contextRef="RP">Payee4 FamilyName</pyde.02.00:PersonNameDetails.FamilyName.Text>
			<pyde.02.00:PersonNameDetails.GivenName.Text contextRef="RP">Payee4 GivenName</pyde.02.00:PersonNameDetails.GivenName.Text>
			<pyde.02.00:PersonNameDetails.OtherGivenName.Text contextRef="RP">Payee4 OtherGivenName</pyde.02.00:PersonNameDetails.OtherGivenName.Text>
		</prsnstrcnm2.02.00:PersonNameDetails>
		<address1.02.02:AddressDetails>
			<pyde.02.00:AddressDetails.OverseasAddress.Indicator contextRef="RP">false</pyde.02.00:AddressDetails.OverseasAddress.Indicator>
			<pyde.02.01:AddressDetails.Usage.Code contextRef="RP">RES</pyde.02.01:AddressDetails.Usage.Code>
			<pyde.02.00:AddressDetails.Line1.Text contextRef="RP">Payee4 Addr1</pyde.02.00:AddressDetails.Line1.Text>
			<pyde.02.00:AddressDetails.Line2.Text contextRef="RP">Payee4 Addr2</pyde.02.00:AddressDetails.Line2.Text>
			<pyde.02.00:AddressDetails.LocalityName.Text contextRef="RP">Payee4 Locality</pyde.02.00:AddressDetails.LocalityName.Text>
			<pyde.02.00:AddressDetails.Postcode.Text contextRef="RP">2604</pyde.02.00:AddressDetails.Postcode.Text>
			<pyde.02.00:AddressDetails.StateOrTerritory.Code contextRef="RP">NT</pyde.02.00:AddressDetails.StateOrTerritory.Code>
		</address1.02.02:AddressDetails>
		<ps.0005.lodge.req.02.00:EmploymentTerminationPaymentDetails>
			<pyin.02.00:PaymentRecord.PaymentEffective.Date contextRef="RP">2010-06-30</pyin.02.00:PaymentRecord.PaymentEffective.Date>
			<rvctc2.02.12:IncomeTax.PayAsYouGoWithholding.TaxWithheld.Amount decimals="0" contextRef="RP" unitRef="U1">0</rvctc2.02.12:IncomeTax.PayAsYouGoWithholding.TaxWithheld.Amount>
			<rvctc2.02.25:IncomeTax.Superannuation.EmploymentTerminationTaxableComponentTotal.Amount decimals="0" contextRef="RP" unitRef="U1">3000</rvctc2.02.25:IncomeTax.Superannuation.EmploymentTerminationTaxableComponentTotal.Amount>
			<rvctc2.02.10:IncomeTax.Superannuation.TaxFreeComponent.Amount decimals="0" contextRef="RP" unitRef="U1">160</rvctc2.02.10:IncomeTax.Superannuation.TaxFreeComponent.Amount>
			<rvctc2.02.11:IncomeTax.PayAsYouGoWithholding.EmploymentTerminationPaymentType.Code contextRef="RP">S</rvctc2.02.11:IncomeTax.PayAsYouGoWithholding.EmploymentTerminationPaymentType.Code>
			<pyin.02.28:Report.Amendment.Indicator contextRef="RP">false</pyin.02.28:Report.Amendment.Indicator>
		</ps.0005.lodge.req.02.00:EmploymentTerminationPaymentDetails>
	</ps.0005.lodge.req.02.00:Payee>
	<ps.0005.lodge.req.02.00:Payee>
		<pyid.02.00:Identifiers.TaxFileNumber.Identifier contextRef="RP">32989432</pyid.02.00:Identifiers.TaxFileNumber.Identifier>
		<pyid.02.00:IdentificationExemptionDetails.TFNExemptionType.Code contextRef="RP">1</pyid.02.00:IdentificationExemptionDetails.TFNExemptionType.Code>
		<pyid.02.00:Identifiers.AustralianBusinessNumber.Identifier contextRef="RP">78330347529</pyid.02.00:Identifiers.AustralianBusinessNumber.Identifier>
		<pyde.02.00:PersonDemographicDetails.Birth.Date contextRef="RP">1990-06-06</pyde.02.00:PersonDemographicDetails.Birth.Date>
		<prsnstrcnm2.02.00:PersonNameDetails>
			<pyde.02.00:PersonNameDetails.PersonNameType.Code contextRef="RP">LGL</pyde.02.00:PersonNameDetails.PersonNameType.Code>
			<pyde.02.00:PersonNameDetails.Currency.Code contextRef="RP">C</pyde.02.00:PersonNameDetails.Currency.Code>
			<pyde.02.00:PersonNameDetails.FamilyName.Text contextRef="RP">Payee5 FamilyName</pyde.02.00:PersonNameDetails.FamilyName.Text>
			<pyde.02.00:PersonNameDetails.GivenName.Text contextRef="RP">Payee5 GivenName</pyde.02.00:PersonNameDetails.GivenName.Text>
			<pyde.02.00:PersonNameDetails.OtherGivenName.Text contextRef="RP">Payee5 OtherGivenName</pyde.02.00:PersonNameDetails.OtherGivenName.Text>
		</prsnstrcnm2.02.00:PersonNameDetails>
		<address1.02.02:AddressDetails>
			<pyde.02.00:AddressDetails.OverseasAddress.Indicator contextRef="RP">false</pyde.02.00:AddressDetails.OverseasAddress.Indicator>
			<pyde.02.01:AddressDetails.Usage.Code contextRef="RP">RES</pyde.02.01:AddressDetails.Usage.Code>
			<pyde.02.00:AddressDetails.Line1.Text contextRef="RP">Payee5 Addr1</pyde.02.00:AddressDetails.Line1.Text>
			<pyde.02.00:AddressDetails.Line2.Text contextRef="RP">Payee5 Addr2</pyde.02.00:AddressDetails.Line2.Text>
			<pyde.02.00:AddressDetails.LocalityName.Text contextRef="RP">Payee5 Locality</pyde.02.00:AddressDetails.LocalityName.Text>
			<pyde.02.00:AddressDetails.Postcode.Text contextRef="RP">2605</pyde.02.00:AddressDetails.Postcode.Text>
			<pyde.02.00:AddressDetails.StateOrTerritory.Code contextRef="RP">QLD</pyde.02.00:AddressDetails.StateOrTerritory.Code>
		</address1.02.02:AddressDetails>
		<ps.0005.lodge.req.02.00:SuperannuationLumpSumWithholdingPaymentDetails>
			<pyin.02.00:PaymentRecord.PaymentEffective.Date contextRef="RP">2002-08-25</pyin.02.00:PaymentRecord.PaymentEffective.Date>
			<rvctc2.02.12:IncomeTax.PayAsYouGoWithholding.TaxWithheld.Amount decimals="0" contextRef="RP" unitRef="U1">250</rvctc2.02.12:IncomeTax.PayAsYouGoWithholding.TaxWithheld.Amount>
			<rvctc2.02.00:IncomeTax.Superannuation.TaxableComponentTaxedElement.Amount decimals="0" contextRef="RP" unitRef="U1">1557</rvctc2.02.00:IncomeTax.Superannuation.TaxableComponentTaxedElement.Amount>
			<rvctc2.02.00:IncomeTax.Superannuation.TaxableComponentUntaxedElement.Amount decimals="0" contextRef="RP" unitRef="U1">1394</rvctc2.02.00:IncomeTax.Superannuation.TaxableComponentUntaxedElement.Amount>
			<rvctc2.02.10:IncomeTax.Superannuation.TaxFreeComponent.Amount decimals="0" contextRef="RP" unitRef="U1">1563</rvctc2.02.10:IncomeTax.Superannuation.TaxFreeComponent.Amount>
			<crigi.02.00:InsuranceBenefits.DeathBenefit.Indicator contextRef="RP">true</crigi.02.00:InsuranceBenefits.DeathBenefit.Indicator>
			<crigi.02.00:InsuranceBenefits.BeneficiaryType.Code contextRef="RP">O</crigi.02.00:InsuranceBenefits.BeneficiaryType.Code>
			<pyin.02.28:Report.Amendment.Indicator contextRef="RP">false</pyin.02.28:Report.Amendment.Indicator>
		</ps.0005.lodge.req.02.00:SuperannuationLumpSumWithholdingPaymentDetails>
	</ps.0005.lodge.req.02.00:Payee>
</xbrli:xbrl> 