<xbrli:xbrl xmlns:xsi="http://www.w3.org/2001/XMLSchema-instance" xsi:schemaLocation="http://xbrl.org/2006/xbrldi http://www.xbrl.org/2006/xbrldi-2006.xsd" xmlns:tns="http://www.sbr.gov.au/ato/cgts" xmlns:link="http://www.xbrl.org/2003/linkbase" xmlns:iso4217="http://www.xbrl.org/2003/iso4217" xmlns:xbrldi="http://xbrl.org/2006/xbrldi" xmlns:xbrli="http://www.xbrl.org/2003/instance" xmlns:xbrldt="http://xbrl.org/2005/xbrldt" xmlns:xlink="http://www.w3.org/1999/xlink">
  <link:schemaRef xlink:type="simple" xlink:href="http://sbr.gov.au/taxonomy/sbr_au_reports/ato/cgts/cgts_0006/ato.cgts.0006.2018.01.00.report.xsd" />
  <xbrli:context id="RP">
    <xbrli:entity>
      <xbrli:identifier scheme="http://www.ato.gov.au/tfn">220114653</xbrli:identifier>
      <xbrli:segment>
        <xbrldi:explicitMember dimension="tns:ReportPartyTypeDimension">tns:ReportingParty</xbrldi:explicitMember>
      </xbrli:segment>
    </xbrli:entity>
    <xbrli:period>
      <xbrli:startDate>2023-07-01</xbrli:startDate>
      <xbrli:endDate>2024-06-30</xbrli:endDate>
    </xbrli:period>
  </xbrli:context>
  <xbrli:context id="RP.EarnoutArrangementGroupNumber_1">
    <xbrli:entity>
      <xbrli:identifier scheme="http://www.ato.gov.au/tfn">220114653</xbrli:identifier>
      <xbrli:segment>
        <xbrldi:explicitMember dimension="tns:ReportPartyTypeDimension">tns:ReportingParty</xbrldi:explicitMember>
        <xbrldi:typedMember dimension="tns:EarnoutArrangementGroupItemDimension">
          <tns:EarnoutArrangementGroupItemContainer>1</tns:EarnoutArrangementGroupItemContainer>
        </xbrldi:typedMember>
      </xbrli:segment>
    </xbrli:entity>
    <xbrli:period>
      <xbrli:startDate>2023-07-01</xbrli:startDate>
      <xbrli:endDate>2024-06-30</xbrli:endDate>
    </xbrli:period>
  </xbrli:context>
  <xbrli:context id="RP.EarnoutArrangementGroupNumber_2">
    <xbrli:entity>
      <xbrli:identifier scheme="http://www.ato.gov.au/tfn">220114653</xbrli:identifier>
      <xbrli:segment>
        <xbrldi:explicitMember dimension="tns:ReportPartyTypeDimension">tns:ReportingParty</xbrldi:explicitMember>
        <xbrldi:typedMember dimension="tns:EarnoutArrangementGroupItemDimension">
          <tns:EarnoutArrangementGroupItemContainer>2</tns:EarnoutArrangementGroupItemContainer>
        </xbrldi:typedMember>
      </xbrli:segment>
    </xbrli:entity>
    <xbrli:period>
      <xbrli:startDate>2023-07-01</xbrli:startDate>
      <xbrli:endDate>2024-06-30</xbrli:endDate>
    </xbrli:period>
  </xbrli:context>
  <xbrli:context id="RP.EarnoutArrangementGroupNumber_3">
    <xbrli:entity>
      <xbrli:identifier scheme="http://www.ato.gov.au/tfn">220114653</xbrli:identifier>
      <xbrli:segment>
        <xbrldi:explicitMember dimension="tns:ReportPartyTypeDimension">tns:ReportingParty</xbrldi:explicitMember>
        <xbrldi:typedMember dimension="tns:EarnoutArrangementGroupItemDimension">
          <tns:EarnoutArrangementGroupItemContainer>3</tns:EarnoutArrangementGroupItemContainer>
        </xbrldi:typedMember>
      </xbrli:segment>
    </xbrli:entity>
    <xbrli:period>
      <xbrli:startDate>2023-07-01</xbrli:startDate>
      <xbrli:endDate>2024-06-30</xbrli:endDate>
    </xbrli:period>
  </xbrli:context>
  <xbrli:context id="RP.Applied">
    <xbrli:entity>
      <xbrli:identifier scheme="http://www.ato.gov.au/tfn">220114653</xbrli:identifier>
      <xbrli:segment>
        <xbrldi:explicitMember dimension="tns:AccountingTreatmentMethodDimension">tns:Applied</xbrldi:explicitMember>
        <xbrldi:explicitMember dimension="tns:ReportPartyTypeDimension">tns:ReportingParty</xbrldi:explicitMember>
      </xbrli:segment>
    </xbrli:entity>
    <xbrli:period>
      <xbrli:startDate>2023-07-01</xbrli:startDate>
      <xbrli:endDate>2024-06-30</xbrli:endDate>
    </xbrli:period>
  </xbrli:context>
  <xbrli:context id="RP.Applied.Y0">
    <xbrli:entity>
      <xbrli:identifier scheme="http://www.ato.gov.au/tfn">220114653</xbrli:identifier>
      <xbrli:segment>
        <xbrldi:explicitMember dimension="tns:RelativePeriodDurationDimension">tns:Y0</xbrldi:explicitMember>
        <xbrldi:explicitMember dimension="tns:AccountingTreatmentMethodDimension">tns:Applied</xbrldi:explicitMember>
        <xbrldi:explicitMember dimension="tns:ReportPartyTypeDimension">tns:ReportingParty</xbrldi:explicitMember>
      </xbrli:segment>
    </xbrli:entity>
    <xbrli:period>
      <xbrli:startDate>2023-07-01</xbrli:startDate>
      <xbrli:endDate>2024-06-30</xbrli:endDate>
    </xbrli:period>
  </xbrli:context>
  <xbrli:context id="RP.Applied.Y0-">
    <xbrli:entity>
      <xbrli:identifier scheme="http://www.ato.gov.au/tfn">220114653</xbrli:identifier>
      <xbrli:segment>
        <xbrldi:explicitMember dimension="tns:RelativePeriodDurationDimension">tns:Y0Minus</xbrldi:explicitMember>
        <xbrldi:explicitMember dimension="tns:AccountingTreatmentMethodDimension">tns:Applied</xbrldi:explicitMember>
        <xbrldi:explicitMember dimension="tns:ReportPartyTypeDimension">tns:ReportingParty</xbrldi:explicitMember>
      </xbrli:segment>
    </xbrli:entity>
    <xbrli:period>
      <xbrli:startDate>2023-07-01</xbrli:startDate>
      <xbrli:endDate>2024-06-30</xbrli:endDate>
    </xbrli:period>
  </xbrli:context>
  <xbrli:context id="RP.ListedCompanyShares">
    <xbrli:entity>
      <xbrli:identifier scheme="http://www.ato.gov.au/tfn">220114653</xbrli:identifier>
      <xbrli:segment>
        <xbrldi:explicitMember dimension="tns:AssetTypeDimension">tns:ListedCompanyShares</xbrldi:explicitMember>
        <xbrldi:explicitMember dimension="tns:ReportPartyTypeDimension">tns:ReportingParty</xbrldi:explicitMember>
      </xbrli:segment>
    </xbrli:entity>
    <xbrli:period>
      <xbrli:startDate>2023-07-01</xbrli:startDate>
      <xbrli:endDate>2024-06-30</xbrli:endDate>
    </xbrli:period>
  </xbrli:context>
  <xbrli:context id="RP.OtherShares">
    <xbrli:entity>
      <xbrli:identifier scheme="http://www.ato.gov.au/tfn">220114653</xbrli:identifier>
      <xbrli:segment>
        <xbrldi:explicitMember dimension="tns:AssetTypeDimension">tns:OtherShares</xbrldi:explicitMember>
        <xbrldi:explicitMember dimension="tns:ReportPartyTypeDimension">tns:ReportingParty</xbrldi:explicitMember>
      </xbrli:segment>
    </xbrli:entity>
    <xbrli:period>
      <xbrli:startDate>2023-07-01</xbrli:startDate>
      <xbrli:endDate>2024-06-30</xbrli:endDate>
    </xbrli:period>
  </xbrli:context>
  <xbrli:context id="RP.ListedUnitTrusts">
    <xbrli:entity>
      <xbrli:identifier scheme="http://www.ato.gov.au/tfn">220114653</xbrli:identifier>
      <xbrli:segment>
        <xbrldi:explicitMember dimension="tns:AssetTypeDimension">tns:ListedUnitTrusts</xbrldi:explicitMember>
        <xbrldi:explicitMember dimension="tns:ReportPartyTypeDimension">tns:ReportingParty</xbrldi:explicitMember>
      </xbrli:segment>
    </xbrli:entity>
    <xbrli:period>
      <xbrli:startDate>2023-07-01</xbrli:startDate>
      <xbrli:endDate>2024-06-30</xbrli:endDate>
    </xbrli:period>
  </xbrli:context>
  <xbrli:context id="RP.OtherUnits">
    <xbrli:entity>
      <xbrli:identifier scheme="http://www.ato.gov.au/tfn">220114653</xbrli:identifier>
      <xbrli:segment>
        <xbrldi:explicitMember dimension="tns:AssetTypeDimension">tns:OtherUnits</xbrldi:explicitMember>
        <xbrldi:explicitMember dimension="tns:ReportPartyTypeDimension">tns:ReportingParty</xbrldi:explicitMember>
      </xbrli:segment>
    </xbrli:entity>
    <xbrli:period>
      <xbrli:startDate>2023-07-01</xbrli:startDate>
      <xbrli:endDate>2024-06-30</xbrli:endDate>
    </xbrli:period>
  </xbrli:context>
  <xbrli:context id="RP.AustralianRealProperty">
    <xbrli:entity>
      <xbrli:identifier scheme="http://www.ato.gov.au/tfn">220114653</xbrli:identifier>
      <xbrli:segment>
        <xbrldi:explicitMember dimension="tns:AssetTypeDimension">tns:RealPropertyAUS</xbrldi:explicitMember>
        <xbrldi:explicitMember dimension="tns:ReportPartyTypeDimension">tns:ReportingParty</xbrldi:explicitMember>
      </xbrli:segment>
    </xbrli:entity>
    <xbrli:period>
      <xbrli:startDate>2023-07-01</xbrli:startDate>
      <xbrli:endDate>2024-06-30</xbrli:endDate>
    </xbrli:period>
  </xbrli:context>
  <xbrli:context id="RP.OverseasRealProperty">
    <xbrli:entity>
      <xbrli:identifier scheme="http://www.ato.gov.au/tfn">220114653</xbrli:identifier>
      <xbrli:segment>
        <xbrldi:explicitMember dimension="tns:AssetTypeDimension">tns:OverseasRealProperty</xbrldi:explicitMember>
        <xbrldi:explicitMember dimension="tns:ReportPartyTypeDimension">tns:ReportingParty</xbrldi:explicitMember>
      </xbrli:segment>
    </xbrli:entity>
    <xbrli:period>
      <xbrli:startDate>2023-07-01</xbrli:startDate>
      <xbrli:endDate>2024-06-30</xbrli:endDate>
    </xbrli:period>
  </xbrli:context>
  <xbrli:context id="RP.CapitalGainsTrustDistributions">
    <xbrli:entity>
      <xbrli:identifier scheme="http://www.ato.gov.au/tfn">220114653</xbrli:identifier>
      <xbrli:segment>
        <xbrldi:explicitMember dimension="tns:AssetTypeDimension">tns:CapitalGainsTrustDistributions</xbrldi:explicitMember>
        <xbrldi:explicitMember dimension="tns:ReportPartyTypeDimension">tns:ReportingParty</xbrldi:explicitMember>
      </xbrli:segment>
    </xbrli:entity>
    <xbrli:period>
      <xbrli:startDate>2023-07-01</xbrli:startDate>
      <xbrli:endDate>2024-06-30</xbrli:endDate>
    </xbrli:period>
  </xbrli:context>
  <xbrli:context id="RP.Collectables">
    <xbrli:entity>
      <xbrli:identifier scheme="http://www.ato.gov.au/tfn">220114653</xbrli:identifier>
      <xbrli:segment>
        <xbrldi:explicitMember dimension="tns:AssetTypeDimension">tns:Collectables</xbrldi:explicitMember>
        <xbrldi:explicitMember dimension="tns:ReportPartyTypeDimension">tns:ReportingParty</xbrldi:explicitMember>
      </xbrli:segment>
    </xbrli:entity>
    <xbrli:period>
      <xbrli:startDate>2023-07-01</xbrli:startDate>
      <xbrli:endDate>2024-06-30</xbrli:endDate>
    </xbrli:period>
  </xbrli:context>
  <xbrli:context id="RP.OtherCapitalAssets">
    <xbrli:entity>
      <xbrli:identifier scheme="http://www.ato.gov.au/tfn">220114653</xbrli:identifier>
      <xbrli:segment>
        <xbrldi:explicitMember dimension="tns:AssetTypeDimension">tns:CGTOther</xbrldi:explicitMember>
        <xbrldi:explicitMember dimension="tns:ReportPartyTypeDimension">tns:ReportingParty</xbrldi:explicitMember>
      </xbrli:segment>
    </xbrli:entity>
    <xbrli:period>
      <xbrli:startDate>2023-07-01</xbrli:startDate>
      <xbrli:endDate>2024-06-30</xbrli:endDate>
    </xbrli:period>
  </xbrli:context>
  <xbrli:context id="RP.Collectables.Unapplied">
    <xbrli:entity>
      <xbrli:identifier scheme="http://www.ato.gov.au/tfn">220114653</xbrli:identifier>
      <xbrli:segment>
        <xbrldi:explicitMember dimension="tns:AssetTypeDimension">tns:Collectables</xbrldi:explicitMember>
        <xbrldi:explicitMember dimension="tns:AccountingTreatmentMethodDimension">tns:Unapplied</xbrldi:explicitMember>
        <xbrldi:explicitMember dimension="tns:ReportPartyTypeDimension">tns:ReportingParty</xbrldi:explicitMember>
      </xbrli:segment>
    </xbrli:entity>
    <xbrli:period>
      <xbrli:instant>2024-06-30</xbrli:instant>
    </xbrli:period>
  </xbrli:context>
  <xbrli:context id="RP.CGTOther.Unapplied">
    <xbrli:entity>
      <xbrli:identifier scheme="http://www.ato.gov.au/tfn">220114653</xbrli:identifier>
      <xbrli:segment>
        <xbrldi:explicitMember dimension="tns:AssetTypeDimension">tns:CGTOther</xbrldi:explicitMember>
        <xbrldi:explicitMember dimension="tns:AccountingTreatmentMethodDimension">tns:Unapplied</xbrldi:explicitMember>
        <xbrldi:explicitMember dimension="tns:ReportPartyTypeDimension">tns:ReportingParty</xbrldi:explicitMember>
      </xbrli:segment>
    </xbrli:entity>
    <xbrli:period>
      <xbrli:instant>2024-06-30</xbrli:instant>
    </xbrli:period>
  </xbrli:context>
  <xbrli:context id="RP.TransfersToOtherClasses">
    <xbrli:entity>
      <xbrli:identifier scheme="http://www.ato.gov.au/tfn">220114653</xbrli:identifier>
      <xbrli:segment>
        <xbrldi:explicitMember dimension="tns:AMITCharacterTypeDimension">tns:TransfersToOtherClasses</xbrldi:explicitMember>
        <xbrldi:explicitMember dimension="tns:ReportPartyTypeDimension">tns:ReportingParty</xbrldi:explicitMember>
      </xbrli:segment>
    </xbrli:entity>
    <xbrli:period>
      <xbrli:startDate>2023-07-01</xbrli:startDate>
      <xbrli:endDate>2024-06-30</xbrli:endDate>
    </xbrli:period>
  </xbrli:context>
  <xbrli:unit id="u1">
    <xbrli:measure>iso4217:AUD</xbrli:measure>
  </xbrli:unit>
  <xbrli:unit id="u2">
    <xbrli:measure>xbrli:pure</xbrli:measure>
  </xbrli:unit>
  <!--Business details-->
  <!--CGTS153-->
  <!--<tns:IncomeTax.AttributionManagedInvestmentTrustClass.Description contextRef="RP">Text</tns:IncomeTax.AttributionManagedInvestmentTrustClass.Description>-->
  <!--Current Year Capital Gains and Capital Losses-->
  <!--CGTS95-->
  <tns:Capital.Gains.Total.Amount decimals="0" contextRef="RP.ListedCompanyShares" unitRef="u1">150000</tns:Capital.Gains.Total.Amount>
  <!--CGTS96-->
  <tns:Capital.Losses.Total.Amount decimals="0" contextRef="RP.ListedCompanyShares" unitRef="u1">60000</tns:Capital.Losses.Total.Amount>
  <!--CGTS97-->
  <tns:Capital.Gains.Total.Amount decimals="0" contextRef="RP.OtherShares" unitRef="u1">30000</tns:Capital.Gains.Total.Amount>
  <!--CGTS98-->
  <tns:Capital.Losses.Total.Amount decimals="0" contextRef="RP.OtherShares" unitRef="u1">12000</tns:Capital.Losses.Total.Amount>
  <!--CGTS99-->
  <tns:Capital.Gains.Total.Amount decimals="0" contextRef="RP.ListedUnitTrusts" unitRef="u1">45000</tns:Capital.Gains.Total.Amount>
  <!--CGTS100-->
  <tns:Capital.Losses.Total.Amount decimals="0" contextRef="RP.ListedUnitTrusts" unitRef="u1">55000</tns:Capital.Losses.Total.Amount>
  <!--CGTS101-->
  <tns:Capital.Gains.Total.Amount decimals="0" contextRef="RP.OtherUnits" unitRef="u1">35000</tns:Capital.Gains.Total.Amount>
  <!--CGTS102-->
  <tns:Capital.Losses.Total.Amount decimals="0" contextRef="RP.OtherUnits" unitRef="u1">60000</tns:Capital.Losses.Total.Amount>
  <!--CGTS103-->
  <tns:Capital.Gains.Total.Amount decimals="0" contextRef="RP.AustralianRealProperty" unitRef="u1">80000</tns:Capital.Gains.Total.Amount>
  <!--CGTS110-->
  <tns:Capital.Losses.Total.Amount decimals="0" contextRef="RP.AustralianRealProperty" unitRef="u1">120000</tns:Capital.Losses.Total.Amount>
  <!--CGTS111-->
  <tns:Capital.Gains.Total.Amount decimals="0" contextRef="RP.OverseasRealProperty" unitRef="u1">250000</tns:Capital.Gains.Total.Amount>
  <!--CGTS112-->
  <tns:Capital.Losses.Total.Amount decimals="0" contextRef="RP.OverseasRealProperty" unitRef="u1">40000</tns:Capital.Losses.Total.Amount>
  <!--CGTS113-->
  <tns:Capital.Gains.Total.Amount decimals="0" contextRef="RP.CapitalGainsTrustDistributions" unitRef="u1">30000</tns:Capital.Gains.Total.Amount>
  <!--CGTS114-->
  <tns:Capital.Gains.Total.Amount decimals="0" contextRef="RP.Collectables" unitRef="u1">80000</tns:Capital.Gains.Total.Amount>
  <!--CGTS115-->
  <tns:Capital.Losses.Total.Amount decimals="0" contextRef="RP.Collectables" unitRef="u1">70000</tns:Capital.Losses.Total.Amount>
  <!--CGTS116-->
  <tns:Capital.Gains.Total.Amount decimals="0" contextRef="RP.OtherCapitalAssets" unitRef="u1">120000</tns:Capital.Gains.Total.Amount>
  <!--CGTS117-->
  <tns:Capital.Losses.Total.Amount decimals="0" contextRef="RP.OtherCapitalAssets" unitRef="u1">7000</tns:Capital.Losses.Total.Amount>
  <!--CGTS118-->
  <tns:Capital.Gains.Total.Amount decimals="0" contextRef="RP" unitRef="u1">820000</tns:Capital.Gains.Total.Amount>
  <!--Capital losses-->
  <!--CGTS119-->
  <tns:Capital.Losses.Total.Amount decimals="0" contextRef="RP" unitRef="u1">424000</tns:Capital.Losses.Total.Amount>
  <!--CGTS120-->
  <tns:Capital.Losses.Total.Amount decimals="0" contextRef="RP.Applied.Y0" unitRef="u1">354000</tns:Capital.Losses.Total.Amount>
  <!--CGTS43-->
  <tns:Capital.Losses.NetTotal.Amount decimals="0" contextRef="RP.Applied.Y0-" unitRef="u1">80000</tns:Capital.Losses.NetTotal.Amount>
  <!--CGTS122-->
  <tns:Capital.Losses.TransferredTotal.Amount xsi:nil="true" contextRef="RP.Applied" unitRef="u1" />
  <!--CGTS123-->
  <tns:Capital.Losses.Total.Amount decimals="0" contextRef="RP.Applied" unitRef="u1">434000</tns:Capital.Losses.Total.Amount>
  <!--Unapplied net capital losses carried forward-->
  <!--CGTS124-->
  <tns:Capital.Losses.CarriedForward.Net.Amount decimals="0" contextRef="RP.Collectables.Unapplied" unitRef="u1">20000</tns:Capital.Losses.CarriedForward.Net.Amount>
  <!--CGTS125-->
  <tns:Capital.Losses.CarriedForward.Net.Amount xsi:nil="true" contextRef="RP.CGTOther.Unapplied" unitRef="u1" />
  <!--Capital Gains Tax (CGT) Discount-->
  <!--CGTS126-->
  <tns:TaxConcession.CapitalGains.DiscountTotal.Amount decimals="0" contextRef="RP.Applied" unitRef="u1">160000</tns:TaxConcession.CapitalGains.DiscountTotal.Amount>
  <!--Capital Gains Tax (CGT) concessions for small business-->
  <!--CGTS127-->
  <tns:TaxConcession.CapitalGains.SmallBusinessActiveAssetReduction.Amount decimals="0" contextRef="RP" unitRef="u1">113000</tns:TaxConcession.CapitalGains.SmallBusinessActiveAssetReduction.Amount>
  <!--CGTS128-->
  <tns:TaxConcession.CapitalGains.SmallBusinessRetirementExemption.Amount xsi:nil="true" contextRef="RP" unitRef="u1" />
  <!--CGTS129-->
  <tns:TaxConcession.CapitalGains.SmallBusinessRollover.Amount decimals="0" contextRef="RP" unitRef="u1">33000</tns:TaxConcession.CapitalGains.SmallBusinessRollover.Amount>
  <!--CGTS130-->
  <tns:TaxConcession.CapitalGains.DiscountAndSmallBusinessConcessionsTotal.Amount decimals="0" contextRef="RP" unitRef="u1">146000</tns:TaxConcession.CapitalGains.DiscountAndSmallBusinessConcessionsTotal.Amount>
  <!--Net capital gain-->
  <!--CGTS131-->
  <tns:Income.CapitalGainsNet.Amount decimals="0" contextRef="RP" unitRef="u1">80000</tns:Income.CapitalGainsNet.Amount>
  <!--Earnout arrangements - 1 -->
  <!--CGTS133-->
  <tns:Miscellaneous.EarnoutArrangementEligibility.Code contextRef="RP.EarnoutArrangementGroupNumber_1">Buyer</tns:Miscellaneous.EarnoutArrangementEligibility.Code>
  <!--CGTS134-->
  <tns:Miscellaneous.EarnoutArrangementDuration.Count decimals="0" contextRef="RP.EarnoutArrangementGroupNumber_1" unitRef="u2">3</tns:Miscellaneous.EarnoutArrangementDuration.Count>
  <!--CGTS135-->
  <tns:Miscellaneous.EarnoutArrangementApplicableYear.Number decimals="0" contextRef="RP.EarnoutArrangementGroupNumber_1" unitRef="u2">2</tns:Miscellaneous.EarnoutArrangementApplicableYear.Number>
  <!--CGTS136-->
  <tns:CapitalGainsTax.EarnoutArrangementEstimatedCapitalProceedsTotal.Amount decimals="0" contextRef="RP.EarnoutArrangementGroupNumber_1" unitRef="u1">800000</tns:CapitalGainsTax.EarnoutArrangementEstimatedCapitalProceedsTotal.Amount>
  <!--CGTS152-->
  <tns:CapitalGainsTax.CapitalGainsOrLossesOnNonQualifyingEarnoutArrangementNet.Amount decimals="0" contextRef="RP.EarnoutArrangementGroupNumber_1" unitRef="u1">125000</tns:CapitalGainsTax.CapitalGainsOrLossesOnNonQualifyingEarnoutArrangementNet.Amount>
  <!--CGTS150-->
  <!--<tns:Report.TargetFinancial.Year contextRef="RP" xsi:nil="true"/>-->
  <!--tns:Report.TargetFinancial.Year contextRef="RP">2017</tns:Report.TargetFinancial.Year-->
  <!--CGTS151-->
  <!--<tns:Miscellaneous.RequestedAmendment.Amount unitRef="u1" contextRef="RP" xsi:nil="true"/>-->
  <!--<tns:Miscellaneous.RequestedAmendment.Amount decimals="0" contextRef="RP" unitRef="u1">125000</tns:Miscellaneous.RequestedAmendment.Amount>-->
  <!--Earnout arrangements - 2 -->
  <!--CGTS133-->
  <tns:Miscellaneous.EarnoutArrangementEligibility.Code contextRef="RP.EarnoutArrangementGroupNumber_2">Seller</tns:Miscellaneous.EarnoutArrangementEligibility.Code>
  <!--CGTS134-->
  <tns:Miscellaneous.EarnoutArrangementDuration.Count decimals="0" contextRef="RP.EarnoutArrangementGroupNumber_2" unitRef="u2">5</tns:Miscellaneous.EarnoutArrangementDuration.Count>
  <!--CGTS135-->
  <tns:Miscellaneous.EarnoutArrangementApplicableYear.Number decimals="0" contextRef="RP.EarnoutArrangementGroupNumber_2" unitRef="u2">5</tns:Miscellaneous.EarnoutArrangementApplicableYear.Number>
  <!--CGTS136-->
  <tns:CapitalGainsTax.EarnoutArrangementEstimatedCapitalProceedsTotal.Amount decimals="0" contextRef="RP.EarnoutArrangementGroupNumber_2" unitRef="u1">900000</tns:CapitalGainsTax.EarnoutArrangementEstimatedCapitalProceedsTotal.Amount>
  <!--CGTS152-->
  <tns:CapitalGainsTax.CapitalGainsOrLossesOnNonQualifyingEarnoutArrangementNet.Amount decimals="0" contextRef="RP.EarnoutArrangementGroupNumber_2" unitRef="u1">125000</tns:CapitalGainsTax.CapitalGainsOrLossesOnNonQualifyingEarnoutArrangementNet.Amount>
  <!--Earnout arrangements - 3 -->
  <!--CGTS133-->
  <tns:Miscellaneous.EarnoutArrangementEligibility.Code contextRef="RP.EarnoutArrangementGroupNumber_3">No</tns:Miscellaneous.EarnoutArrangementEligibility.Code>
  <!--CGTS134-->
  <!--<tns:Miscellaneous.EarnoutArrangementDuration.Count xsi:nil="true" contextRef="RP.EarnoutArrangementGroupNumber_3" unitRef="u2"/>-->
  <!--CGTS135-->
  <!--<tns:Miscellaneous.EarnoutArrangementApplicableYear.Number xsi:nil="true" contextRef="RP.EarnoutArrangementGroupNumber_3" unitRef="u2"/>-->
  <!--CGTS136-->
  <!--<tns:CapitalGainsTax.EarnoutArrangementEstimatedCapitalProceedsTotal.Amount xsi:nil="true" contextRef="RP.EarnoutArrangementGroupNumber_3" unitRef="u1"/>-->
  <!--CGTS152-->
  <!--<tns:CapitalGainsTax.CapitalGainsOrLossesOnNonQualifyingEarnoutArrangementNet.Amount xsi:nil="true" contextRef="RP.EarnoutArrangementGroupNumber_3" unitRef="u1"/>-->
  <!--Other Capital Gains Tax (CGT) information required (if applicable)-->
  <!--CGTS138-->
  <tns:TaxConcession.CapitalGains.SmallBusinessExemptionExempt.Amount decimals="0" contextRef="RP" unitRef="u1">8000</tns:TaxConcession.CapitalGains.SmallBusinessExemptionExempt.Amount>
  <!--CGTS139-->
  <tns:TaxConcession.CapitalGains.SmallBusinessExemptionAssetOrEvent.Code contextRef="RP">S</tns:TaxConcession.CapitalGains.SmallBusinessExemptionAssetOrEvent.Code>
  <!--CGTS140-->
  <tns:Capital.Gains.ForeignResidentExemption.Amount decimals="0" contextRef="RP" unitRef="u1">25000</tns:Capital.Gains.ForeignResidentExemption.Amount>
  <!--CGTS45-->
  <tns:Capital.Gains.ScriptForScriptRolloverDeferral.Amount decimals="0" contextRef="RP" unitRef="u1">0</tns:Capital.Gains.ScriptForScriptRolloverDeferral.Amount>
  <!--CGTS46-->
  <tns:Capital.Gains.InterCompanyAssetRolloverDeferral.Amount decimals="0" contextRef="RP" unitRef="u1">0</tns:Capital.Gains.InterCompanyAssetRolloverDeferral.Amount>
  <!--CGTS47-->
  <tns:Capital.Gains.DemergingEntityExemption.Amount decimals="0" contextRef="RP" unitRef="u1">40000</tns:Capital.Gains.DemergingEntityExemption.Amount>
  <!--CGTS154-->
  <!--<tns:Capital.Gains.Total.Amount decimals="0" contextRef="RP.TransfersToOtherClasses" unitRef="u1">2</tns:Capital.Gains.Total.Amount>-->
  <!--CGTS155-->
  <!--<tns:Capital.Losses.Total.Amount decimals="0" contextRef="RP.TransfersToOtherClasses" unitRef="u1">27</tns:Capital.Losses.Total.Amount>-->
  <!--CGTS161-->
  <!--tns:CapitalGainsTax.DeferredRelief.Indicator contextRef="RP">false</tns:CapitalGainsTax.DeferredRelief.Indicator-->
  <!--CGTS162-->
  <!--tns:CapitalGainsTax.DeferredRelief.Amount decimals="0" contextRef="RP" unitRef="u1">0</tns:CapitalGainsTax.DeferredRelief.Amount-->
</xbrli:xbrl>
