<xbrli:xbrl xmlns:xsi="http://www.w3.org/2001/XMLSchema-instance" xsi:schemaLocation="http://xbrl.org/2006/xbrldi http://www.xbrl.org/2006/xbrldi-2006.xsd" xmlns:tns="http://www.sbr.gov.au/ato/ls" xmlns:link="http://www.xbrl.org/2003/linkbase" xmlns:iso4217="http://www.xbrl.org/2003/iso4217" xmlns:xbrldi="http://xbrl.org/2006/xbrldi" xmlns:xbrli="http://www.xbrl.org/2003/instance" xmlns:xbrldt="http://xbrl.org/2005/xbrldt" xmlns:xlink="http://www.w3.org/1999/xlink">
  <link:schemaRef xlink:type="simple" xlink:href="http://sbr.gov.au/ato/ato.ls.0006.2017.01.00.report.xsd" />
  <xbrli:context id="RP">
    <xbrli:entity>
      <xbrli:identifier scheme="http://www.ato.gov.au/tfn">220114767</xbrli:identifier>
      <xbrli:segment>
        <xbrldi:explicitMember dimension="tns:ReportPartyTypeDimension">tns:ReportingParty</xbrldi:explicitMember>
      </xbrli:segment>
    </xbrli:entity>
    <xbrli:period>
      <xbrli:startDate>2023-07-01</xbrli:startDate>
      <xbrli:endDate>2024-06-30</xbrli:endDate>
    </xbrli:period>
  </xbrli:context>
  <xbrli:context id="RP.Y0">
    <xbrli:entity>
      <xbrli:identifier scheme="http://www.ato.gov.au/tfn">220114767</xbrli:identifier>
      <xbrli:segment>
        <xbrldi:explicitMember dimension="tns:RelativePeriodDurationDimension">tns:Y0</xbrldi:explicitMember>
        <xbrldi:explicitMember dimension="tns:ReportPartyTypeDimension">tns:ReportingParty</xbrldi:explicitMember>
      </xbrli:segment>
    </xbrli:entity>
    <xbrli:period>
      <xbrli:startDate>2023-07-01</xbrli:startDate>
      <xbrli:endDate>2024-06-30</xbrli:endDate>
    </xbrli:period>
  </xbrli:context>
  <xbrli:context id="RP.Y0-1">
    <xbrli:entity>
      <xbrli:identifier scheme="http://www.ato.gov.au/tfn">220114767</xbrli:identifier>
      <xbrli:segment>
        <xbrldi:explicitMember dimension="tns:RelativePeriodDurationDimension">tns:Y0Minus1</xbrldi:explicitMember>
        <xbrldi:explicitMember dimension="tns:ReportPartyTypeDimension">tns:ReportingParty</xbrldi:explicitMember>
      </xbrli:segment>
    </xbrli:entity>
    <xbrli:period>
      <xbrli:startDate>2023-07-01</xbrli:startDate>
      <xbrli:endDate>2024-06-30</xbrli:endDate>
    </xbrli:period>
  </xbrli:context>
  <xbrli:context id="RP.Y0-2">
    <xbrli:entity>
      <xbrli:identifier scheme="http://www.ato.gov.au/tfn">220114767</xbrli:identifier>
      <xbrli:segment>
        <xbrldi:explicitMember dimension="tns:RelativePeriodDurationDimension">tns:Y0Minus2</xbrldi:explicitMember>
        <xbrldi:explicitMember dimension="tns:ReportPartyTypeDimension">tns:ReportingParty</xbrldi:explicitMember>
      </xbrli:segment>
    </xbrli:entity>
    <xbrli:period>
      <xbrli:startDate>2023-07-01</xbrli:startDate>
      <xbrli:endDate>2024-06-30</xbrli:endDate>
    </xbrli:period>
  </xbrli:context>
  <xbrli:context id="RP.Y0-3">
    <xbrli:entity>
      <xbrli:identifier scheme="http://www.ato.gov.au/tfn">220114767</xbrli:identifier>
      <xbrli:segment>
        <xbrldi:explicitMember dimension="tns:RelativePeriodDurationDimension">tns:Y0Minus3</xbrldi:explicitMember>
        <xbrldi:explicitMember dimension="tns:ReportPartyTypeDimension">tns:ReportingParty</xbrldi:explicitMember>
      </xbrli:segment>
    </xbrli:entity>
    <xbrli:period>
      <xbrli:startDate>2023-07-01</xbrli:startDate>
      <xbrli:endDate>2024-06-30</xbrli:endDate>
    </xbrli:period>
  </xbrli:context>
  <xbrli:context id="RP.Y0-4">
    <xbrli:entity>
      <xbrli:identifier scheme="http://www.ato.gov.au/tfn">220114767</xbrli:identifier>
      <xbrli:segment>
        <xbrldi:explicitMember dimension="tns:RelativePeriodDurationDimension">tns:Y0Minus4</xbrldi:explicitMember>
        <xbrldi:explicitMember dimension="tns:ReportPartyTypeDimension">tns:ReportingParty</xbrldi:explicitMember>
      </xbrli:segment>
    </xbrli:entity>
    <xbrli:period>
      <xbrli:startDate>2023-07-01</xbrli:startDate>
      <xbrli:endDate>2024-06-30</xbrli:endDate>
    </xbrli:period>
  </xbrli:context>
  <xbrli:context id="RP.Y0-5P">
    <xbrli:entity>
      <xbrli:identifier scheme="http://www.ato.gov.au/tfn">220114767</xbrli:identifier>
      <xbrli:segment>
        <xbrldi:explicitMember dimension="tns:RelativePeriodDurationDimension">tns:Y0Minus5Plus</xbrldi:explicitMember>
        <xbrldi:explicitMember dimension="tns:ReportPartyTypeDimension">tns:ReportingParty</xbrldi:explicitMember>
      </xbrli:segment>
    </xbrli:entity>
    <xbrli:period>
      <xbrli:startDate>2023-07-01</xbrli:startDate>
      <xbrli:endDate>2024-06-30</xbrli:endDate>
    </xbrli:period>
  </xbrli:context>
  <xbrli:context id="RP.ALL">
    <xbrli:entity>
      <xbrli:identifier scheme="http://www.ato.gov.au/tfn">220114767</xbrli:identifier>
      <xbrli:segment>
        <xbrldi:explicitMember dimension="tns:RelativePeriodDurationDimension">tns:All</xbrldi:explicitMember>
        <xbrldi:explicitMember dimension="tns:ReportPartyTypeDimension">tns:ReportingParty</xbrldi:explicitMember>
      </xbrli:segment>
    </xbrli:entity>
    <xbrli:period>
      <xbrli:startDate>2023-07-01</xbrli:startDate>
      <xbrli:endDate>2024-06-30</xbrli:endDate>
    </xbrli:period>
  </xbrli:context>
  <xbrli:context id="RP.Y0.Instant">
    <xbrli:entity>
      <xbrli:identifier scheme="http://www.ato.gov.au/tfn">220114767</xbrli:identifier>
      <xbrli:segment>
        <xbrldi:explicitMember dimension="tns:RelativePeriodDurationDimension">tns:Y0</xbrldi:explicitMember>
        <xbrldi:explicitMember dimension="tns:ReportPartyTypeDimension">tns:ReportingParty</xbrldi:explicitMember>
      </xbrli:segment>
    </xbrli:entity>
    <xbrli:period>
      <xbrli:instant>2024-06-30</xbrli:instant>
    </xbrli:period>
  </xbrli:context>
  <xbrli:context id="RP.Y0-1.Instant">
    <xbrli:entity>
      <xbrli:identifier scheme="http://www.ato.gov.au/tfn">220114767</xbrli:identifier>
      <xbrli:segment>
        <xbrldi:explicitMember dimension="tns:RelativePeriodDurationDimension">tns:Y0Minus1</xbrldi:explicitMember>
        <xbrldi:explicitMember dimension="tns:ReportPartyTypeDimension">tns:ReportingParty</xbrldi:explicitMember>
      </xbrli:segment>
    </xbrli:entity>
    <xbrli:period>
      <xbrli:instant>2024-06-30</xbrli:instant>
    </xbrli:period>
  </xbrli:context>
  <xbrli:context id="RP.Y0-2.Instant">
    <xbrli:entity>
      <xbrli:identifier scheme="http://www.ato.gov.au/tfn">220114767</xbrli:identifier>
      <xbrli:segment>
        <xbrldi:explicitMember dimension="tns:RelativePeriodDurationDimension">tns:Y0Minus2</xbrldi:explicitMember>
        <xbrldi:explicitMember dimension="tns:ReportPartyTypeDimension">tns:ReportingParty</xbrldi:explicitMember>
      </xbrli:segment>
    </xbrli:entity>
    <xbrli:period>
      <xbrli:instant>2024-06-30</xbrli:instant>
    </xbrli:period>
  </xbrli:context>
  <xbrli:context id="RP.Y0-3.Instant">
    <xbrli:entity>
      <xbrli:identifier scheme="http://www.ato.gov.au/tfn">220114767</xbrli:identifier>
      <xbrli:segment>
        <xbrldi:explicitMember dimension="tns:RelativePeriodDurationDimension">tns:Y0Minus3</xbrldi:explicitMember>
        <xbrldi:explicitMember dimension="tns:ReportPartyTypeDimension">tns:ReportingParty</xbrldi:explicitMember>
      </xbrli:segment>
    </xbrli:entity>
    <xbrli:period>
      <xbrli:instant>2024-06-30</xbrli:instant>
    </xbrli:period>
  </xbrli:context>
  <xbrli:context id="RP.Y0-4.Instant">
    <xbrli:entity>
      <xbrli:identifier scheme="http://www.ato.gov.au/tfn">220114767</xbrli:identifier>
      <xbrli:segment>
        <xbrldi:explicitMember dimension="tns:RelativePeriodDurationDimension">tns:Y0Minus4</xbrldi:explicitMember>
        <xbrldi:explicitMember dimension="tns:ReportPartyTypeDimension">tns:ReportingParty</xbrldi:explicitMember>
      </xbrli:segment>
    </xbrli:entity>
    <xbrli:period>
      <xbrli:instant>2024-06-30</xbrli:instant>
    </xbrli:period>
  </xbrli:context>
  <xbrli:context id="RP.Y0-5P.Instant">
    <xbrli:entity>
      <xbrli:identifier scheme="http://www.ato.gov.au/tfn">220114767</xbrli:identifier>
      <xbrli:segment>
        <xbrldi:explicitMember dimension="tns:RelativePeriodDurationDimension">tns:Y0Minus5Plus</xbrldi:explicitMember>
        <xbrldi:explicitMember dimension="tns:ReportPartyTypeDimension">tns:ReportingParty</xbrldi:explicitMember>
      </xbrli:segment>
    </xbrli:entity>
    <xbrli:period>
      <xbrli:instant>2024-06-30</xbrli:instant>
    </xbrli:period>
  </xbrli:context>
  <xbrli:context id="RP.ALL.Instant">
    <xbrli:entity>
      <xbrli:identifier scheme="http://www.ato.gov.au/tfn">220114767</xbrli:identifier>
      <xbrli:segment>
        <xbrldi:explicitMember dimension="tns:RelativePeriodDurationDimension">tns:All</xbrldi:explicitMember>
        <xbrldi:explicitMember dimension="tns:ReportPartyTypeDimension">tns:ReportingParty</xbrldi:explicitMember>
      </xbrli:segment>
    </xbrli:entity>
    <xbrli:period>
      <xbrli:instant>2024-06-30</xbrli:instant>
    </xbrli:period>
  </xbrli:context>
  <xbrli:unit id="u1">
    <xbrli:measure>iso4217:AUD</xbrli:measure>
  </xbrli:unit>
  <xbrli:unit id="u2">
    <xbrli:measure>xbrli:pure</xbrli:measure>
  </xbrli:unit>
  <tns:Identifiers.AustralianBusinessNumber.Identifier contextRef="RP">12481183031</tns:Identifiers.AustralianBusinessNumber.Identifier>
  <tns:OrganisationNameDetails>
    <tns:OrganisationNameDetails.OrganisationalNameType.Code contextRef="RP">MN</tns:OrganisationNameDetails.OrganisationalNameType.Code>
    <tns:OrganisationNameDetails.OrganisationalName.Text contextRef="RP">HILBAY Pvt Ltd</tns:OrganisationNameDetails.OrganisationalName.Text>
  </tns:OrganisationNameDetails>
  <tns:Tax.Losses.CarriedForward.Total.Amount decimals="0" contextRef="RP.Y0" unitRef="u1">27000</tns:Tax.Losses.CarriedForward.Total.Amount>
  <tns:Tax.Losses.CarriedForward.Total.Amount decimals="0" contextRef="RP.Y0-1" unitRef="u1">20000</tns:Tax.Losses.CarriedForward.Total.Amount>
  <tns:Tax.Losses.CarriedForward.Total.Amount decimals="0" contextRef="RP.Y0-2" unitRef="u1">30000</tns:Tax.Losses.CarriedForward.Total.Amount>
  <tns:Tax.Losses.CarriedForward.Total.Amount decimals="0" contextRef="RP.Y0-3" unitRef="u1">40000</tns:Tax.Losses.CarriedForward.Total.Amount>
  <tns:Tax.Losses.CarriedForward.Total.Amount decimals="0" contextRef="RP.Y0-4" unitRef="u1">50000</tns:Tax.Losses.CarriedForward.Total.Amount>
  <tns:Tax.Losses.CarriedForward.Total.Amount decimals="0" contextRef="RP.Y0-5P" unitRef="u1">46700</tns:Tax.Losses.CarriedForward.Total.Amount>
  <tns:Tax.Losses.CarriedForward.Total.Amount decimals="0" contextRef="RP.ALL" unitRef="u1">213700</tns:Tax.Losses.CarriedForward.Total.Amount>
  <tns:Capital.Losses.CarriedForward.Net.Amount decimals="0" contextRef="RP.Y0.Instant" unitRef="u1">3000</tns:Capital.Losses.CarriedForward.Net.Amount>
  <tns:Capital.Losses.CarriedForward.Net.Amount decimals="0" contextRef="RP.Y0-1.Instant" unitRef="u1">6000</tns:Capital.Losses.CarriedForward.Net.Amount>
  <tns:Capital.Losses.CarriedForward.Net.Amount decimals="0" contextRef="RP.Y0-2.Instant" unitRef="u1">9000</tns:Capital.Losses.CarriedForward.Net.Amount>
  <tns:Capital.Losses.CarriedForward.Net.Amount decimals="0" contextRef="RP.Y0-3.Instant" unitRef="u1">12000</tns:Capital.Losses.CarriedForward.Net.Amount>
  <tns:Capital.Losses.CarriedForward.Net.Amount decimals="0" contextRef="RP.Y0-4.Instant" unitRef="u1">35000</tns:Capital.Losses.CarriedForward.Net.Amount>
  <tns:Capital.Losses.CarriedForward.Net.Amount decimals="0" contextRef="RP.Y0-5P.Instant" unitRef="u1">1208300</tns:Capital.Losses.CarriedForward.Net.Amount>
  <tns:Capital.Losses.CarriedForward.Net.Amount decimals="0" contextRef="RP.ALL.Instant" unitRef="u1">1273300</tns:Capital.Losses.CarriedForward.Net.Amount>
  <tns:Tax.Losses.CarriedForward.ContinuityOfMajorityOwnershipTestPassed.Indicator contextRef="RP.Y0">true</tns:Tax.Losses.CarriedForward.ContinuityOfMajorityOwnershipTestPassed.Indicator>
  <tns:Tax.Losses.CarriedForward.ContinuityOfMajorityOwnershipTestPassed.Indicator contextRef="RP.Y0-1">true</tns:Tax.Losses.CarriedForward.ContinuityOfMajorityOwnershipTestPassed.Indicator>
  <tns:Tax.Losses.CarriedForward.ContinuityOfMajorityOwnershipTestPassed.Indicator contextRef="RP.Y0-2">true</tns:Tax.Losses.CarriedForward.ContinuityOfMajorityOwnershipTestPassed.Indicator>
  <tns:Tax.Losses.CarriedForward.ContinuityOfMajorityOwnershipTestPassed.Indicator contextRef="RP.Y0-3">true</tns:Tax.Losses.CarriedForward.ContinuityOfMajorityOwnershipTestPassed.Indicator>
  <tns:Tax.Losses.CarriedForward.ContinuityOfMajorityOwnershipTestPassed.Indicator contextRef="RP.Y0-4">true</tns:Tax.Losses.CarriedForward.ContinuityOfMajorityOwnershipTestPassed.Indicator>
  <tns:Tax.Losses.CarriedForward.ContinuityOfMajorityOwnershipTestPassed.Indicator contextRef="RP.Y0-5P">true</tns:Tax.Losses.CarriedForward.ContinuityOfMajorityOwnershipTestPassed.Indicator>
  <tns:Tax.Losses.DeductedOwnershipTestFailContinuityTestPass.Amount decimals="0" contextRef="RP" unitRef="u1">70000</tns:Tax.Losses.DeductedOwnershipTestFailContinuityTestPass.Amount>
  <tns:Capital.Losses.DeductedOwnershipTestFailContinuityTestPass.Amount decimals="0" contextRef="RP" unitRef="u1">7000</tns:Capital.Losses.DeductedOwnershipTestFailContinuityTestPass.Amount>
  <tns:Tax.Losses.CarriedForward.BusinessContinuityTestPassed.Amount decimals="0" contextRef="RP" unitRef="u1">80000</tns:Tax.Losses.CarriedForward.BusinessContinuityTestPassed.Amount>
  <tns:Capital.Losses.CarriedForward.BusinessContinuityTestPassedNet.Amount decimals="0" contextRef="RP" unitRef="u1">0</tns:Capital.Losses.CarriedForward.BusinessContinuityTestPassedNet.Amount>
  <tns:Tax.Losses.CurrentYearLossProvisionsApply.Indicator contextRef="RP">true</tns:Tax.Losses.CurrentYearLossProvisionsApply.Indicator>
  <tns:Tax.Losses.ChangeOfOwnershipOrControlAfterReferenceTime.Indicator contextRef="RP">true</tns:Tax.Losses.ChangeOfOwnershipOrControlAfterReferenceTime.Indicator>
  <tns:Tax.Losses.MaximumNetAssetValueTestPassedAtChangeoverTime.Indicator contextRef="RP">false</tns:Tax.Losses.MaximumNetAssetValueTestPassedAtChangeoverTime.Indicator>
  <tns:Tax.Losses.UnrealisedNetLossAtChangeoverTime.Indicator contextRef="RP">true</tns:Tax.Losses.UnrealisedNetLossAtChangeoverTime.Indicator>
  <tns:Tax.Losses.UnrealisedNetLossAtChangeoverTime.Amount decimals="0" contextRef="RP" unitRef="u1">50000</tns:Tax.Losses.UnrealisedNetLossAtChangeoverTime.Amount>
  <tns:Tax.Losses.CarriedForward.ComplyingSuperannuationClass.Amount decimals="0" contextRef="RP" unitRef="u1">33000</tns:Tax.Losses.CarriedForward.ComplyingSuperannuationClass.Amount>
  <tns:Capital.Losses.CarriedForward.ComplyingSuperannuationClassNet.Amount decimals="0" contextRef="RP" unitRef="u1">3300</tns:Capital.Losses.CarriedForward.ComplyingSuperannuationClassNet.Amount>
  <tns:Tax.Losses.ControlledForeignCompany.Amount decimals="0" contextRef="RP" unitRef="u1">12000</tns:Tax.Losses.ControlledForeignCompany.Amount>
  <tns:Tax.Losses.ControlledForeignCompanyDeducted.Amount decimals="0" contextRef="RP" unitRef="u1">5000</tns:Tax.Losses.ControlledForeignCompanyDeducted.Amount>
  <tns:Tax.Losses.CarriedForward.ControlledForeignCompany.Amount decimals="0" contextRef="RP" unitRef="u1">7000</tns:Tax.Losses.CarriedForward.ControlledForeignCompany.Amount>
  <tns:Tax.Losses.BalanceOfTaxLossesBroughtForwardFromPriorYear.Amount decimals="0" contextRef="RP" unitRef="u1">236700</tns:Tax.Losses.BalanceOfTaxLossesBroughtForwardFromPriorYear.Amount>
  <tns:Tax.Losses.Uplift.Amount decimals="0" contextRef="RP" unitRef="u1">6500</tns:Tax.Losses.Uplift.Amount>
  <tns:Tax.Losses.ForgivenDebtNet.Amount decimals="0" contextRef="RP" unitRef="u1">14000</tns:Tax.Losses.ForgivenDebtNet.Amount>
  <tns:Tax.Losses.Incurred.Amount decimals="0" contextRef="RP" unitRef="u1">25500</tns:Tax.Losses.Incurred.Amount>
  <tns:Tax.Losses.ConversionOfExcessFrankingOffsets.Amount decimals="0" contextRef="RP" unitRef="u1">3000</tns:Tax.Losses.ConversionOfExcessFrankingOffsets.Amount>
  <!--<tns:Tax.Losses.Utilised.Amount decimals="0" contextRef="RP" unitRef="u1">4500</tns:Tax.Losses.Utilised.Amount>-->
  <tns:Tax.Losses.ExemptIncomeNet.Amount decimals="0" contextRef="RP" unitRef="u1">5000</tns:Tax.Losses.ExemptIncomeNet.Amount>
  <tns:Tax.Losses.Forgone.Amount decimals="0" contextRef="RP" unitRef="u1">3500</tns:Tax.Losses.Forgone.Amount>
  <tns:Tax.Losses.Total.Amount decimals="0" contextRef="RP" unitRef="u1">22000</tns:Tax.Losses.Total.Amount>
  <tns:Tax.Losses.TransferredOut.Amount decimals="0" contextRef="RP" unitRef="u1">13500</tns:Tax.Losses.TransferredOut.Amount>
  <tns:Tax.Losses.CarriedForward.LaterIncomeYearsTotal.Amount decimals="0" contextRef="RP" unitRef="u1">213700</tns:Tax.Losses.CarriedForward.LaterIncomeYearsTotal.Amount>
</xbrli:xbrl>
