<xbrli:xbrl xmlns:xsi="http://www.w3.org/2001/XMLSchema-instance" xsi:schemaLocation="http://xbrl.org/2006/xbrldi http://www.xbrl.org/2006/xbrldi-2006.xsd" xmlns:tns="http://www.sbr.gov.au/ato/cgts" xmlns:link="http://www.xbrl.org/2003/linkbase" xmlns:iso4217="http://www.xbrl.org/2003/iso4217" xmlns:xbrldi="http://xbrl.org/2006/xbrldi" xmlns:xbrli="http://www.xbrl.org/2003/instance" xmlns:xbrldt="http://xbrl.org/2005/xbrldt" xmlns:xlink="http://www.w3.org/1999/xlink">
  <link:schemaRef xlink:type="simple" xlink:href="http://sbr.gov.au/taxonomy/sbr_au_reports/ato/cgts/cgts_0006/ato.cgts.0006.2018.01.00.report.xsd" />
  <xbrli:context id="RP">
    <xbrli:entity>
      <xbrli:identifier scheme="http://www.ato.gov.au/tfn">220114767</xbrli:identifier>
      <xbrli:segment>
        <xbrldi:explicitMember dimension="tns:ReportPartyTypeDimension">tns:ReportingParty</xbrldi:explicitMember>
      </xbrli:segment>
    </xbrli:entity>
    <xbrli:period>
      <xbrli:startDate>2023-07-01</xbrli:startDate>
      <xbrli:endDate>2024-06-30</xbrli:endDate>
    </xbrli:period>
  </xbrli:context>
  <xbrli:context id="RP.EarnoutArrangementGroupNumber_1">
    <xbrli:entity>
      <xbrli:identifier scheme="http://www.ato.gov.au/tfn">220114767</xbrli:identifier>
      <xbrli:segment>
        <xbrldi:explicitMember dimension="tns:ReportPartyTypeDimension">tns:ReportingParty</xbrldi:explicitMember>
        <xbrldi:typedMember dimension="tns:EarnoutArrangementGroupItemDimension">
          <tns:EarnoutArrangementGroupItemContainer>1</tns:EarnoutArrangementGroupItemContainer>
        </xbrldi:typedMember>
      </xbrli:segment>
    </xbrli:entity>
    <xbrli:period>
      <xbrli:startDate>2023-07-01</xbrli:startDate>
      <xbrli:endDate>2024-06-30</xbrli:endDate>
    </xbrli:period>
  </xbrli:context>
  <xbrli:context id="RP.EarnoutArrangementGroupNumber_2">
    <xbrli:entity>
      <xbrli:identifier scheme="http://www.ato.gov.au/tfn">220114767</xbrli:identifier>
      <xbrli:segment>
        <xbrldi:explicitMember dimension="tns:ReportPartyTypeDimension">tns:ReportingParty</xbrldi:explicitMember>
        <xbrldi:typedMember dimension="tns:EarnoutArrangementGroupItemDimension">
          <tns:EarnoutArrangementGroupItemContainer>2</tns:EarnoutArrangementGroupItemContainer>
        </xbrldi:typedMember>
      </xbrli:segment>
    </xbrli:entity>
    <xbrli:period>
      <xbrli:startDate>2023-07-01</xbrli:startDate>
      <xbrli:endDate>2024-06-30</xbrli:endDate>
    </xbrli:period>
  </xbrli:context>
  <xbrli:context id="RP.EarnoutArrangementGroupNumber_3">
    <xbrli:entity>
      <xbrli:identifier scheme="http://www.ato.gov.au/tfn">220114767</xbrli:identifier>
      <xbrli:segment>
        <xbrldi:explicitMember dimension="tns:ReportPartyTypeDimension">tns:ReportingParty</xbrldi:explicitMember>
        <xbrldi:typedMember dimension="tns:EarnoutArrangementGroupItemDimension">
          <tns:EarnoutArrangementGroupItemContainer>3</tns:EarnoutArrangementGroupItemContainer>
        </xbrldi:typedMember>
      </xbrli:segment>
    </xbrli:entity>
    <xbrli:period>
      <xbrli:startDate>2023-07-01</xbrli:startDate>
      <xbrli:endDate>2024-06-30</xbrli:endDate>
    </xbrli:period>
  </xbrli:context>
  <xbrli:context id="RP.Applied">
    <xbrli:entity>
      <xbrli:identifier scheme="http://www.ato.gov.au/tfn">220114767</xbrli:identifier>
      <xbrli:segment>
        <xbrldi:explicitMember dimension="tns:AccountingTreatmentMethodDimension">tns:Applied</xbrldi:explicitMember>
        <xbrldi:explicitMember dimension="tns:ReportPartyTypeDimension">tns:ReportingParty</xbrldi:explicitMember>
      </xbrli:segment>
    </xbrli:entity>
    <xbrli:period>
      <xbrli:startDate>2023-07-01</xbrli:startDate>
      <xbrli:endDate>2024-06-30</xbrli:endDate>
    </xbrli:period>
  </xbrli:context>
  <xbrli:context id="RP.ListedCompanyShares">
    <xbrli:entity>
      <xbrli:identifier scheme="http://www.ato.gov.au/tfn">220114767</xbrli:identifier>
      <xbrli:segment>
        <xbrldi:explicitMember dimension="tns:AssetTypeDimension">tns:ListedCompanyShares</xbrldi:explicitMember>
        <xbrldi:explicitMember dimension="tns:ReportPartyTypeDimension">tns:ReportingParty</xbrldi:explicitMember>
      </xbrli:segment>
    </xbrli:entity>
    <xbrli:period>
      <xbrli:startDate>2023-07-01</xbrli:startDate>
      <xbrli:endDate>2024-06-30</xbrli:endDate>
    </xbrli:period>
  </xbrli:context>
  <xbrli:context id="RP.OtherShares">
    <xbrli:entity>
      <xbrli:identifier scheme="http://www.ato.gov.au/tfn">220114767</xbrli:identifier>
      <xbrli:segment>
        <xbrldi:explicitMember dimension="tns:AssetTypeDimension">tns:OtherShares</xbrldi:explicitMember>
        <xbrldi:explicitMember dimension="tns:ReportPartyTypeDimension">tns:ReportingParty</xbrldi:explicitMember>
      </xbrli:segment>
    </xbrli:entity>
    <xbrli:period>
      <xbrli:startDate>2023-07-01</xbrli:startDate>
      <xbrli:endDate>2024-06-30</xbrli:endDate>
    </xbrli:period>
  </xbrli:context>
  <xbrli:context id="RP.ListedUnitTrusts">
    <xbrli:entity>
      <xbrli:identifier scheme="http://www.ato.gov.au/tfn">220114767</xbrli:identifier>
      <xbrli:segment>
        <xbrldi:explicitMember dimension="tns:AssetTypeDimension">tns:ListedUnitTrusts</xbrldi:explicitMember>
        <xbrldi:explicitMember dimension="tns:ReportPartyTypeDimension">tns:ReportingParty</xbrldi:explicitMember>
      </xbrli:segment>
    </xbrli:entity>
    <xbrli:period>
      <xbrli:startDate>2023-07-01</xbrli:startDate>
      <xbrli:endDate>2024-06-30</xbrli:endDate>
    </xbrli:period>
  </xbrli:context>
  <xbrli:context id="RP.OtherUnits">
    <xbrli:entity>
      <xbrli:identifier scheme="http://www.ato.gov.au/tfn">220114767</xbrli:identifier>
      <xbrli:segment>
        <xbrldi:explicitMember dimension="tns:AssetTypeDimension">tns:OtherUnits</xbrldi:explicitMember>
        <xbrldi:explicitMember dimension="tns:ReportPartyTypeDimension">tns:ReportingParty</xbrldi:explicitMember>
      </xbrli:segment>
    </xbrli:entity>
    <xbrli:period>
      <xbrli:startDate>2023-07-01</xbrli:startDate>
      <xbrli:endDate>2024-06-30</xbrli:endDate>
    </xbrli:period>
  </xbrli:context>
  <xbrli:context id="RP.AustralianRealProperty">
    <xbrli:entity>
      <xbrli:identifier scheme="http://www.ato.gov.au/tfn">220114767</xbrli:identifier>
      <xbrli:segment>
        <xbrldi:explicitMember dimension="tns:AssetTypeDimension">tns:RealPropertyAUS</xbrldi:explicitMember>
        <xbrldi:explicitMember dimension="tns:ReportPartyTypeDimension">tns:ReportingParty</xbrldi:explicitMember>
      </xbrli:segment>
    </xbrli:entity>
    <xbrli:period>
      <xbrli:startDate>2023-07-01</xbrli:startDate>
      <xbrli:endDate>2024-06-30</xbrli:endDate>
    </xbrli:period>
  </xbrli:context>
  <xbrli:context id="RP.OverseasRealProperty">
    <xbrli:entity>
      <xbrli:identifier scheme="http://www.ato.gov.au/tfn">220114767</xbrli:identifier>
      <xbrli:segment>
        <xbrldi:explicitMember dimension="tns:AssetTypeDimension">tns:OverseasRealProperty</xbrldi:explicitMember>
        <xbrldi:explicitMember dimension="tns:ReportPartyTypeDimension">tns:ReportingParty</xbrldi:explicitMember>
      </xbrli:segment>
    </xbrli:entity>
    <xbrli:period>
      <xbrli:startDate>2023-07-01</xbrli:startDate>
      <xbrli:endDate>2024-06-30</xbrli:endDate>
    </xbrli:period>
  </xbrli:context>
  <xbrli:context id="RP.CapitalGainsTrustDistributions">
    <xbrli:entity>
      <xbrli:identifier scheme="http://www.ato.gov.au/tfn">220114767</xbrli:identifier>
      <xbrli:segment>
        <xbrldi:explicitMember dimension="tns:AssetTypeDimension">tns:CapitalGainsTrustDistributions</xbrldi:explicitMember>
        <xbrldi:explicitMember dimension="tns:ReportPartyTypeDimension">tns:ReportingParty</xbrldi:explicitMember>
      </xbrli:segment>
    </xbrli:entity>
    <xbrli:period>
      <xbrli:startDate>2023-07-01</xbrli:startDate>
      <xbrli:endDate>2024-06-30</xbrli:endDate>
    </xbrli:period>
  </xbrli:context>
  <xbrli:context id="RP.Collectables">
    <xbrli:entity>
      <xbrli:identifier scheme="http://www.ato.gov.au/tfn">220114767</xbrli:identifier>
      <xbrli:segment>
        <xbrldi:explicitMember dimension="tns:AssetTypeDimension">tns:Collectables</xbrldi:explicitMember>
        <xbrldi:explicitMember dimension="tns:ReportPartyTypeDimension">tns:ReportingParty</xbrldi:explicitMember>
      </xbrli:segment>
    </xbrli:entity>
    <xbrli:period>
      <xbrli:startDate>2023-07-01</xbrli:startDate>
      <xbrli:endDate>2024-06-30</xbrli:endDate>
    </xbrli:period>
  </xbrli:context>
  <xbrli:context id="RP.OtherCapitalAssets">
    <xbrli:entity>
      <xbrli:identifier scheme="http://www.ato.gov.au/tfn">220114767</xbrli:identifier>
      <xbrli:segment>
        <xbrldi:explicitMember dimension="tns:AssetTypeDimension">tns:CGTOther</xbrldi:explicitMember>
        <xbrldi:explicitMember dimension="tns:ReportPartyTypeDimension">tns:ReportingParty</xbrldi:explicitMember>
      </xbrli:segment>
    </xbrli:entity>
    <xbrli:period>
      <xbrli:startDate>2023-07-01</xbrli:startDate>
      <xbrli:endDate>2024-06-30</xbrli:endDate>
    </xbrli:period>
  </xbrli:context>
  <xbrli:context id="RP.Collectables.Unapplied.Instant">
    <xbrli:entity>
      <xbrli:identifier scheme="http://www.ato.gov.au/tfn">220114767</xbrli:identifier>
      <xbrli:segment>
        <xbrldi:explicitMember dimension="tns:AccountingTreatmentMethodDimension">tns:Unapplied</xbrldi:explicitMember>
        <xbrldi:explicitMember dimension="tns:AssetTypeDimension">tns:Collectables</xbrldi:explicitMember>
        <xbrldi:explicitMember dimension="tns:ReportPartyTypeDimension">tns:ReportingParty</xbrldi:explicitMember>
      </xbrli:segment>
    </xbrli:entity>
    <xbrli:period>
      <xbrli:instant>2024-06-30</xbrli:instant>
    </xbrli:period>
  </xbrli:context>
  <xbrli:context id="RP.CGTOther.Unapplied.Instant">
    <xbrli:entity>
      <xbrli:identifier scheme="http://www.ato.gov.au/tfn">220114767</xbrli:identifier>
      <xbrli:segment>
        <xbrldi:explicitMember dimension="tns:AccountingTreatmentMethodDimension">tns:Unapplied</xbrldi:explicitMember>
        <xbrldi:explicitMember dimension="tns:AssetTypeDimension">tns:CGTOther</xbrldi:explicitMember>
        <xbrldi:explicitMember dimension="tns:ReportPartyTypeDimension">tns:ReportingParty</xbrldi:explicitMember>
      </xbrli:segment>
    </xbrli:entity>
    <xbrli:period>
      <xbrli:instant>2024-06-30</xbrli:instant>
    </xbrli:period>
  </xbrli:context>
  <xbrli:context id="RP.Applied.Y0">
    <xbrli:entity>
      <xbrli:identifier scheme="http://www.ato.gov.au/tfn">220114767</xbrli:identifier>
      <xbrli:segment>
        <xbrldi:explicitMember dimension="tns:AccountingTreatmentMethodDimension">tns:Applied</xbrldi:explicitMember>
        <xbrldi:explicitMember dimension="tns:RelativePeriodDurationDimension">tns:Y0</xbrldi:explicitMember>
        <xbrldi:explicitMember dimension="tns:ReportPartyTypeDimension">tns:ReportingParty</xbrldi:explicitMember>
      </xbrli:segment>
    </xbrli:entity>
    <xbrli:period>
      <xbrli:startDate>2023-07-01</xbrli:startDate>
      <xbrli:endDate>2024-06-30</xbrli:endDate>
    </xbrli:period>
  </xbrli:context>
  <xbrli:context id="RP.Applied.Y0-">
    <xbrli:entity>
      <xbrli:identifier scheme="http://www.ato.gov.au/tfn">220114767</xbrli:identifier>
      <xbrli:segment>
        <xbrldi:explicitMember dimension="tns:AccountingTreatmentMethodDimension">tns:Applied</xbrldi:explicitMember>
        <xbrldi:explicitMember dimension="tns:RelativePeriodDurationDimension">tns:Y0Minus</xbrldi:explicitMember>
        <xbrldi:explicitMember dimension="tns:ReportPartyTypeDimension">tns:ReportingParty</xbrldi:explicitMember>
      </xbrli:segment>
    </xbrli:entity>
    <xbrli:period>
      <xbrli:startDate>2023-07-01</xbrli:startDate>
      <xbrli:endDate>2024-06-30</xbrli:endDate>
    </xbrli:period>
  </xbrli:context>
  <xbrli:unit id="u1">
    <xbrli:measure>iso4217:AUD</xbrli:measure>
  </xbrli:unit>
  <xbrli:unit id="u2">
    <xbrli:measure>xbrli:pure</xbrli:measure>
  </xbrli:unit>
  <tns:Capital.Gains.Total.Amount decimals="0" contextRef="RP.ListedCompanyShares" unitRef="u1">150000</tns:Capital.Gains.Total.Amount>
  <tns:Capital.Losses.Total.Amount decimals="0" contextRef="RP.ListedCompanyShares" unitRef="u1">60000</tns:Capital.Losses.Total.Amount>
  <tns:Capital.Gains.Total.Amount decimals="0" contextRef="RP.OtherShares" unitRef="u1">30000</tns:Capital.Gains.Total.Amount>
  <tns:Capital.Losses.Total.Amount decimals="0" contextRef="RP.OtherShares" unitRef="u1">12000</tns:Capital.Losses.Total.Amount>
  <tns:Capital.Gains.Total.Amount decimals="0" contextRef="RP.ListedUnitTrusts" unitRef="u1">45000</tns:Capital.Gains.Total.Amount>
  <tns:Capital.Losses.Total.Amount decimals="0" contextRef="RP.ListedUnitTrusts" unitRef="u1">55000</tns:Capital.Losses.Total.Amount>
  <tns:Capital.Gains.Total.Amount decimals="0" contextRef="RP.OtherUnits" unitRef="u1">35000</tns:Capital.Gains.Total.Amount>
  <tns:Capital.Losses.Total.Amount decimals="0" contextRef="RP.OtherUnits" unitRef="u1">60000</tns:Capital.Losses.Total.Amount>
  <tns:Capital.Gains.Total.Amount decimals="0" contextRef="RP.AustralianRealProperty" unitRef="u1">80000</tns:Capital.Gains.Total.Amount>
  <tns:Capital.Losses.Total.Amount decimals="0" contextRef="RP.AustralianRealProperty" unitRef="u1">120000</tns:Capital.Losses.Total.Amount>
  <tns:Capital.Gains.Total.Amount decimals="0" contextRef="RP.OverseasRealProperty" unitRef="u1">250000</tns:Capital.Gains.Total.Amount>
  <tns:Capital.Losses.Total.Amount decimals="0" contextRef="RP.OverseasRealProperty" unitRef="u1">40000</tns:Capital.Losses.Total.Amount>
  <tns:Capital.Gains.Total.Amount decimals="0" contextRef="RP.CapitalGainsTrustDistributions" unitRef="u1">30000</tns:Capital.Gains.Total.Amount>
  <tns:Capital.Gains.Total.Amount decimals="0" contextRef="RP.Collectables" unitRef="u1">80000</tns:Capital.Gains.Total.Amount>
  <tns:Capital.Losses.Total.Amount decimals="0" contextRef="RP.Collectables" unitRef="u1">70000</tns:Capital.Losses.Total.Amount>
  <tns:Capital.Gains.Total.Amount decimals="0" contextRef="RP.OtherCapitalAssets" unitRef="u1">120000</tns:Capital.Gains.Total.Amount>
  <tns:Capital.Losses.Total.Amount decimals="0" contextRef="RP.OtherCapitalAssets" unitRef="u1">7000</tns:Capital.Losses.Total.Amount>
  <tns:Capital.Gains.Total.Amount decimals="0" contextRef="RP" unitRef="u1">820000</tns:Capital.Gains.Total.Amount>
  <tns:Capital.Losses.Total.Amount decimals="0" contextRef="RP" unitRef="u1">424000</tns:Capital.Losses.Total.Amount>
  <tns:Capital.Losses.Total.Amount decimals="0" contextRef="RP.Applied.Y0" unitRef="u1">354000</tns:Capital.Losses.Total.Amount>
  <tns:Capital.Losses.NetTotal.Amount decimals="0" contextRef="RP.Applied.Y0-" unitRef="u1">50000</tns:Capital.Losses.NetTotal.Amount>
  <tns:Capital.Losses.TransferredTotal.Amount decimals="0" contextRef="RP.Applied" unitRef="u1">30000</tns:Capital.Losses.TransferredTotal.Amount>
  <tns:Capital.Losses.Total.Amount decimals="0" contextRef="RP.Applied" unitRef="u1">434000</tns:Capital.Losses.Total.Amount>
  <tns:Capital.Losses.CarriedForward.Net.Amount decimals="0" contextRef="RP.Collectables.Unapplied.Instant" unitRef="u1">1273300</tns:Capital.Losses.CarriedForward.Net.Amount>
  <tns:Capital.Losses.CarriedForward.Net.Amount xsi:nil="true" contextRef="RP.CGTOther.Unapplied.Instant" unitRef="u1" />
  <tns:TaxConcession.CapitalGains.DiscountTotal.Amount decimals="0" contextRef="RP.Applied" unitRef="u1">0</tns:TaxConcession.CapitalGains.DiscountTotal.Amount>
  <tns:TaxConcession.CapitalGains.SmallBusinessActiveAssetReduction.Amount decimals="0" contextRef="RP" unitRef="u1">113000</tns:TaxConcession.CapitalGains.SmallBusinessActiveAssetReduction.Amount>
  <tns:TaxConcession.CapitalGains.SmallBusinessRetirementExemption.Amount decimals="0" contextRef="RP" unitRef="u1">256000</tns:TaxConcession.CapitalGains.SmallBusinessRetirementExemption.Amount>
  <tns:TaxConcession.CapitalGains.SmallBusinessRollover.Amount decimals="0" contextRef="RP" unitRef="u1">17000</tns:TaxConcession.CapitalGains.SmallBusinessRollover.Amount>
  <tns:TaxConcession.CapitalGains.DiscountAndSmallBusinessConcessionsTotal.Amount decimals="0" contextRef="RP" unitRef="u1">386000</tns:TaxConcession.CapitalGains.DiscountAndSmallBusinessConcessionsTotal.Amount>
  <tns:Income.CapitalGainsNet.Amount decimals="0" contextRef="RP" unitRef="u1">0</tns:Income.CapitalGainsNet.Amount>
  <tns:TaxConcession.CapitalGains.SmallBusinessExemptionExempt.Amount decimals="0" contextRef="RP" unitRef="u1">8000</tns:TaxConcession.CapitalGains.SmallBusinessExemptionExempt.Amount>
  <tns:TaxConcession.CapitalGains.SmallBusinessExemptionAssetOrEvent.Code contextRef="RP">S</tns:TaxConcession.CapitalGains.SmallBusinessExemptionAssetOrEvent.Code>
  <tns:Capital.Gains.ForeignResidentExemption.Amount decimals="0" contextRef="RP" unitRef="u1">25000</tns:Capital.Gains.ForeignResidentExemption.Amount>
  <tns:Capital.Gains.DemergingEntityExemption.Amount decimals="0" contextRef="RP" unitRef="u1">40000</tns:Capital.Gains.DemergingEntityExemption.Amount>
  <tns:Miscellaneous.EarnoutArrangementEligibility.Code contextRef="RP.EarnoutArrangementGroupNumber_1">Buyer</tns:Miscellaneous.EarnoutArrangementEligibility.Code>
  <tns:Miscellaneous.EarnoutArrangementDuration.Count decimals="0" contextRef="RP.EarnoutArrangementGroupNumber_1" unitRef="u2">3</tns:Miscellaneous.EarnoutArrangementDuration.Count>
  <tns:Miscellaneous.EarnoutArrangementApplicableYear.Number decimals="0" contextRef="RP.EarnoutArrangementGroupNumber_1" unitRef="u2">2</tns:Miscellaneous.EarnoutArrangementApplicableYear.Number>
  <tns:CapitalGainsTax.EarnoutArrangementEstimatedCapitalProceedsTotal.Amount decimals="0" contextRef="RP.EarnoutArrangementGroupNumber_1" unitRef="u1">800000</tns:CapitalGainsTax.EarnoutArrangementEstimatedCapitalProceedsTotal.Amount>
  <tns:CapitalGainsTax.CapitalGainsOrLossesOnNonQualifyingEarnoutArrangementNet.Amount xsi:nil="true" contextRef="RP.EarnoutArrangementGroupNumber_1" unitRef="u1" />
  <!--<tns:Report.TargetFinancial.Year contextRef="RP">2016</tns:Report.TargetFinancial.Year>-->
  <!--<tns:Miscellaneous.RequestedAmendment.Amount decimals="0" contextRef="RP" unitRef="u1">125000</tns:Miscellaneous.RequestedAmendment.Amount>-->
  <tns:Miscellaneous.EarnoutArrangementEligibility.Code contextRef="RP.EarnoutArrangementGroupNumber_2">Seller</tns:Miscellaneous.EarnoutArrangementEligibility.Code>
  <tns:Miscellaneous.EarnoutArrangementDuration.Count decimals="0" contextRef="RP.EarnoutArrangementGroupNumber_2" unitRef="u2">5</tns:Miscellaneous.EarnoutArrangementDuration.Count>
  <tns:Miscellaneous.EarnoutArrangementApplicableYear.Number decimals="0" contextRef="RP.EarnoutArrangementGroupNumber_2" unitRef="u2">5</tns:Miscellaneous.EarnoutArrangementApplicableYear.Number>
  <tns:CapitalGainsTax.EarnoutArrangementEstimatedCapitalProceedsTotal.Amount decimals="0" contextRef="RP.EarnoutArrangementGroupNumber_2" unitRef="u1">900000</tns:CapitalGainsTax.EarnoutArrangementEstimatedCapitalProceedsTotal.Amount>
  <tns:CapitalGainsTax.CapitalGainsOrLossesOnNonQualifyingEarnoutArrangementNet.Amount decimals="0" contextRef="RP.EarnoutArrangementGroupNumber_2" unitRef="u1">175000</tns:CapitalGainsTax.CapitalGainsOrLossesOnNonQualifyingEarnoutArrangementNet.Amount>
  <!--<tns:Report.TargetFinancial.Year xsi:nil="true" contextRef="RP.EarnoutArrangementGroupNumber_2"/>-->
  <!--<tns:Miscellaneous.RequestedAmendment.Amount xsi:nil="true" contextRef="RP.EarnoutArrangementGroupNumber_2" unitRef="u1"/>-->
  <tns:Miscellaneous.EarnoutArrangementEligibility.Code contextRef="RP.EarnoutArrangementGroupNumber_3">No</tns:Miscellaneous.EarnoutArrangementEligibility.Code>
  <tns:Miscellaneous.EarnoutArrangementDuration.Count xsi:nil="true" contextRef="RP.EarnoutArrangementGroupNumber_3" unitRef="u2" />
  <tns:Miscellaneous.EarnoutArrangementApplicableYear.Number xsi:nil="true" contextRef="RP.EarnoutArrangementGroupNumber_3" unitRef="u2" />
  <tns:CapitalGainsTax.EarnoutArrangementEstimatedCapitalProceedsTotal.Amount xsi:nil="true" contextRef="RP.EarnoutArrangementGroupNumber_3" unitRef="u1" />
  <tns:CapitalGainsTax.CapitalGainsOrLossesOnNonQualifyingEarnoutArrangementNet.Amount xsi:nil="true" contextRef="RP.EarnoutArrangementGroupNumber_3" unitRef="u1" />
  <!--<tns:Report.TargetFinancial.Year contextRef="RP.EarnoutArrangementGroupNumber_3">2016</tns:Report.TargetFinancial.Year>
	<tns:Miscellaneous.RequestedAmendment.Amount decimals="0" contextRef="RP.EarnoutArrangementGroupNumber_3" unitRef="u1">125000</tns:Miscellaneous.RequestedAmendment.Amount>-->
  <tns:Capital.Gains.ScriptForScriptRolloverDeferral.Amount decimals="0" contextRef="RP" unitRef="u1">0</tns:Capital.Gains.ScriptForScriptRolloverDeferral.Amount>
  <tns:Capital.Gains.InterCompanyAssetRolloverDeferral.Amount decimals="0" contextRef="RP" unitRef="u1">0</tns:Capital.Gains.InterCompanyAssetRolloverDeferral.Amount>
</xbrli:xbrl>
