<xbrli:xbrl xmlns:xlink="http://www.w3.org/1999/xlink" xmlns:xbrldt="http://xbrl.org/2005/xbrldt" xmlns:xbrli="http://www.xbrl.org/2003/instance" xmlns:xbrldi="http://xbrl.org/2006/xbrldi" xmlns:iso4217="http://www.xbrl.org/2003/iso4217" xmlns:link="http://www.xbrl.org/2003/linkbase" xmlns:tns="http://www.sbr.gov.au/ato/cgnft" xsi:schemaLocation="http://xbrl.org/2006/xbrldi http://www.xbrl.org/2006/xbrldi-2006.xsd" xmlns:xsi="http://www.w3.org/2001/XMLSchema-instance">
  <link:schemaRef xlink:href="http://sbr.gov.au/taxonomy/sbr_au_reports/ato/cgnft/cgnft_0002/ato.cgnft.0002.2018.01.00.report.xsd" xlink:type="simple" />
  <xbrli:context id="Context_Duration_ConsolidatedParty">
    <xbrli:entity>
      <xbrli:identifier scheme="http://www.ato.gov.au/tfn">220115685</xbrli:identifier>
      <xbrli:segment>
        <xbrldi:explicitMember dimension="tns:ReportPartyTypeDimension">tns:ConsolidatedParty</xbrldi:explicitMember>
      </xbrli:segment>
    </xbrli:entity>
    <xbrli:period>
      <xbrli:startDate>2023-07-01</xbrli:startDate>
      <xbrli:endDate>2024-06-30</xbrli:endDate>
    </xbrli:period>
  </xbrli:context>
  <xbrli:context id="Context_Duration_ReportingParty">
    <xbrli:entity>
      <xbrli:identifier scheme="http://www.abr.gov.au/abn">49425379391</xbrli:identifier>
      <xbrli:segment>
        <xbrldi:explicitMember dimension="tns:ReportPartyTypeDimension">tns:ReportingParty</xbrldi:explicitMember>
      </xbrli:segment>
    </xbrli:entity>
    <xbrli:period>
      <xbrli:startDate>2023-07-01</xbrli:startDate>
      <xbrli:endDate>2024-06-30</xbrli:endDate>
    </xbrli:period>
  </xbrli:context>
  <xbrli:context id="Context_Duration_TrueAndCorrect_ReportingParty">
    <xbrli:entity>
      <xbrli:identifier scheme="http://www.abr.gov.au/abn">49425379391</xbrli:identifier>
      <xbrli:segment>
        <xbrldi:explicitMember dimension="tns:DeclarationTypeDimension">tns:TrueAndCorrect</xbrldi:explicitMember>
        <xbrldi:explicitMember dimension="tns:ReportPartyTypeDimension">tns:ReportingParty</xbrldi:explicitMember>
      </xbrli:segment>
    </xbrli:entity>
    <xbrli:period>
      <xbrli:startDate>2023-07-01</xbrli:startDate>
      <xbrli:endDate>2024-06-30</xbrli:endDate>
    </xbrli:period>
  </xbrli:context>
  <xbrli:context id="Context_Duration_TrueAndCorrect_Intermediary">
    <xbrli:entity>
      <xbrli:identifier scheme="http://www.abr.gov.au/abn">78330347529</xbrli:identifier>
      <xbrli:segment>
        <xbrldi:explicitMember dimension="tns:DeclarationTypeDimension">tns:TrueAndCorrect</xbrldi:explicitMember>
        <xbrldi:explicitMember dimension="tns:ReportPartyTypeDimension">tns:Intermediary</xbrldi:explicitMember>
      </xbrli:segment>
    </xbrli:entity>
    <xbrli:period>
      <xbrli:startDate>2023-07-01</xbrli:startDate>
      <xbrli:endDate>2024-06-30</xbrli:endDate>
    </xbrli:period>
  </xbrli:context>
  <xbrli:context id="Context_Duration_ConsolidatedParty_PurchasingEntity">
    <xbrli:entity>
      <xbrli:identifier scheme="http://www.ato.gov.au/tfn">220115685</xbrli:identifier>
      <xbrli:segment>
        <xbrldi:explicitMember dimension="tns:ReportPartyTypeDimension">tns:ConsolidatedParty</xbrldi:explicitMember>
        <xbrldi:explicitMember dimension="tns:SecondaryPartyTypeDimension">tns:PurchasingEntity</xbrldi:explicitMember>
      </xbrli:segment>
    </xbrli:entity>
    <xbrli:period>
      <xbrli:startDate>2023-07-01</xbrli:startDate>
      <xbrli:endDate>2024-06-30</xbrli:endDate>
    </xbrli:period>
  </xbrli:context>
  <!-- Reporting Party -->
  <tns:Identifiers.TaxFileNumber.Identifier contextRef="Context_Duration_ReportingParty">220114783</tns:Identifiers.TaxFileNumber.Identifier>
  <tns:OrganisationNameDetails.OrganisationalName.Text contextRef="Context_Duration_ReportingParty">WD Hills Pvt Ltd</tns:OrganisationNameDetails.OrganisationalName.Text>
  <tns:OrganisationDetails.TaxConsolidation.Date contextRef="Context_Duration_ReportingParty">2023-07-01</tns:OrganisationDetails.TaxConsolidation.Date>
  <tns:OrganisationDetails.TaxConsolidationMultipleEntryConsolidatedGroup.Indicator contextRef="Context_Duration_ReportingParty">false</tns:OrganisationDetails.TaxConsolidationMultipleEntryConsolidatedGroup.Indicator>
  <!-- Consolidated Party -->
  <tns:Identifiers.AustralianBusinessNumber.Identifier contextRef="Context_Duration_ConsolidatedParty">78330347529</tns:Identifiers.AustralianBusinessNumber.Identifier>
  <tns:Identifiers.AustralianRegisteredBodyNumber.Identifier contextRef="Context_Duration_ConsolidatedParty">143750038</tns:Identifiers.AustralianRegisteredBodyNumber.Identifier>
  <tns:Identifiers.AustralianCompanyNumber.Identifier contextRef="Context_Duration_ConsolidatedParty">143750038</tns:Identifiers.AustralianCompanyNumber.Identifier>
  <tns:OrganisationDetails.TaxConsolidationSubsidiaryMemberEntry.Date contextRef="Context_Duration_ConsolidatedParty">2023-07-02</tns:OrganisationDetails.TaxConsolidationSubsidiaryMemberEntry.Date>
  <tns:OrganisationDetails.TaxConsolidationSubsidiaryMemberExit.Date contextRef="Context_Duration_ConsolidatedParty">2023-07-26</tns:OrganisationDetails.TaxConsolidationSubsidiaryMemberExit.Date>
  <tns:OrganisationDetails.TaxConsolidationSubsidiaryMemberExit.Code contextRef="Context_Duration_ConsolidatedParty">Full-sold</tns:OrganisationDetails.TaxConsolidationSubsidiaryMemberExit.Code>
  <tns:OrganisationNameDetails.OrganisationalName.Text contextRef="Context_Duration_ConsolidatedParty">exe-for-PL</tns:OrganisationNameDetails.OrganisationalName.Text>
  <tns:OrganisationDetails.TaxConsolidationSubsidiaryMemberExit.Description contextRef="Context_Duration_ConsolidatedParty">Subsidiary!member$exit@reason</tns:OrganisationDetails.TaxConsolidationSubsidiaryMemberExit.Description>
  <!-- Consolidated Party Purchasing Entity -->
  <tns:OrganisationNameDetails.OrganisationalName.Text contextRef="Context_Duration_ConsolidatedParty_PurchasingEntity">The'ExecPL</tns:OrganisationNameDetails.OrganisationalName.Text>
  <tns:Identifiers.AustralianBusinessNumber.Identifier contextRef="Context_Duration_ConsolidatedParty_PurchasingEntity">78330347529</tns:Identifiers.AustralianBusinessNumber.Identifier>
  <tns:Identifiers.AustralianRegisteredBodyNumber.Identifier contextRef="Context_Duration_ConsolidatedParty_PurchasingEntity">143750038</tns:Identifiers.AustralianRegisteredBodyNumber.Identifier>
  <!--TrueAndCorrect RP-->
  <tns:PersonUnstructuredName.FullName.Text contextRef="Context_Duration_TrueAndCorrect_ReportingParty">MRS-aaTrust</tns:PersonUnstructuredName.FullName.Text>
  <tns:PersonNameDetails.Position.Text contextRef="Context_Duration_TrueAndCorrect_ReportingParty">Test Specialist</tns:PersonNameDetails.Position.Text>
  <tns:ElectronicContact.Telephone.Area.Code contextRef="Context_Duration_TrueAndCorrect_ReportingParty">03</tns:ElectronicContact.Telephone.Area.Code>
  <tns:ElectronicContact.Telephone.Minimal.Number contextRef="Context_Duration_TrueAndCorrect_ReportingParty">53673924</tns:ElectronicContact.Telephone.Minimal.Number>
  <!--     <tns:OrganisationDetails.TaxConsolidationStatus.Code contextRef="Context_Duration_TrueAndCorrect_ReportingParty">1</tns:OrganisationDetails.TaxConsolidationStatus.Code>
 -->
  <tns:Declaration.SignatoryIdentifier.Text contextRef="Context_Duration_TrueAndCorrect_ReportingParty">Testingthisfieldwithnorules</tns:Declaration.SignatoryIdentifier.Text>
  <tns:Declaration.StatementAccepted.Indicator contextRef="Context_Duration_TrueAndCorrect_ReportingParty">true</tns:Declaration.StatementAccepted.Indicator>
  <tns:Declaration.Signature.Date contextRef="Context_Duration_TrueAndCorrect_ReportingParty">2015-09-05</tns:Declaration.Signature.Date>
  <!--TrueAndCorrect Intermediary-->
  <tns:PersonUnstructuredName.FullName.Text contextRef="Context_Duration_TrueAndCorrect_Intermediary">MRSaaTrust</tns:PersonUnstructuredName.FullName.Text>
  <tns:PersonNameDetails.Position.Text contextRef="Context_Duration_TrueAndCorrect_Intermediary">Test Specialist</tns:PersonNameDetails.Position.Text>
  <tns:ElectronicContact.Telephone.Area.Code contextRef="Context_Duration_TrueAndCorrect_Intermediary">03</tns:ElectronicContact.Telephone.Area.Code>
  <tns:ElectronicContact.Telephone.Minimal.Number contextRef="Context_Duration_TrueAndCorrect_Intermediary">53673924</tns:ElectronicContact.Telephone.Minimal.Number>
  <tns:Identifiers.TaxAgentNumber.Identifier contextRef="Context_Duration_TrueAndCorrect_Intermediary">17801003</tns:Identifiers.TaxAgentNumber.Identifier>
  <tns:Declaration.SignatoryIdentifier.Text contextRef="Context_Duration_TrueAndCorrect_Intermediary">Testingthisfieldwithnorules</tns:Declaration.SignatoryIdentifier.Text>
  <tns:Declaration.StatementAccepted.Indicator contextRef="Context_Duration_TrueAndCorrect_Intermediary">true</tns:Declaration.StatementAccepted.Indicator>
  <tns:Declaration.Signature.Date contextRef="Context_Duration_TrueAndCorrect_Intermediary">2015-09-05</tns:Declaration.Signature.Date>
</xbrli:xbrl>
