<xbrli:xbrl xmlns:xsi="http://www.w3.org/2001/XMLSchema-instance" xsi:schemaLocation="http://xbrl.org/2006/xbrldi http://www.xbrl.org/2006/xbrldi-2006.xsd" xmlns:tns="http://www.sbr.gov.au/ato/pss" xmlns:link="http://www.xbrl.org/2003/linkbase" xmlns:iso4217="http://www.xbrl.org/2003/iso4217" xmlns:xbrldi="http://xbrl.org/2006/xbrldi" xmlns:xbrli="http://www.xbrl.org/2003/instance" xmlns:xbrldt="http://xbrl.org/2005/xbrldt" xmlns:xlink="http://www.w3.org/1999/xlink">
  <link:schemaRef xlink:type="simple" xlink:href="http://sbr.gov.au/taxonomy/sbr_au_reports/ato/pss/pss_0002/ato.pss.0002.2018.01.00.report.xsd" />
  <xbrli:context id="RP.Payer.PSSeqNum.1">
    <xbrli:entity>
      <xbrli:identifier scheme="http://www.ato.gov.au/tfn">220114716</xbrli:identifier>
      <xbrli:segment>
        <xbrldi:explicitMember dimension="tns:ReportPartyTypeDimension">tns:ReportingParty</xbrldi:explicitMember>
        <xbrldi:explicitMember dimension="tns:SecondaryPartyTypeDimension">tns:Payer</xbrldi:explicitMember>
        <xbrldi:typedMember dimension="tns:SequenceNumberDimension">
          <tns:SequenceNumberContainer>1</tns:SequenceNumberContainer>
        </xbrldi:typedMember>
      </xbrli:segment>
    </xbrli:entity>
    <xbrli:period>
      <xbrli:startDate>2023-07-01</xbrli:startDate>
      <xbrli:endDate>2024-06-30</xbrli:endDate>
    </xbrli:period>
  </xbrli:context>
  <xbrli:context id="RP.Payer.PSSeqNum.2">
    <xbrli:entity>
      <xbrli:identifier scheme="http://www.ato.gov.au/tfn">220114716</xbrli:identifier>
      <xbrli:segment>
        <xbrldi:explicitMember dimension="tns:ReportPartyTypeDimension">tns:ReportingParty</xbrldi:explicitMember>
        <xbrldi:explicitMember dimension="tns:SecondaryPartyTypeDimension">tns:Payer</xbrldi:explicitMember>
        <xbrldi:typedMember dimension="tns:SequenceNumberDimension">
          <tns:SequenceNumberContainer>2</tns:SequenceNumberContainer>
        </xbrldi:typedMember>
      </xbrli:segment>
    </xbrli:entity>
    <xbrli:period>
      <xbrli:startDate>2023-07-01</xbrli:startDate>
      <xbrli:endDate>2024-06-30</xbrli:endDate>
    </xbrli:period>
  </xbrli:context>
  <xbrli:unit id="u1">
    <xbrli:measure>iso4217:AUD</xbrli:measure>
  </xbrli:unit>
  <tns:IncomeTax.IncomeType.Code contextRef="RP.Payer.PSSeqNum.1">Business</tns:IncomeTax.IncomeType.Code>
  <tns:Identifiers.AustralianBusinessNumber.Identifier contextRef="RP.Payer.PSSeqNum.1">76000010944</tns:Identifiers.AustralianBusinessNumber.Identifier>
  <tns:Identifiers.WithholdingPayerNumber.Identifier contextRef="RP.Payer.PSSeqNum.1" xsi:nil="true" />
  <tns:OrganisationNameDetails.OrganisationalName.Text contextRef="RP.Payer.PSSeqNum.1">RP Org Nm Curr</tns:OrganisationNameDetails.OrganisationalName.Text>
  <tns:PersonNameDetails.FamilyName.Text xsi:nil="true" contextRef="RP.Payer.PSSeqNum.1" />
  <tns:PersonNameDetails.GivenName.Text xsi:nil="true" contextRef="RP.Payer.PSSeqNum.1" />
  <tns:PersonNameDetails.OtherGivenName.Text xsi:nil="true" contextRef="RP.Payer.PSSeqNum.1" />
  <tns:Remuneration.PaymentToForeignResidentGross.Amount xsi:nil="true" contextRef="RP.Payer.PSSeqNum.1" unitRef="u1" />
  <tns:IncomeTax.PayAsYouGoWithholding.CreditTaxWithheldBusinessForeignResident.Amount xsi:nil="true" contextRef="RP.Payer.PSSeqNum.1" unitRef="u1" />
  <tns:IncomeTax.IncomeType.Code contextRef="RP.Payer.PSSeqNum.2">Business</tns:IncomeTax.IncomeType.Code>
  <tns:Identifiers.AustralianBusinessNumber.Identifier contextRef="RP.Payer.PSSeqNum.2" xsi:nil="true" />
  <tns:Identifiers.WithholdingPayerNumber.Identifier contextRef="RP.Payer.PSSeqNum.2">00715232143</tns:Identifiers.WithholdingPayerNumber.Identifier>
  <tns:PersonNameDetails.FamilyName.Text contextRef="RP.Payer.PSSeqNum.2">Pyr2FamilyName</tns:PersonNameDetails.FamilyName.Text>
  <tns:PersonNameDetails.GivenName.Text contextRef="RP.Payer.PSSeqNum.2">Pyr2GivenName</tns:PersonNameDetails.GivenName.Text>
  <tns:PersonNameDetails.OtherGivenName.Text contextRef="RP.Payer.PSSeqNum.2">Pyr2OtherGivenName</tns:PersonNameDetails.OtherGivenName.Text>
  <tns:Remuneration.ABNNotQuotedPaymentGross.Amount xsi:nil="true" contextRef="RP.Payer.PSSeqNum.2" unitRef="u1" />
  <tns:Remuneration.PaymentToForeignResidentGross.Amount xsi:nil="true" contextRef="RP.Payer.PSSeqNum.2" unitRef="u1" />
  <tns:IncomeTax.PayAsYouGoWithholding.CreditTaxWithheldBusinessABNNotQuoted.Amount xsi:nil="true" contextRef="RP.Payer.PSSeqNum.2" unitRef="u1" />
</xbrli:xbrl>
