<xbrli:xbrl xmlns:xsi="http://www.w3.org/2001/XMLSchema-instance" xsi:schemaLocation="http://xbrl.org/2006/xbrldi http://www.xbrl.org/2006/xbrldi-2006.xsd" xmlns:tns="http://www.sbr.gov.au/ato/dis" xmlns:link="http://www.xbrl.org/2003/linkbase" xmlns:iso4217="http://www.xbrl.org/2003/iso4217" xmlns:xbrldi="http://xbrl.org/2006/xbrldi" xmlns:xbrli="http://www.xbrl.org/2003/instance" xmlns:xbrldt="http://xbrl.org/2005/xbrldt" xmlns:xlink="http://www.w3.org/1999/xlink">
  <link:schemaRef xlink:type="simple" xlink:href="http://sbr.gov.au/taxonomy/sbr_au_reports/ato/dis/dis_0003/ato.dis.0003.2018.01.00.report.xsd" />
  <xbrli:context id="RP">
    <xbrli:entity>
      <xbrli:identifier scheme="http://www.ato.gov.au/tfn">220114933</xbrli:identifier>
      <xbrli:segment>
        <xbrldi:explicitMember dimension="tns:ReportPartyTypeDimension">tns:ReportingParty</xbrldi:explicitMember>
      </xbrli:segment>
    </xbrli:entity>
    <xbrli:period>
      <xbrli:startDate>2023-07-01</xbrli:startDate>
      <xbrli:endDate>2024-06-30</xbrli:endDate>
    </xbrli:period>
  </xbrli:context>
  <xbrli:context id="RP_CFI">
    <xbrli:entity>
      <xbrli:identifier scheme="http://www.ato.gov.au/tfn">220114933</xbrli:identifier>
      <xbrli:segment>
        <xbrldi:explicitMember dimension="tns:AssessableForeignIncomeClassificationDimension">tns:ConduitForeignIncome</xbrldi:explicitMember>
        <xbrldi:explicitMember dimension="tns:ReportPartyTypeDimension">tns:ReportingParty</xbrldi:explicitMember>
      </xbrli:segment>
    </xbrli:entity>
    <xbrli:period>
      <xbrli:startDate>2023-07-01</xbrli:startDate>
      <xbrli:endDate>2024-06-30</xbrli:endDate>
    </xbrli:period>
  </xbrli:context>
  <xbrli:context id="RP_NONCFI">
    <xbrli:entity>
      <xbrli:identifier scheme="http://www.ato.gov.au/tfn">220114933</xbrli:identifier>
      <xbrli:segment>
        <xbrldi:explicitMember dimension="tns:AssessableForeignIncomeClassificationDimension">tns:NonConduitForeignIncome</xbrldi:explicitMember>
        <xbrldi:explicitMember dimension="tns:ReportPartyTypeDimension">tns:ReportingParty</xbrldi:explicitMember>
      </xbrli:segment>
    </xbrli:entity>
    <xbrli:period>
      <xbrli:startDate>2023-07-01</xbrli:startDate>
      <xbrli:endDate>2024-06-30</xbrli:endDate>
    </xbrli:period>
  </xbrli:context>
  <xbrli:context id="INT">
    <xbrli:entity>
      <xbrli:identifier scheme="http://www.ato.gov.au/abn">14088411787</xbrli:identifier>
      <xbrli:segment>
        <xbrldi:explicitMember dimension="tns:ReportPartyTypeDimension">tns:Intermediary</xbrldi:explicitMember>
      </xbrli:segment>
    </xbrli:entity>
    <xbrli:period>
      <xbrli:startDate>2023-07-01</xbrli:startDate>
      <xbrli:endDate>2024-06-30</xbrli:endDate>
    </xbrli:period>
  </xbrli:context>
  <xbrli:unit id="u1">
    <xbrli:measure>iso4217:AUD</xbrli:measure>
  </xbrli:unit>
  <xbrli:unit id="u2">
    <xbrli:measure>xbrli:pure</xbrli:measure>
  </xbrli:unit>
  <xbrli:unit id="Y">
    <xbrli:measure>tns:Y</xbrli:measure>
  </xbrli:unit>
  <tns:Report.TargetFinancial.Year contextRef="RP" unitRef="Y" decimals="0">2023</tns:Report.TargetFinancial.Year>
  <tns:Identifiers.AustralianBusinessNumber.Identifier contextRef="RP">14088411787</tns:Identifiers.AustralianBusinessNumber.Identifier>
  <tns:OrganisationNameDetails>
    <tns:OrganisationNameDetails.OrganisationalNameType.Code contextRef="RP">MN</tns:OrganisationNameDetails.OrganisationalNameType.Code>
    <tns:OrganisationNameDetails.OrganisationalName.Text contextRef="RP">Expedia Investments</tns:OrganisationNameDetails.OrganisationalName.Text>
  </tns:OrganisationNameDetails>
  <tns:PersonUnstructuredName>
    <tns:PersonUnstructuredName.Usage.Code contextRef="RP">Contact</tns:PersonUnstructuredName.Usage.Code>
    <tns:PersonUnstructuredName.FullName.Text contextRef="RP">A J Peters</tns:PersonUnstructuredName.FullName.Text>
  </tns:PersonUnstructuredName>
  <tns:ElectronicContactTelephone>
    <tns:ElectronicContact.Telephone.Usage.Code contextRef="RP">03</tns:ElectronicContact.Telephone.Usage.Code>
    <tns:ElectronicContact.Telephone.ServiceLine.Code contextRef="RP">01</tns:ElectronicContact.Telephone.ServiceLine.Code>
    <tns:ElectronicContact.Telephone.Area.Code contextRef="RP">03</tns:ElectronicContact.Telephone.Area.Code>
    <tns:ElectronicContact.Telephone.Minimal.Number contextRef="RP">62614362</tns:ElectronicContact.Telephone.Minimal.Number>
  </tns:ElectronicContactTelephone>
  <tns:AddressDetails>
    <tns:AddressDetails.OverseasAddress.Indicator contextRef="RP">false</tns:AddressDetails.OverseasAddress.Indicator>
    <tns:AddressDetails.Usage.Code contextRef="RP">BUS</tns:AddressDetails.Usage.Code>
    <tns:AddressDetails.Currency.Code contextRef="RP">C</tns:AddressDetails.Currency.Code>
    <!--<tns:AddressDetails.Line1.Text contextRef="RP">99 Wilford</tns:AddressDetails.Line1.Text>-->
    <tns:AddressDetails.Line2.Text contextRef="RP">Terrace</tns:AddressDetails.Line2.Text>
    <tns:AddressDetails.Line3.Text xsi:nil="true" contextRef="RP" />
    <tns:AddressDetails.Line4.Text xsi:nil="true" contextRef="RP" />
    <tns:AddressDetails.LocalityName.Text contextRef="RP">Stafford</tns:AddressDetails.LocalityName.Text>
    <tns:AddressDetails.Postcode.Text contextRef="RP">2841</tns:AddressDetails.Postcode.Text>
    <tns:AddressDetails.StateOrTerritory.Code contextRef="RP">NSW</tns:AddressDetails.StateOrTerritory.Code>
    <tns:AddressDetails.Country.Code contextRef="RP">au</tns:AddressDetails.Country.Code>
  </tns:AddressDetails>
  <tns:AddressDetails>
    <tns:AddressDetails.OverseasAddress.Indicator contextRef="RP">false</tns:AddressDetails.OverseasAddress.Indicator>
    <tns:AddressDetails.Usage.Code contextRef="RP">POS</tns:AddressDetails.Usage.Code>
    <tns:AddressDetails.Currency.Code contextRef="RP">C</tns:AddressDetails.Currency.Code>
    <tns:AddressDetails.Line1.Text contextRef="RP">99 Wilford</tns:AddressDetails.Line1.Text>
    <tns:AddressDetails.Line2.Text contextRef="RP">EAST</tns:AddressDetails.Line2.Text>
    <tns:AddressDetails.Line3.Text xsi:nil="true" contextRef="RP" />
    <tns:AddressDetails.Line4.Text xsi:nil="true" contextRef="RP" />
    <tns:AddressDetails.LocalityName.Text contextRef="RP">Stafford</tns:AddressDetails.LocalityName.Text>
    <tns:AddressDetails.Postcode.Text contextRef="RP">2841</tns:AddressDetails.Postcode.Text>
    <tns:AddressDetails.StateOrTerritory.Code contextRef="RP">NSW</tns:AddressDetails.StateOrTerritory.Code>
    <!--tns:AddressDetails.CountryName.Text contextRef="RP"> </tns:AddressDetails.CountryName.Text-->
    <tns:AddressDetails.Country.Code contextRef="RP">au</tns:AddressDetails.Country.Code>
  </tns:AddressDetails>
  <tns:Investor>
    <tns:Identifiers.TaxFileNumber.Identifier contextRef="RP">220114933</tns:Identifiers.TaxFileNumber.Identifier>
    <tns:Identifiers.AustralianBusinessNumber.Identifier contextRef="RP">14088411787</tns:Identifiers.AustralianBusinessNumber.Identifier>
    <tns:PersonDemographicDetails.Birth.Date contextRef="RP">1972-09-16</tns:PersonDemographicDetails.Birth.Date>
    <tns:IncomeTax.FrankingCredits.ReceivedFromAustralianCompanies.Amount decimals="0" contextRef="RP" unitRef="u1">50000</tns:IncomeTax.FrankingCredits.ReceivedFromAustralianCompanies.Amount>
    <tns:Equity.Dividends.FrankedPaid.Amount decimals="0" contextRef="RP" unitRef="u1">0</tns:Equity.Dividends.FrankedPaid.Amount>
    <tns:Expense.Interest.Paid.Amount decimals="0" contextRef="RP" unitRef="u1">10000</tns:Expense.Interest.Paid.Amount>
    <tns:Party.Type.Code contextRef="RP">117</tns:Party.Type.Code>
    <tns:PersonDemographicDetails.Deceased.Indicator contextRef="RP">false</tns:PersonDemographicDetails.Deceased.Indicator>
    <tns:Equity.Dividends.UnfrankedPaid.Amount decimals="0" contextRef="RP_CFI" unitRef="u1">100</tns:Equity.Dividends.UnfrankedPaid.Amount>
    <tns:Equity.Dividends.UnfrankedPaid.Amount decimals="0" contextRef="RP_NONCFI" unitRef="u1">150</tns:Equity.Dividends.UnfrankedPaid.Amount>
    <tns:PersonNameDetails>
      <tns:PersonNameDetails.FamilyName.Text contextRef="RP">Jones</tns:PersonNameDetails.FamilyName.Text>
      <tns:PersonNameDetails.GivenName.Text contextRef="RP">Tim</tns:PersonNameDetails.GivenName.Text>
      <tns:PersonNameDetails.OtherGivenName.Text contextRef="RP">Alles</tns:PersonNameDetails.OtherGivenName.Text>
      <!--<tns:PersonNameDetails.Position.Text contextRef="RP"></tns:PersonNameDetails.Position.Text>-->
    </tns:PersonNameDetails>
    <!--tns:OrganisationNameDetails>
									<tns:OrganisationNameDetails.OrganisationalNameType.Code contextRef="RP">MN</tns:OrganisationNameDetails.OrganisationalNameType.Code>
									<tns:OrganisationNameDetails.OrganisationalName.Text contextRef="RP">Expedia Investments</tns:OrganisationNameDetails.OrganisationalName.Text>
								</tns:OrganisationNameDetails-->
    <tns:AddressDetails>
      <tns:AddressDetails.OverseasAddress.Indicator contextRef="RP">false</tns:AddressDetails.OverseasAddress.Indicator>
      <tns:AddressDetails.Usage.Code contextRef="RP">POS</tns:AddressDetails.Usage.Code>
      <tns:AddressDetails.Currency.Code contextRef="RP">C</tns:AddressDetails.Currency.Code>
      <tns:AddressDetails.Line1.Text contextRef="RP">111 Test Street</tns:AddressDetails.Line1.Text>
      <tns:AddressDetails.Line2.Text contextRef="RP">WestEnd</tns:AddressDetails.Line2.Text>
      <tns:AddressDetails.Line3.Text xsi:nil="true" contextRef="RP" />
      <tns:AddressDetails.Line4.Text xsi:nil="true" contextRef="RP" />
      <tns:AddressDetails.LocalityName.Text contextRef="RP">Sydney</tns:AddressDetails.LocalityName.Text>
      <tns:AddressDetails.Postcode.Text contextRef="RP">2000</tns:AddressDetails.Postcode.Text>
      <tns:AddressDetails.StateOrTerritory.Code contextRef="RP">NSW</tns:AddressDetails.StateOrTerritory.Code>
      <!--tns:AddressDetails.CountryName.Text contextRef="RP"> </tns:AddressDetails.CountryName.Text-->
      <tns:AddressDetails.Country.Code contextRef="RP">au</tns:AddressDetails.Country.Code>
    </tns:AddressDetails>
  </tns:Investor>
  <tns:Declaration>
    <tns:Declaration.StatementType.Code contextRef="RP">TrueAndCorrect</tns:Declaration.StatementType.Code>
    <tns:Declaration.StatementAccepted.Indicator contextRef="RP">true</tns:Declaration.StatementAccepted.Indicator>
    <tns:Declaration.Statement.Text contextRef="RP">YYYY</tns:Declaration.Statement.Text>
    <tns:Declaration.Signature.Date contextRef="RP">2006-05-02</tns:Declaration.Signature.Date>
    <tns:Declaration.SignatoryIdentifier.Text contextRef="RP">Tim Jones</tns:Declaration.SignatoryIdentifier.Text>
    <tns:PersonUnstructuredName>
      <tns:PersonUnstructuredName.Usage.Code contextRef="RP">DeclarationSignatory</tns:PersonUnstructuredName.Usage.Code>
      <tns:PersonUnstructuredName.FullName.Text contextRef="RP">Mr Tim Jones</tns:PersonUnstructuredName.FullName.Text>
    </tns:PersonUnstructuredName>
  </tns:Declaration>
  <tns:Declaration>
    <tns:Declaration.StatementType.Code contextRef="INT">TrueAndCorrect</tns:Declaration.StatementType.Code>
    <tns:Declaration.StatementAccepted.Indicator contextRef="INT">true</tns:Declaration.StatementAccepted.Indicator>
    <tns:Declaration.Statement.Text contextRef="INT">XXXX</tns:Declaration.Statement.Text>
    <tns:Declaration.Signature.Date contextRef="INT">1977-05-02</tns:Declaration.Signature.Date>
    <tns:Declaration.SignatoryIdentifier.Text contextRef="INT">ABCD</tns:Declaration.SignatoryIdentifier.Text>
    <tns:PersonUnstructuredName>
      <tns:PersonUnstructuredName.Usage.Code contextRef="INT">DeclarationSignatory</tns:PersonUnstructuredName.Usage.Code>
      <tns:PersonUnstructuredName.FullName.Text contextRef="INT">SAM Thaiday</tns:PersonUnstructuredName.FullName.Text>
    </tns:PersonUnstructuredName>
  </tns:Declaration>
  <tns:PersonUnstructuredName>
    <tns:PersonUnstructuredName.Usage.Code contextRef="INT">Contact</tns:PersonUnstructuredName.Usage.Code>
    <tns:PersonUnstructuredName.FullName.Text contextRef="INT">A J Peters</tns:PersonUnstructuredName.FullName.Text>
  </tns:PersonUnstructuredName>
  <tns:OrganisationNameDetails>
    <tns:OrganisationNameDetails.OrganisationalNameType.Code contextRef="INT">MN</tns:OrganisationNameDetails.OrganisationalNameType.Code>
    <tns:OrganisationNameDetails.OrganisationalName.Text contextRef="INT">RP_Org_Nm_Curr</tns:OrganisationNameDetails.OrganisationalName.Text>
  </tns:OrganisationNameDetails>
  <tns:ElectronicContactTelephone>
    <tns:ElectronicContact.Telephone.Usage.Code contextRef="INT">03</tns:ElectronicContact.Telephone.Usage.Code>
    <tns:ElectronicContact.Telephone.ServiceLine.Code contextRef="INT">02</tns:ElectronicContact.Telephone.ServiceLine.Code>
    <tns:ElectronicContact.Telephone.Area.Code contextRef="INT">03</tns:ElectronicContact.Telephone.Area.Code>
    <tns:ElectronicContact.Telephone.Minimal.Number contextRef="INT">65362596</tns:ElectronicContact.Telephone.Minimal.Number>
  </tns:ElectronicContactTelephone>
</xbrli:xbrl>