<xbrli:xbrl xmlns:xsi="http://www.w3.org/2001/XMLSchema-instance" xsi:schemaLocation="http://xbrl.org/2006/xbrldi http://www.xbrl.org/2006/xbrldi-2006.xsd" xmlns:tns="http://www.sbr.gov.au/ato/cgls" xmlns:link="http://www.xbrl.org/2003/linkbase" xmlns:iso4217="http://www.xbrl.org/2003/iso4217" xmlns:xbrldi="http://xbrl.org/2006/xbrldi" xmlns:xbrli="http://www.xbrl.org/2003/instance" xmlns:xbrldt="http://xbrl.org/2005/xbrldt" xmlns:xlink="http://www.w3.org/1999/xlink">
  <link:schemaRef xlink:type="simple" xlink:href="http://sbr.gov.au/ato/ato.cgls.0006.2017.01.00.report.xsd" />
  <xbrli:context id="RP">
    <xbrli:entity>
      <xbrli:identifier scheme="http://www.ato.gov.au/tfn">220114767</xbrli:identifier>
      <xbrli:segment>
        <xbrldi:explicitMember dimension="tns:ReportPartyTypeDimension">tns:ReportingParty</xbrldi:explicitMember>
      </xbrli:segment>
    </xbrli:entity>
    <xbrli:period>
      <xbrli:startDate>2023-07-01</xbrli:startDate>
      <xbrli:endDate>2024-06-30</xbrli:endDate>
    </xbrli:period>
  </xbrli:context>
  <xbrli:context id="TRFR">
    <xbrli:entity>
      <xbrli:identifier scheme="http://www.ato.gov.au/tfn">220114767</xbrli:identifier>
      <xbrli:segment>
        <xbrldi:explicitMember dimension="tns:ReportPartyTypeDimension">tns:Transferor</xbrldi:explicitMember>
      </xbrli:segment>
    </xbrli:entity>
    <xbrli:period>
      <xbrli:startDate>2023-07-01</xbrli:startDate>
      <xbrli:endDate>2024-06-30</xbrli:endDate>
    </xbrli:period>
  </xbrli:context>
  <xbrli:context id="JE">
    <xbrli:entity>
      <xbrli:identifier scheme="http://www.ato.gov.au/tfn">220114767</xbrli:identifier>
      <xbrli:segment>
        <xbrldi:explicitMember dimension="tns:ReportPartyTypeDimension">tns:JoiningEntity</xbrldi:explicitMember>
      </xbrli:segment>
    </xbrli:entity>
    <xbrli:period>
      <xbrli:startDate>2023-07-01</xbrli:startDate>
      <xbrli:endDate>2024-06-30</xbrli:endDate>
    </xbrli:period>
  </xbrli:context>
  <xbrli:context id="RP.COTP">
    <xbrli:entity>
      <xbrli:identifier scheme="http://www.ato.gov.au/tfn">220114767</xbrli:identifier>
      <xbrli:segment>
        <xbrldi:explicitMember dimension="tns:MajorityOwnershipAndControlTestsTypeDimension">tns:COTPassed</xbrldi:explicitMember>
        <xbrldi:explicitMember dimension="tns:ReportPartyTypeDimension">tns:ReportingParty</xbrldi:explicitMember>
      </xbrli:segment>
    </xbrli:entity>
    <xbrli:period>
      <xbrli:startDate>2023-07-01</xbrli:startDate>
      <xbrli:endDate>2024-06-30</xbrli:endDate>
    </xbrli:period>
  </xbrli:context>
  <xbrli:context id="RP.COTF">
    <xbrli:entity>
      <xbrli:identifier scheme="http://www.ato.gov.au/tfn">220114767</xbrli:identifier>
      <xbrli:segment>
        <xbrldi:explicitMember dimension="tns:MajorityOwnershipAndControlTestsTypeDimension">tns:COTFailedBCTPassed</xbrldi:explicitMember>
        <xbrldi:explicitMember dimension="tns:ReportPartyTypeDimension">tns:ReportingParty</xbrldi:explicitMember>
      </xbrli:segment>
    </xbrli:entity>
    <xbrli:period>
      <xbrli:startDate>2023-07-01</xbrli:startDate>
      <xbrli:endDate>2024-06-30</xbrli:endDate>
    </xbrli:period>
  </xbrli:context>
  <xbrli:context id="RP.COTT">
    <xbrli:entity>
      <xbrli:identifier scheme="http://www.ato.gov.au/tfn">220114767</xbrli:identifier>
      <xbrli:segment>
        <xbrldi:explicitMember dimension="tns:MajorityOwnershipAndControlTestsTypeDimension">tns:COTTrust</xbrldi:explicitMember>
        <xbrldi:explicitMember dimension="tns:ReportPartyTypeDimension">tns:ReportingParty</xbrldi:explicitMember>
      </xbrli:segment>
    </xbrli:entity>
    <xbrli:period>
      <xbrli:startDate>2023-07-01</xbrli:startDate>
      <xbrli:endDate>2024-06-30</xbrli:endDate>
    </xbrli:period>
  </xbrli:context>
  <xbrli:context id="RP.GRP">
    <xbrli:entity>
      <xbrli:identifier scheme="http://www.ato.gov.au/tfn">220114767</xbrli:identifier>
      <xbrli:segment>
        <xbrldi:explicitMember dimension="tns:LossGenerationSourceDimension">tns:Group</xbrldi:explicitMember>
        <xbrldi:explicitMember dimension="tns:ReportPartyTypeDimension">tns:ReportingParty</xbrldi:explicitMember>
      </xbrli:segment>
    </xbrli:entity>
    <xbrli:period>
      <xbrli:startDate>2023-07-01</xbrli:startDate>
      <xbrli:endDate>2024-06-30</xbrli:endDate>
    </xbrli:period>
  </xbrli:context>
  <xbrli:context id="RP.TRFD">
    <xbrli:entity>
      <xbrli:identifier scheme="http://www.ato.gov.au/tfn">220114767</xbrli:identifier>
      <xbrli:segment>
        <xbrldi:explicitMember dimension="tns:LossGenerationSourceDimension">tns:Transferred</xbrldi:explicitMember>
        <xbrldi:explicitMember dimension="tns:ReportPartyTypeDimension">tns:ReportingParty</xbrldi:explicitMember>
      </xbrli:segment>
    </xbrli:entity>
    <xbrli:period>
      <xbrli:startDate>2023-07-01</xbrli:startDate>
      <xbrli:endDate>2024-06-30</xbrli:endDate>
    </xbrli:period>
  </xbrli:context>
  <xbrli:context id="RP.TOT">
    <xbrli:entity>
      <xbrli:identifier scheme="http://www.ato.gov.au/tfn">220114767</xbrli:identifier>
      <xbrli:segment>
        <xbrldi:explicitMember dimension="tns:LossGenerationSourceDimension">tns:Total</xbrldi:explicitMember>
        <xbrldi:explicitMember dimension="tns:ReportPartyTypeDimension">tns:ReportingParty</xbrldi:explicitMember>
      </xbrli:segment>
    </xbrli:entity>
    <xbrli:period>
      <xbrli:startDate>2023-07-01</xbrli:startDate>
      <xbrli:endDate>2024-06-30</xbrli:endDate>
    </xbrli:period>
  </xbrli:context>
  <xbrli:context id="RP.Y0">
    <xbrli:entity>
      <xbrli:identifier scheme="http://www.ato.gov.au/tfn">220114767</xbrli:identifier>
      <xbrli:segment>
        <xbrldi:explicitMember dimension="tns:RelativePeriodDurationDimension">tns:Y0</xbrldi:explicitMember>
        <xbrldi:explicitMember dimension="tns:ReportPartyTypeDimension">tns:ReportingParty</xbrldi:explicitMember>
      </xbrli:segment>
    </xbrli:entity>
    <xbrli:period>
      <xbrli:startDate>2023-07-01</xbrli:startDate>
      <xbrli:endDate>2024-06-30</xbrli:endDate>
    </xbrli:period>
  </xbrli:context>
  <xbrli:context id="RP.Y0-1">
    <xbrli:entity>
      <xbrli:identifier scheme="http://www.ato.gov.au/tfn">220114767</xbrli:identifier>
      <xbrli:segment>
        <xbrldi:explicitMember dimension="tns:RelativePeriodDurationDimension">tns:Y0Minus1</xbrldi:explicitMember>
        <xbrldi:explicitMember dimension="tns:ReportPartyTypeDimension">tns:ReportingParty</xbrldi:explicitMember>
      </xbrli:segment>
    </xbrli:entity>
    <xbrli:period>
      <xbrli:startDate>2023-07-01</xbrli:startDate>
      <xbrli:endDate>2024-06-30</xbrli:endDate>
    </xbrli:period>
  </xbrli:context>
  <xbrli:context id="RP.Y0-2">
    <xbrli:entity>
      <xbrli:identifier scheme="http://www.ato.gov.au/tfn">220114767</xbrli:identifier>
      <xbrli:segment>
        <xbrldi:explicitMember dimension="tns:RelativePeriodDurationDimension">tns:Y0Minus2</xbrldi:explicitMember>
        <xbrldi:explicitMember dimension="tns:ReportPartyTypeDimension">tns:ReportingParty</xbrldi:explicitMember>
      </xbrli:segment>
    </xbrli:entity>
    <xbrli:period>
      <xbrli:startDate>2023-07-01</xbrli:startDate>
      <xbrli:endDate>2024-06-30</xbrli:endDate>
    </xbrli:period>
  </xbrli:context>
  <xbrli:context id="RP.Y0-3">
    <xbrli:entity>
      <xbrli:identifier scheme="http://www.ato.gov.au/tfn">220114767</xbrli:identifier>
      <xbrli:segment>
        <xbrldi:explicitMember dimension="tns:RelativePeriodDurationDimension">tns:Y0Minus3</xbrldi:explicitMember>
        <xbrldi:explicitMember dimension="tns:ReportPartyTypeDimension">tns:ReportingParty</xbrldi:explicitMember>
      </xbrli:segment>
    </xbrli:entity>
    <xbrli:period>
      <xbrli:startDate>2023-07-01</xbrli:startDate>
      <xbrli:endDate>2024-06-30</xbrli:endDate>
    </xbrli:period>
  </xbrli:context>
  <xbrli:context id="RP.Y0-4P">
    <xbrli:entity>
      <xbrli:identifier scheme="http://www.ato.gov.au/tfn">220114767</xbrli:identifier>
      <xbrli:segment>
        <xbrldi:explicitMember dimension="tns:RelativePeriodDurationDimension">tns:Y0Minus4Plus</xbrldi:explicitMember>
        <xbrldi:explicitMember dimension="tns:ReportPartyTypeDimension">tns:ReportingParty</xbrldi:explicitMember>
      </xbrli:segment>
    </xbrli:entity>
    <xbrli:period>
      <xbrli:startDate>2023-07-01</xbrli:startDate>
      <xbrli:endDate>2024-06-30</xbrli:endDate>
    </xbrli:period>
  </xbrli:context>
  <xbrli:context id="RP.GRP.Instant">
    <xbrli:entity>
      <xbrli:identifier scheme="http://www.ato.gov.au/tfn">220114767</xbrli:identifier>
      <xbrli:segment>
        <xbrldi:explicitMember dimension="tns:LossGenerationSourceDimension">tns:Group</xbrldi:explicitMember>
        <xbrldi:explicitMember dimension="tns:ReportPartyTypeDimension">tns:ReportingParty</xbrldi:explicitMember>
      </xbrli:segment>
    </xbrli:entity>
    <xbrli:period>
      <xbrli:instant>2024-06-30</xbrli:instant>
    </xbrli:period>
  </xbrli:context>
  <xbrli:context id="RP.TRFD.Instant">
    <xbrli:entity>
      <xbrli:identifier scheme="http://www.ato.gov.au/tfn">220114767</xbrli:identifier>
      <xbrli:segment>
        <xbrldi:explicitMember dimension="tns:LossGenerationSourceDimension">tns:Transferred</xbrldi:explicitMember>
        <xbrldi:explicitMember dimension="tns:ReportPartyTypeDimension">tns:ReportingParty</xbrldi:explicitMember>
      </xbrli:segment>
    </xbrli:entity>
    <xbrli:period>
      <xbrli:instant>2024-06-30</xbrli:instant>
    </xbrli:period>
  </xbrli:context>
  <xbrli:context id="RP.TOT.Instant">
    <xbrli:entity>
      <xbrli:identifier scheme="http://www.ato.gov.au/tfn">220114767</xbrli:identifier>
      <xbrli:segment>
        <xbrldi:explicitMember dimension="tns:LossGenerationSourceDimension">tns:Total</xbrldi:explicitMember>
        <xbrldi:explicitMember dimension="tns:ReportPartyTypeDimension">tns:ReportingParty</xbrldi:explicitMember>
      </xbrli:segment>
    </xbrli:entity>
    <xbrli:period>
      <xbrli:instant>2024-06-30</xbrli:instant>
    </xbrli:period>
  </xbrli:context>
  <xbrli:unit id="u1">
    <xbrli:measure>iso4217:AUD</xbrli:measure>
  </xbrli:unit>
  <xbrli:unit id="u2">
    <xbrli:measure>xbrli:pure</xbrli:measure>
  </xbrli:unit>
  <tns:Identifiers.AustralianBusinessNumber.Identifier contextRef="RP">12481183031</tns:Identifiers.AustralianBusinessNumber.Identifier>
  <tns:OrganisationNameDetails>
    <tns:OrganisationNameDetails.OrganisationalNameType.Code contextRef="RP">MN</tns:OrganisationNameDetails.OrganisationalNameType.Code>
    <tns:OrganisationNameDetails.OrganisationalName.Text contextRef="RP">HILBAY Pvt Ltd</tns:OrganisationNameDetails.OrganisationalName.Text>
  </tns:OrganisationNameDetails>
  <!--Tax losses and net capital losses consolidated - excludes film losses-->
  <!--Tax losses transferred from joining entities (including head company) at consolidation-->
  <tns:Tax.Losses.TransferredFromJoiningEntitiesIncludingHeadCompany.Amount decimals="0" contextRef="RP.COTP" unitRef="u1">246800</tns:Tax.Losses.TransferredFromJoiningEntitiesIncludingHeadCompany.Amount>
  <tns:Tax.Losses.TransferredFromJoiningEntitiesIncludingHeadCompany.Amount decimals="0" contextRef="RP.COTF" unitRef="u1">245100</tns:Tax.Losses.TransferredFromJoiningEntitiesIncludingHeadCompany.Amount>
  <tns:Tax.Losses.TransferredFromJoiningEntitiesIncludingHeadCompany.Amount decimals="0" contextRef="RP.COTT" unitRef="u1">278000</tns:Tax.Losses.TransferredFromJoiningEntitiesIncludingHeadCompany.Amount>
  <!--Tax losses transferred from joining entities after consolidation-->
  <tns:Tax.Losses.TransferredFromJoiningEntitiesAfterConsolidation.Amount decimals="0" contextRef="RP.COTP" unitRef="u1">8452100</tns:Tax.Losses.TransferredFromJoiningEntitiesAfterConsolidation.Amount>
  <tns:Tax.Losses.TransferredFromJoiningEntitiesAfterConsolidation.Amount decimals="0" contextRef="RP.COTF" unitRef="u1">123000</tns:Tax.Losses.TransferredFromJoiningEntitiesAfterConsolidation.Amount>
  <tns:Tax.Losses.TransferredFromJoiningEntitiesAfterConsolidation.Amount decimals="0" contextRef="RP.COTT" unitRef="u1">531000</tns:Tax.Losses.TransferredFromJoiningEntitiesAfterConsolidation.Amount>
  <!--Tax losses deducted-->
  <tns:Tax.Losses.Deducted.Amount decimals="0" contextRef="RP.GRP" unitRef="u1">0</tns:Tax.Losses.Deducted.Amount>
  <tns:Tax.Losses.Deducted.Amount decimals="0" contextRef="RP.TRFD" unitRef="u1">0</tns:Tax.Losses.Deducted.Amount>
  <tns:Tax.Losses.Deducted.Amount decimals="0" contextRef="RP.TOT" unitRef="u1">0</tns:Tax.Losses.Deducted.Amount>
  <!--Transferred tax losses deducted-->
  <!--<tns:Tax.Losses.TransferredDeducted.Fraction contextRef="TRFR" unitRef="u2">
		<xbrli:numerator>0.75</xbrli:numerator>
		<xbrli:denominator>1</xbrli:denominator>
	</tns:Tax.Losses.TransferredDeducted.Fraction>-->
  <!--tns:Tax.Losses.TransferredDeducted.Amount decimals="0" contextRef="TRFR" unitRef="u1">0</tns:Tax.Losses.TransferredDeducted.Amount-->
  <!--Tax losses carried forward to later income years-->
  <tns:Tax.Losses.CarriedForward.Total.Amount decimals="0" contextRef="RP.GRP" unitRef="u1">74200</tns:Tax.Losses.CarriedForward.Total.Amount>
  <tns:Tax.Losses.CarriedForward.Total.Amount decimals="0" contextRef="RP.TRFD" unitRef="u1">139500</tns:Tax.Losses.CarriedForward.Total.Amount>
  <tns:Tax.Losses.CarriedForward.Total.Amount decimals="0" contextRef="RP.TOT" unitRef="u1">213700</tns:Tax.Losses.CarriedForward.Total.Amount>
  <!--Net capital losses transferred from joining entities (including head company) at consolidation-->
  <tns:Capital.Losses.TransferredFromJoiningEntitiesIncludingHeadCompanyNet.Amount decimals="0" contextRef="RP.COTP" unitRef="u1">8347600</tns:Capital.Losses.TransferredFromJoiningEntitiesIncludingHeadCompanyNet.Amount>
  <tns:Capital.Losses.TransferredFromJoiningEntitiesIncludingHeadCompanyNet.Amount decimals="0" contextRef="RP.COTF" unitRef="u1">254000</tns:Capital.Losses.TransferredFromJoiningEntitiesIncludingHeadCompanyNet.Amount>
  <tns:Capital.Losses.TransferredFromJoiningEntitiesIncludingHeadCompanyNet.Amount decimals="0" contextRef="RP.COTT" unitRef="u1">753000</tns:Capital.Losses.TransferredFromJoiningEntitiesIncludingHeadCompanyNet.Amount>
  <!--Net capital losses transferred from joining entities after consolidation-->
  <tns:Capital.Losses.TransferredFromJoiningEntitiesAfterConsolidation.Amount decimals="0" contextRef="RP.COTP" unitRef="u1">9321600</tns:Capital.Losses.TransferredFromJoiningEntitiesAfterConsolidation.Amount>
  <tns:Capital.Losses.TransferredFromJoiningEntitiesAfterConsolidation.Amount decimals="0" contextRef="RP.COTF" unitRef="u1">645000</tns:Capital.Losses.TransferredFromJoiningEntitiesAfterConsolidation.Amount>
  <tns:Capital.Losses.TransferredFromJoiningEntitiesAfterConsolidation.Amount decimals="0" contextRef="RP.COTT" unitRef="u1">7652990</tns:Capital.Losses.TransferredFromJoiningEntitiesAfterConsolidation.Amount>
  <!--Net capital losses applied-->
  <tns:Capital.Losses.AppliedNet.Amount decimals="0" contextRef="RP.GRP" unitRef="u1">543100</tns:Capital.Losses.AppliedNet.Amount>
  <tns:Capital.Losses.AppliedNet.Amount decimals="0" contextRef="RP.TRFD" unitRef="u1">764310</tns:Capital.Losses.AppliedNet.Amount>
  <tns:Capital.Losses.AppliedNet.Amount decimals="0" contextRef="RP.TOT" unitRef="u1">1307410</tns:Capital.Losses.AppliedNet.Amount>
  <!--Transferred net capital losses applied-->
  <tns:Capital.Losses.TransferredApplied.Fraction contextRef="TRFR" unitRef="u2">
    <xbrli:numerator>0.5</xbrli:numerator>
    <xbrli:denominator>1</xbrli:denominator>
  </tns:Capital.Losses.TransferredApplied.Fraction>
  <tns:Capital.Losses.TransferredApplied.Amount decimals="0" contextRef="TRFR" unitRef="u1">18000</tns:Capital.Losses.TransferredApplied.Amount>
  <!--Net capital losses carried forward to later income years-->
  <tns:Capital.Losses.CarriedForward.Net.Amount decimals="0" contextRef="RP.GRP.Instant" unitRef="u1">1273280</tns:Capital.Losses.CarriedForward.Net.Amount>
  <tns:Capital.Losses.CarriedForward.Net.Amount decimals="0" contextRef="RP.TRFD.Instant" unitRef="u1">20</tns:Capital.Losses.CarriedForward.Net.Amount>
  <tns:Capital.Losses.CarriedForward.Net.Amount decimals="0" contextRef="RP.TOT.Instant" unitRef="u1">1273300</tns:Capital.Losses.CarriedForward.Net.Amount>
  <!--Were the apportionment rules applied?-->
  <tns:Tax.Losses.TransferredLossUtilisedApportionmentRulesApplied.Indicator contextRef="RP">true</tns:Tax.Losses.TransferredLossUtilisedApportionmentRulesApplied.Indicator>
  <!--Cancellation of transfer of losses.-->
  <!--Has the head company cancelled the transfer of a loss-->
  <tns:Tax.Losses.TransferredLossCancelledByHeadCompany.Indicator contextRef="RP">true</tns:Tax.Losses.TransferredLossCancelledByHeadCompany.Indicator>
  <!--Details of cancellation of transfer losses-->
  <tns:Tax.Losses.TransferredLossCancelledByHeadCompany.Amount decimals="0" contextRef="JE" unitRef="u1">60000</tns:Tax.Losses.TransferredLossCancelledByHeadCompany.Amount>
  <!--Ownership test and business continuity test.-->
  <!--Total amount of losses which first failed the continuity of ownership or control tests-->
  <tns:Tax.Losses.TransferredContinuityTestFail.Amount decimals="0" contextRef="RP.Y0" unitRef="u1">25000</tns:Tax.Losses.TransferredContinuityTestFail.Amount>
  <tns:Tax.Losses.TransferredContinuityTestFail.Amount decimals="0" contextRef="RP.Y0-1" unitRef="u1">30000</tns:Tax.Losses.TransferredContinuityTestFail.Amount>
  <tns:Tax.Losses.TransferredContinuityTestFail.Amount decimals="0" contextRef="RP.Y0-2" unitRef="u1">15000</tns:Tax.Losses.TransferredContinuityTestFail.Amount>
  <tns:Tax.Losses.TransferredContinuityTestFail.Amount decimals="0" contextRef="RP.Y0-3" unitRef="u1">24000</tns:Tax.Losses.TransferredContinuityTestFail.Amount>
  <tns:Tax.Losses.TransferredContinuityTestFail.Amount decimals="0" contextRef="RP.Y0-4P" unitRef="u1">20000</tns:Tax.Losses.TransferredContinuityTestFail.Amount>
  <!--Amount of losses carried forward to later income years-->
  <tns:Tax.Losses.CarriedForward.BusinessContinuityTestPassed.Amount decimals="0" contextRef="RP" unitRef="u1">0</tns:Tax.Losses.CarriedForward.BusinessContinuityTestPassed.Amount>
  <tns:Capital.Losses.CarriedForward.BusinessContinuityTestPassedNet.Amount decimals="0" contextRef="RP" unitRef="u1">9750</tns:Capital.Losses.CarriedForward.BusinessContinuityTestPassedNet.Amount>
  <!--Amount of losses deducted/applied after consolidation-->
  <tns:Tax.Losses.DeductedOwnershipTestFailContinuityTestPass.Amount decimals="0" contextRef="RP" unitRef="u1">0</tns:Tax.Losses.DeductedOwnershipTestFailContinuityTestPass.Amount>
  <tns:Capital.Losses.DeductedOwnershipTestFailContinuityTestPass.Amount decimals="0" contextRef="RP" unitRef="u1">0</tns:Capital.Losses.DeductedOwnershipTestFailContinuityTestPass.Amount>
  <!--Life insurance companies.-->
  <tns:Tax.Losses.CarriedForward.ComplyingSuperannuationClass.Amount decimals="0" contextRef="RP" unitRef="u1">30000</tns:Tax.Losses.CarriedForward.ComplyingSuperannuationClass.Amount>
  <tns:Capital.Losses.CarriedForward.ComplyingSuperannuationClassNet.Amount decimals="0" contextRef="RP" unitRef="u1">18000</tns:Capital.Losses.CarriedForward.ComplyingSuperannuationClassNet.Amount>
  <!--Controlled foreign company losses.-->
  <tns:Tax.Losses.ControlledForeignCompany.Amount decimals="0" contextRef="RP" unitRef="u1">30000</tns:Tax.Losses.ControlledForeignCompany.Amount>
  <tns:Tax.Losses.ControlledForeignCompanyDeducted.Amount decimals="0" contextRef="RP" unitRef="u1">25000</tns:Tax.Losses.ControlledForeignCompanyDeducted.Amount>
  <tns:Tax.Losses.CarriedForward.ControlledForeignCompany.Amount decimals="0" contextRef="RP" unitRef="u1">45000</tns:Tax.Losses.CarriedForward.ControlledForeignCompany.Amount>
  <!--Tax losses reconciliation for consolidated groups.-->
  <tns:Tax.Losses.BalanceOfTaxLossesBroughtForwardFromPriorYear.Amount decimals="0" contextRef="RP" unitRef="u1">80000</tns:Tax.Losses.BalanceOfTaxLossesBroughtForwardFromPriorYear.Amount>
  <tns:Tax.Losses.Uplift.Amount decimals="0" contextRef="RP" unitRef="u1">0</tns:Tax.Losses.Uplift.Amount>
  <tns:Tax.Losses.TransferredFromJoiningEntitiesUnderSubdivision707A.Amount decimals="0" contextRef="RP" unitRef="u1">150000</tns:Tax.Losses.TransferredFromJoiningEntitiesUnderSubdivision707A.Amount>
  <tns:Tax.Losses.TransferredWithNilAvailableFractionApplied.Amount decimals="0" contextRef="RP" unitRef="u1">10000</tns:Tax.Losses.TransferredWithNilAvailableFractionApplied.Amount>
  <tns:Tax.Losses.ForgivenDebtNet.Amount decimals="0" contextRef="RP" unitRef="u1">16300</tns:Tax.Losses.ForgivenDebtNet.Amount>
  <tns:Tax.Losses.Incurred.Amount decimals="0" contextRef="RP" unitRef="u1">70000</tns:Tax.Losses.Incurred.Amount>
  <tns:Tax.Losses.ConversionOfExcessFrankingOffsets.Amount decimals="0" contextRef="RP" unitRef="u1">80000</tns:Tax.Losses.ConversionOfExcessFrankingOffsets.Amount>
  <tns:Tax.Losses.ExemptIncomeNet.Amount decimals="0" contextRef="RP" unitRef="u1">15000</tns:Tax.Losses.ExemptIncomeNet.Amount>
  <tns:Tax.Losses.Forgone.Amount decimals="0" contextRef="RP" unitRef="u1">20000</tns:Tax.Losses.Forgone.Amount>
  <tns:Tax.Losses.Total.Amount decimals="0" contextRef="RP" unitRef="u1">80000</tns:Tax.Losses.Total.Amount>
  <tns:Tax.Losses.TransferredOut.Amount decimals="0" contextRef="RP" unitRef="u1">25000</tns:Tax.Losses.TransferredOut.Amount>
  <tns:Tax.Losses.CarriedForward.LaterIncomeYearsTotal.Amount decimals="0" contextRef="RP" unitRef="u1">213700</tns:Tax.Losses.CarriedForward.LaterIncomeYearsTotal.Amount>
</xbrli:xbrl>
