<xbrli:xbrl xmlns:xsi="http://www.w3.org/2001/XMLSchema-instance" xsi:schemaLocation="http://xbrl.org/2006/xbrldi http://www.xbrl.org/2006/xbrldi-2006.xsd" xmlns:tns="http://www.sbr.gov.au/ato/rpttaxpos" xmlns:link="http://www.xbrl.org/2003/linkbase" xmlns:iso4217="http://www.xbrl.org/2003/iso4217" xmlns:xbrldi="http://xbrl.org/2006/xbrldi" xmlns:xbrli="http://www.xbrl.org/2003/instance" xmlns:xbrldt="http://xbrl.org/2005/xbrldt" xmlns:xlink="http://www.w3.org/1999/xlink">
  <link:schemaRef xlink:type="simple" xlink:href="http://sbr.gov.au/taxonomy/sbr_au_reports/ato/rpttaxpos/rpttaxpos_0001/ato.rpttaxpos.0001.2019.01.00.report.xsd" />
  <xbrli:context id="RP">
    <xbrli:entity>
      <xbrli:identifier scheme="http://www.ato.gov.au/tfn">220114767</xbrli:identifier>
      <xbrli:segment>
        <xbrldi:explicitMember dimension="tns:ReportPartyTypeDimension">tns:ReportingParty</xbrldi:explicitMember>
      </xbrli:segment>
    </xbrli:entity>
    <xbrli:period>
      <xbrli:startDate>2023-07-01</xbrli:startDate>
      <xbrli:endDate>2024-06-30</xbrli:endDate>
    </xbrli:period>
  </xbrli:context>
  <xbrli:unit id="U1">
    <xbrli:measure>iso4217:AUD</xbrli:measure>
  </xbrli:unit>
  <xbrli:unit id="U2">
    <xbrli:measure>xbrli:pure</xbrli:measure>
  </xbrli:unit>
  <tns:RegulatoryDisclosures.ReportableTaxPositionCategoryAB.Indicator contextRef="RP">true</tns:RegulatoryDisclosures.ReportableTaxPositionCategoryAB.Indicator>
  <tns:RegulatoryDisclosures.ReportableTaxPositionCategoryAB.Count decimals="0" contextRef="RP" unitRef="U2">2</tns:RegulatoryDisclosures.ReportableTaxPositionCategoryAB.Count>
  <tns:RegulatoryDisclosures.ReportableTaxPositionCategoryC.Indicator contextRef="RP">true</tns:RegulatoryDisclosures.ReportableTaxPositionCategoryC.Indicator>
  <tns:RegulatoryDisclosures.ReportableTaxPositionCategoryC.Count decimals="0" contextRef="RP" unitRef="U2">3</tns:RegulatoryDisclosures.ReportableTaxPositionCategoryC.Count>
  <tns:ReportableTaxPositionCategoryAAndB>
    <tns:RegulatoryDisclosures.ReportableTaxPositionCategoryReferenceNumber.Identifier contextRef="RP">2024-001</tns:RegulatoryDisclosures.ReportableTaxPositionCategoryReferenceNumber.Identifier>
    <tns:RegulatoryDisclosures.ReportableTaxPositionDiscussion.Indicator contextRef="RP">true</tns:RegulatoryDisclosures.ReportableTaxPositionDiscussion.Indicator>
    <tns:RegulatoryDisclosures.ReportableTaxPositionCategory.Code contextRef="RP">A and B</tns:RegulatoryDisclosures.ReportableTaxPositionCategory.Code>
    <tns:RegulatoryDisclosures.ReportableTaxPositionCategoryDescription.Text contextRef="RP">A-and-B-Description-Text</tns:RegulatoryDisclosures.ReportableTaxPositionCategoryDescription.Text>
    <tns:RegulatoryDisclosures.ReportableTaxPositionBasis.Text contextRef="RP">This is for A and B</tns:RegulatoryDisclosures.ReportableTaxPositionBasis.Text>
  </tns:ReportableTaxPositionCategoryAAndB>
  <tns:ReportableTaxPositionCategoryAAndB>
    <tns:RegulatoryDisclosures.ReportableTaxPositionCategoryReferenceNumber.Identifier contextRef="RP">2024-002</tns:RegulatoryDisclosures.ReportableTaxPositionCategoryReferenceNumber.Identifier>
    <tns:RegulatoryDisclosures.ReportableTaxPositionDiscussion.Indicator contextRef="RP">false</tns:RegulatoryDisclosures.ReportableTaxPositionDiscussion.Indicator>
    <tns:RegulatoryDisclosures.ReportableTaxPositionCategory.Code contextRef="RP">A</tns:RegulatoryDisclosures.ReportableTaxPositionCategory.Code>
    <tns:RegulatoryDisclosures.ReportableTaxPositionCategoryDescription.Text contextRef="RP">A-Description-Text</tns:RegulatoryDisclosures.ReportableTaxPositionCategoryDescription.Text>
    <tns:RegulatoryDisclosures.ReportableTaxPositionBasis.Text contextRef="RP">This is for A only</tns:RegulatoryDisclosures.ReportableTaxPositionBasis.Text>
  </tns:ReportableTaxPositionCategoryAAndB>
  <tns:ReportableTaxPositionCategoryC>
    <tns:RegulatoryDisclosures.ReportableTaxPositionCategoryReferenceNumber.Identifier contextRef="RP">2024-001</tns:RegulatoryDisclosures.ReportableTaxPositionCategoryReferenceNumber.Identifier>
    <tns:RegulatoryDisclosures.ReportableTaxPositionDiscussion.Indicator contextRef="RP">true</tns:RegulatoryDisclosures.ReportableTaxPositionDiscussion.Indicator>
    <tns:RegulatoryDisclosures.ReportableTaxPositionCategoryCQuestion.Number decimals="0" contextRef="RP" unitRef="U2">3</tns:RegulatoryDisclosures.ReportableTaxPositionCategoryCQuestion.Number>
    <tns:RegulatoryDisclosures.ReportableTaxPositionCategoryCSubcategory.Number decimals="0" contextRef="RP" unitRef="U2">88</tns:RegulatoryDisclosures.ReportableTaxPositionCategoryCSubcategory.Number>
    <tns:RegulatoryDisclosures.ReportableTaxPositionAdditionalInformation.Text contextRef="RP">RPTTAXPOS-ADDI-INFO-TXT-1</tns:RegulatoryDisclosures.ReportableTaxPositionAdditionalInformation.Text>
  </tns:ReportableTaxPositionCategoryC>
  <tns:ReportableTaxPositionCategoryC>
    <tns:RegulatoryDisclosures.ReportableTaxPositionCategoryReferenceNumber.Identifier contextRef="RP">2024-002</tns:RegulatoryDisclosures.ReportableTaxPositionCategoryReferenceNumber.Identifier>
    <tns:RegulatoryDisclosures.ReportableTaxPositionDiscussion.Indicator contextRef="RP">false</tns:RegulatoryDisclosures.ReportableTaxPositionDiscussion.Indicator>
    <tns:RegulatoryDisclosures.ReportableTaxPositionCategoryCQuestion.Number decimals="0" contextRef="RP" unitRef="U2">15</tns:RegulatoryDisclosures.ReportableTaxPositionCategoryCQuestion.Number>
  </tns:ReportableTaxPositionCategoryC>
  <tns:ReportableTaxPositionCategoryC>
    <tns:RegulatoryDisclosures.ReportableTaxPositionCategoryReferenceNumber.Identifier contextRef="RP">2024-003</tns:RegulatoryDisclosures.ReportableTaxPositionCategoryReferenceNumber.Identifier>
    <tns:RegulatoryDisclosures.ReportableTaxPositionDiscussion.Indicator contextRef="RP">true</tns:RegulatoryDisclosures.ReportableTaxPositionDiscussion.Indicator>
    <tns:RegulatoryDisclosures.ReportableTaxPositionCategoryCQuestion.Number decimals="0" contextRef="RP" unitRef="U2">39</tns:RegulatoryDisclosures.ReportableTaxPositionCategoryCQuestion.Number>
    <tns:RegulatoryDisclosures.ReportableTaxPositionCategoryCSubcategory.Number decimals="0" contextRef="RP" unitRef="U2">9</tns:RegulatoryDisclosures.ReportableTaxPositionCategoryCSubcategory.Number>
    <tns:RegulatoryDisclosures.ReportableTaxPositionAdditionalInformation.Text contextRef="RP">RPTTAXPOS-ADDI-INFO-TXT-3</tns:RegulatoryDisclosures.ReportableTaxPositionAdditionalInformation.Text>
  </tns:ReportableTaxPositionCategoryC>
</xbrli:xbrl>
