<tns:RDTIS xmlns:tns="http://www.sbr.gov.au/ato/rdtis">
  <tns:RP>
    <tns:AmendmentI>false</tns:AmendmentI>
    <tns:TaxFileNumberId>220114767</tns:TaxFileNumberId>
    <tns:PeriodStartD>2023-07-01</tns:PeriodStartD>
    <tns:PeriodEndD>2024-06-30</tns:PeriodEndD>
    <tns:InnovationRegistrationNumberId>IR2021875</tns:InnovationRegistrationNumberId>
    <!--<tns:ExpenseResearchAndDevelopmentResearchAndDevelopmentAccountingExpenditureAddBackA>0</tns:ExpenseResearchAndDevelopmentResearchAndDevelopmentAccountingExpenditureAddBackA>-->
    <tns:NotionalDeductionsCalculation>
      <tns:AustralianOwned>
        <tns:ExpenseResearchAndDevelopmentContractedExpenditureResearchServiceProviderA>400</tns:ExpenseResearchAndDevelopmentContractedExpenditureResearchServiceProviderA>
        <tns:ExpenseResearchAndDevelopmentContractedExpenditureNonResearchServiceProviderA>0</tns:ExpenseResearchAndDevelopmentContractedExpenditureNonResearchServiceProviderA>
        <tns:RemunerationWagesAndSalariesSalaryA>0</tns:RemunerationWagesAndSalariesSalaryA>
        <tns:ExpenseResearchAndDevelopmentOtherExpenditureRegisteredResearchAgencyA>0</tns:ExpenseResearchAndDevelopmentOtherExpenditureRegisteredResearchAgencyA>
        <tns:ExpenseResearchAndDevelopmentFeedstockA>0</tns:ExpenseResearchAndDevelopmentFeedstockA>
        <tns:ExpenseResearchAndDevelopmentAssociatesExpenditureA>0</tns:ExpenseResearchAndDevelopmentAssociatesExpenditureA>
        <tns:ExpenseResearchAndDevelopmentDeclineInValuePlantAndDepreciatingAssetsA>0</tns:ExpenseResearchAndDevelopmentDeclineInValuePlantAndDepreciatingAssetsA>
        <tns:ExpenseResearchAndDevelopmentCooperativeResearchCentreContributionsA>35</tns:ExpenseResearchAndDevelopmentCooperativeResearchCentreContributionsA>
        <tns:ExpenseResearchAndDevelopmentAllocatedTotalA>435</tns:ExpenseResearchAndDevelopmentAllocatedTotalA>
      </tns:AustralianOwned>
      <tns:ForeignOwned>
        <tns:ExpenseResearchAndDevelopmentContractedExpenditureResearchServiceProviderA>500</tns:ExpenseResearchAndDevelopmentContractedExpenditureResearchServiceProviderA>
        <tns:ExpenseResearchAndDevelopmentContractedExpenditureNonResearchServiceProviderA>0</tns:ExpenseResearchAndDevelopmentContractedExpenditureNonResearchServiceProviderA>
        <tns:RemunerationWagesAndSalariesSalaryA>0</tns:RemunerationWagesAndSalariesSalaryA>
        <tns:ExpenseResearchAndDevelopmentOtherExpenditureRegisteredResearchAgencyA>0</tns:ExpenseResearchAndDevelopmentOtherExpenditureRegisteredResearchAgencyA>
        <tns:ExpenseResearchAndDevelopmentFeedstockA>0</tns:ExpenseResearchAndDevelopmentFeedstockA>
        <tns:ExpenseResearchAndDevelopmentAssociatesExpenditureA>0</tns:ExpenseResearchAndDevelopmentAssociatesExpenditureA>
        <tns:ExpenseResearchAndDevelopmentDeclineInValuePlantAndDepreciatingAssetsA>0</tns:ExpenseResearchAndDevelopmentDeclineInValuePlantAndDepreciatingAssetsA>
        <tns:ExpenseResearchAndDevelopmentCooperativeResearchCentreContributionsA>65</tns:ExpenseResearchAndDevelopmentCooperativeResearchCentreContributionsA>
        <tns:ExpenseResearchAndDevelopmentAllocatedTotalA>565</tns:ExpenseResearchAndDevelopmentAllocatedTotalA>
      </tns:ForeignOwned>
      <tns:ExpenseResearchAndDevelopmentAllocatedTotalA>1000</tns:ExpenseResearchAndDevelopmentAllocatedTotalA>
    </tns:NotionalDeductionsCalculation>
    <tns:Feedstock>
      <tns:IncomeResearchAndDevelopmentRevenueTotalA>300000</tns:IncomeResearchAndDevelopmentRevenueTotalA>
      <tns:ExpenseResearchAndDevelopmentInputA>150000</tns:ExpenseResearchAndDevelopmentInputA>
      <tns:ExpenseResearchAndDevelopmentAdjustmentBalanceA>150000</tns:ExpenseResearchAndDevelopmentAdjustmentBalanceA>
    </tns:Feedstock>
    <tns:ResearchandDevelopmentrecoupment>
      <tns:ResearchAndDevelopmentGovernmentGrantsAndRecoupmentsA>200000</tns:ResearchAndDevelopmentGovernmentGrantsAndRecoupmentsA>
      <tns:ExpenseResearchAndDevelopmentRecoupmentRelatedA>100000</tns:ExpenseResearchAndDevelopmentRecoupmentRelatedA>
      <tns:ExpenseResearchAndDevelopmentGrantRelatedA>80000</tns:ExpenseResearchAndDevelopmentGrantRelatedA>
      <tns:ExpenseResearchAndDevelopmentRecoupmentNetA>0</tns:ExpenseResearchAndDevelopmentRecoupmentNetA>
    </tns:ResearchandDevelopmentrecoupment>
    <tns:AssessablebalancingadjustmentsIncomeResearchAndDevelopmentBalancingAdjustmentA>0</tns:AssessablebalancingadjustmentsIncomeResearchAndDevelopmentBalancingAdjustmentA>
    <tns:TotalclawbackIncomeResearchAndDevelopmentClawbackA>0</tns:TotalclawbackIncomeResearchAndDevelopmentClawbackA>
    <tns:DeductiblebalancingadjustmentsExpenseResearchAndDevelopmentAdjustmentBalanceA>0</tns:DeductiblebalancingadjustmentsExpenseResearchAndDevelopmentAdjustmentBalanceA>
    <tns:ExpenditureToAssociates>
      <tns:IncurredOrPaid>
        <tns:ExpenseResearchAndDevelopmentAssociatesCarriedForwardA>150000</tns:ExpenseResearchAndDevelopmentAssociatesCarriedForwardA>
        <tns:ExpenseResearchAndDevelopmentAssociatesUnpaidA>200000</tns:ExpenseResearchAndDevelopmentAssociatesUnpaidA>
        <tns:ExpenseResearchAndDevelopmentAssociatesClaimedA>70000</tns:ExpenseResearchAndDevelopmentAssociatesClaimedA>
        <tns:ExpenseResearchAndDevelopmentAssociatesNotClaimedA>0</tns:ExpenseResearchAndDevelopmentAssociatesNotClaimedA>
      </tns:IncurredOrPaid>
      <tns:ExpenseResearchAndDevelopmentAssociatesCarriedForwardA>280000</tns:ExpenseResearchAndDevelopmentAssociatesCarriedForwardA>
    </tns:ExpenditureToAssociates>
    <tns:AggregatedTurnover>
      <tns:TaxConcessionExemptEntityOwnershipI>true</tns:TaxConcessionExemptEntityOwnershipI>
      <tns:TaxConcessionAtOrAboveThresholdI>true</tns:TaxConcessionAtOrAboveThresholdI>
      <tns:TaxConcessionResearchAndDevelopmentTaxOffsetEntityTurnoverA>4800000</tns:TaxConcessionResearchAndDevelopmentTaxOffsetEntityTurnoverA>
      <tns:GroupMemberCollection>
        <tns:GroupMember>
          <tns:OrganisationNameDetailsOrganisationalNameT>GM_OrgNameDet_OrgNameOne</tns:OrganisationNameDetailsOrganisationalNameT>
          <tns:TaxFileNumberId>882156963</tns:TaxFileNumberId>
          <tns:TaxConcessionResearchAndDevelopmentTaxOffsetEntityTurnoverA>4000000</tns:TaxConcessionResearchAndDevelopmentTaxOffsetEntityTurnoverA>
        </tns:GroupMember>
        <tns:GroupMember>
          <tns:OrganisationNameDetailsOrganisationalNameT>GM_OrgNameDet_OrgNameTwo</tns:OrganisationNameDetailsOrganisationalNameT>
          <tns:TaxFileNumberId>832668651</tns:TaxFileNumberId>
          <tns:TaxConcessionResearchAndDevelopmentTaxOffsetEntityTurnoverA>3000000</tns:TaxConcessionResearchAndDevelopmentTaxOffsetEntityTurnoverA>
        </tns:GroupMember>
        <tns:GroupMember>
          <tns:OrganisationNameDetailsOrganisationalNameT>GM_OrgNameDet_OrgNameThree</tns:OrganisationNameDetailsOrganisationalNameT>
          <tns:TaxFileNumberId>857128959</tns:TaxFileNumberId>
          <tns:TaxConcessionResearchAndDevelopmentTaxOffsetEntityTurnoverA>2000000</tns:TaxConcessionResearchAndDevelopmentTaxOffsetEntityTurnoverA>
        </tns:GroupMember>
        <tns:GroupMember>
          <tns:OrganisationNameDetailsOrganisationalNameT>GM_OrgNameDet_OrgNameFour</tns:OrganisationNameDetailsOrganisationalNameT>
          <tns:TaxFileNumberId>864599478</tns:TaxFileNumberId>
          <tns:TaxConcessionResearchAndDevelopmentTaxOffsetEntityTurnoverA>3000000</tns:TaxConcessionResearchAndDevelopmentTaxOffsetEntityTurnoverA>
        </tns:GroupMember>
        <tns:GroupMember>
          <tns:OrganisationNameDetailsOrganisationalNameT>GM_OrgNameDet_OrgNameFive</tns:OrganisationNameDetailsOrganisationalNameT>
          <tns:TaxFileNumberId>828500687</tns:TaxFileNumberId>
          <tns:TaxConcessionResearchAndDevelopmentTaxOffsetEntityTurnoverA>3000000</tns:TaxConcessionResearchAndDevelopmentTaxOffsetEntityTurnoverA>
        </tns:GroupMember>
      </tns:GroupMemberCollection>
      <!--Annual Turnover must not be completed if there are less then 19 specified group members-->
      <!--<tns:TaxConcessionResearchAndDevelopmentTaxOffsetAdditionalEntitiesTurnoverA>0</tns:TaxConcessionResearchAndDevelopmentTaxOffsetAdditionalEntitiesTurnoverA>-->
      <tns:TaxConcessionResearchAndDevelopmentTaxOffsetTurnoverExclusionA>50000</tns:TaxConcessionResearchAndDevelopmentTaxOffsetTurnoverExclusionA>
      <tns:TaxConcessionResearchAndDevelopmentTaxOffsetTurnoverTotalA>19750000</tns:TaxConcessionResearchAndDevelopmentTaxOffsetTurnoverTotalA>
    </tns:AggregatedTurnover>
    <tns:TaxRateDesignationR>30</tns:TaxRateDesignationR>
    <tns:NonRefundableTaxOffset>
      <tns:ExpenseResearchAndDevelopmentTotalA>100000</tns:ExpenseResearchAndDevelopmentTotalA>
      <tns:TaxConcessionResearchAndDevelopmentNotionalDeductionsNonRefundableA>1000</tns:TaxConcessionResearchAndDevelopmentNotionalDeductionsNonRefundableA>
      <tns:MiscellaneousResearchAndDevelopmentIntensityR>1</tns:MiscellaneousResearchAndDevelopmentIntensityR>
      <!--Tier of Intensity-->
      <tns:Tier1>
        <tns:TaxConcessionResearchAndDevelopmentNotionalDeductionsNonRefundableA>1000</tns:TaxConcessionResearchAndDevelopmentNotionalDeductionsNonRefundableA>
        <tns:TaxConcessionResearchAndDevelopmentTaxOffsetNonRefundableA>385</tns:TaxConcessionResearchAndDevelopmentTaxOffsetNonRefundableA>
      </tns:Tier1>
      <tns:Tier2>
        <tns:TaxConcessionResearchAndDevelopmentNotionalDeductionsNonRefundableA>0</tns:TaxConcessionResearchAndDevelopmentNotionalDeductionsNonRefundableA>
        <tns:TaxConcessionResearchAndDevelopmentTaxOffsetNonRefundableA>0</tns:TaxConcessionResearchAndDevelopmentTaxOffsetNonRefundableA>
      </tns:Tier2>
      <tns:NonTier>
        <tns:TaxConcessionResearchAndDevelopmentNotionalDeductionsNonRefundableA>0</tns:TaxConcessionResearchAndDevelopmentNotionalDeductionsNonRefundableA>
        <tns:TaxConcessionResearchAndDevelopmentTaxOffsetNonRefundableA>0</tns:TaxConcessionResearchAndDevelopmentTaxOffsetNonRefundableA>
      </tns:NonTier>
      <tns:TaxConcessionResearchAndDevelopmentTaxOffsetNonRefundableA>385</tns:TaxConcessionResearchAndDevelopmentTaxOffsetNonRefundableA>
    </tns:NonRefundableTaxOffset>
  </tns:RP>
</tns:RDTIS>
