<tns:IEE xmlns:tns="http://www.sbr.gov.au/ato/iee">
	<!-- IEE1005 -->
  <tns:RP>
    <!-- IEE3 -->
    <tns:TaxFileNumberId>220114661</tns:TaxFileNumberId>
    <!-- IEE162 -->
    <tns:AustralianBusinessNumberId>83091895966</tns:AustralianBusinessNumberId>
    <!-- IEE163 -->
    <tns:OrganisationDetailsOrganisationBranchC>1</tns:OrganisationDetailsOrganisationBranchC>
    <!-- IEE1 -->
    <tns:LodgmentPeriodYearY>2014</tns:LodgmentPeriodYearY>
    <!-- IEE201 -->
    <tns:PeriodStartD>2023-07-01</tns:PeriodStartD>
    <!-- IEE202 -->
    <tns:PeriodEndD>2024-06-30</tns:PeriodEndD>
    <!-- IEE94 -->
    <tns:CompletionHoursN>2</tns:CompletionHoursN>
		<!--Name on schedule does not match parent form-->
    <!-- IEE4 -->
    <tns:CurrentNameOrganisationNameDetailsOrganisationalNameT>RP_Curr_MN_OrgNm_Txt</tns:CurrentNameOrganisationNameDetailsOrganisationalNameT>
		<!--An ARBN and an ACN must not both be provided-->
    <!-- IEE100 -->
    <tns:AustralianCompanyNumberId>074519798</tns:AustralianCompanyNumberId>
		<!--Interposed Entity Address must be blank or be the same as on main form-->
    <!-- IEE1007 -->
    <tns:CurrentPostalAddress>
      <!-- IEE5 -->
      <tns:AddressDetailsLine1T>GPO Box 48</tns:AddressDetailsLine1T>
      <!-- IEE6 -->
      <tns:AddressDetailsLocalityNameT>Brisbane</tns:AddressDetailsLocalityNameT>
      <!-- IEE8 -->
      <tns:AddressDetailsPostcodeT>4001</tns:AddressDetailsPostcodeT>
      <!-- IEE7 -->
      <tns:AddressDetailsStateOrTerritoryC>QLD</tns:AddressDetailsStateOrTerritoryC>
      <!-- IEE111 -->
      <tns:AddressDetailsCountryC>au</tns:AddressDetailsCountryC>
    </tns:CurrentPostalAddress>
    <!-- IEE10 -->
    <tns:PreviousNameOrganisationNameDetailsOrganisationalNameT>RP_Prev_MN_OrgNm_Txt</tns:PreviousNameOrganisationNameDetailsOrganisationalNameT>
    <!-- IEE1009 -->
    <!--<tns:PreviousPostalAddress>
      --><!-- IEE11 --><!--
      <tns:AddressDetailsLine1T>RP_POS_Prev_Add_Line1</tns:AddressDetailsLine1T>
      --><!-- IEE12 --><!--
      <tns:AddressDetailsLocalityNameT>RP_Prev_POS_Loc</tns:AddressDetailsLocalityNameT>
      --><!-- IEE14 --><!--
      <tns:AddressDetailsPostcodeT>2000</tns:AddressDetailsPostcodeT>
      --><!-- IEE13 --><!--
      <tns:AddressDetailsStateOrTerritoryC>NSW</tns:AddressDetailsStateOrTerritoryC>
      --><!-- IEE112 --><!--
      <tns:AddressDetailsCountryC>au</tns:AddressDetailsCountryC>
    </tns:PreviousPostalAddress>-->
    <!-- IEE1010 -->
    <tns:InterposedEntityElectionRevocationDetails>
      <!-- IEE16 -->
      <tns:PartyTypeC>051</tns:PartyTypeC>
      <!-- IEE116 -->
      <tns:ElectionsInterposedEntityElectionOrRevocationC>E</tns:ElectionsInterposedEntityElectionOrRevocationC>
      <!-- IEE49 -->
      <tns:ElectionsCommencementD>2012-09-20</tns:ElectionsCommencementD>
      <!-- IEE1013 -->
      <tns:NonResidentInformation>
        <!-- IEE21 -->
        <tns:ResidencyTaxPurposesOrganisationStatusC>NonResidentPermEstab</tns:ResidencyTaxPurposesOrganisationStatusC>
        <!--Full period indicator and specific dates company was a non resident must not both be present-->
        <!--Date company was non-resident must not be before the Day Specified or the Election Commencement Time-->
        <tns:CompanyNonResidentPartPeriodDetailsCollection>
          <!-- IEE1014 -->
          <tns:CompanyNonResidentPartPeriodDetails>
            <!-- IEE23 -->
            <tns:StartD>2012-10-15</tns:StartD>
            <!-- IEE24 -->
            <tns:EndD>2013-03-31</tns:EndD>
          </tns:CompanyNonResidentPartPeriodDetails>
        </tns:CompanyNonResidentPartPeriodDetailsCollection>
      </tns:NonResidentInformation>
      <!-- IEE1020 -->
      <tns:ElectionDetails>
        <!-- IEE45 -->
        <tns:ElectionsInterposedEntityElectionStatusY>2022</tns:ElectionsInterposedEntityElectionStatusY>
        <!-- IEE46 -->
        <tns:ElectionsDateSpecifiedD>2012-09-11</tns:ElectionsDateSpecifiedD>
        <!-- IEE1021 -->
        <tns:SubstitutedAccountingPeriodDetails>
          <!-- IEE47 -->
          <tns:StartD>2012-07-01</tns:StartD>
          <!-- IEE48 -->
          <tns:EndD>2013-04-30</tns:EndD>
        </tns:SubstitutedAccountingPeriodDetails>
      </tns:ElectionDetails>
      <!-- IEE1022 -->
      <tns:FamilyTrust>
        <!-- IEE59 -->
        <tns:ElectionsCommencementD>2012-09-25</tns:ElectionsCommencementD>
        <!-- IEE58 -->
        <tns:ElectionsElectionStatusY>2012</tns:ElectionsElectionStatusY>
        <!-- IEE1023 -->
        <tns:SubstitutedAccountingPeriodDetails>
          <!-- IEE60 -->
          <tns:StartD>2012-07-01</tns:StartD>
          <!-- IEE61 -->
          <tns:EndD>2013-04-30</tns:EndD>
        </tns:SubstitutedAccountingPeriodDetails>
        <!-- IEE50 -->
        <tns:TaxFileNumberId>220115685</tns:TaxFileNumberId>
        <!-- IEE51 -->
        <tns:TaxFileNumberInexistentI>false</tns:TaxFileNumberInexistentI>
        <!-- IEE52 -->
        <tns:OrganisationNameDetailsOrganisationalNameT>Victory Pty Ltd</tns:OrganisationNameDetailsOrganisationalNameT>
        <!-- IEE1024 -->
        <tns:CurrentPostalAddress>
          <!-- IEE53 -->
          <tns:AddressDetailsLine1T>12 Melba</tns:AddressDetailsLine1T>
          <!-- IEE54 -->
          <tns:AddressDetailsLocalityNameT>Bendigo</tns:AddressDetailsLocalityNameT>
          <!-- IEE56 -->
          <tns:AddressDetailsPostcodeT>3001</tns:AddressDetailsPostcodeT>
          <!-- IEE55 -->
          <tns:AddressDetailsStateOrTerritoryC>VIC</tns:AddressDetailsStateOrTerritoryC>
          <!-- IEE155 -->
          <tns:AddressDetailsCountryC>au</tns:AddressDetailsCountryC>
        </tns:CurrentPostalAddress>
      </tns:FamilyTrust>
      <!-- IEE1025 -->
      <tns:SpecifiedIndividual>
        <!-- IEE62 -->
        <tns:TaxFileNumberId>118867893</tns:TaxFileNumberId>
        <!-- IEE64 -->
        <tns:PersonDemographicDetailsBirthD>1975-12-01</tns:PersonDemographicDetailsBirthD>
        <!-- IEE65 -->
        <tns:PersonNameDetailsTitleT>MR</tns:PersonNameDetailsTitleT>
        <!-- IEE67 -->
        <tns:PersonNameDetailsNameSuffixT>SNR</tns:PersonNameDetailsNameSuffixT>
        <!-- IEE66 -->
        <tns:PersonNameDetailsFamilyNameT>Smith</tns:PersonNameDetailsFamilyNameT>
        <!-- IEE68 -->
        <tns:PersonNameDetailsGivenNameT>Maxell</tns:PersonNameDetailsGivenNameT>
        <!-- IEE69 -->
        <tns:PersonNameDetailsOtherGivenNameT>Fred</tns:PersonNameDetailsOtherGivenNameT>
        <!-- IEE1027 -->
        <tns:CurrentResidentialAddressDetails>
          <!-- IEE70 -->
          <tns:Line1T>166 Park Street</tns:Line1T>
          <!-- IEE71 -->
          <tns:LocalityNameT>Pyrmont</tns:LocalityNameT>
          <!-- IEE73 -->
          <tns:PostcodeT>2031</tns:PostcodeT>
          <!-- IEE72 -->
          <tns:StateOrTerritoryC>NSW</tns:StateOrTerritoryC>
          <!-- IEE114 -->
          <tns:CountryC>au</tns:CountryC>
        </tns:CurrentResidentialAddressDetails>
      </tns:SpecifiedIndividual>
    </tns:InterposedEntityElectionRevocationDetails>
    <!-- IEE1028 -->
    <tns:DeclarationOfPublicOfficer>
      <!-- IEE1029 -->
      <tns:PublicOfficerNameDetails>
        <!-- IEE83 -->
        <tns:PersonNameDetailsTitleT>MR</tns:PersonNameDetailsTitleT>
        <!-- IEE85 -->
        <tns:PersonNameDetailsNameSuffixT>JNR</tns:PersonNameDetailsNameSuffixT>
        <!-- IEE84 -->
        <tns:PersonNameDetailsFamilyNameT>Deloitte</tns:PersonNameDetailsFamilyNameT>
        <!-- IEE86 -->
        <tns:PersonNameDetailsGivenNameT>Manuelle</tns:PersonNameDetailsGivenNameT>
      </tns:PublicOfficerNameDetails>
      <!-- IEE147 -->
      <tns:StatementTypeC>HardCopy</tns:StatementTypeC>
      <!-- IEE192 -->
      <tns:StatementAcceptedI>true</tns:StatementAcceptedI>
			<!--Signature date must not be later than today-->
      <!-- IEE191 -->
      <tns:SignatureD>2013-10-21</tns:SignatureD>
      <!-- IEE148 -->
      <tns:SignatoryIdentifierT>RP_Sign_Ident</tns:SignatoryIdentifierT>
    </tns:DeclarationOfPublicOfficer>
  </tns:RP>
</tns:IEE>
