<xbrli:xbrl xmlns:xsi="http://www.w3.org/2001/XMLSchema-instance" xsi:schemaLocation="http://xbrl.org/2006/xbrldi http://www.xbrl.org/2006/xbrldi-2006.xsd" xmlns:tns="http://www.sbr.gov.au/ato/ctr" xmlns:link="http://www.xbrl.org/2003/linkbase" xmlns:iso4217="http://www.xbrl.org/2003/iso4217" xmlns:xbrldi="http://xbrl.org/2006/xbrldi" xmlns:xbrli="http://www.xbrl.org/2003/instance" xmlns:xbrldt="http://xbrl.org/2005/xbrldt" xmlns:xlink="http://www.w3.org/1999/xlink">
  <link:schemaRef xlink:type="simple" xlink:href="http://sbr.gov.au/taxonomy/sbr_au_reports/ato/ctr/ctr_0015/ato.ctr.0015.2024.01.00.report.xsd" />
  <xbrli:context id="RP">
    <xbrli:entity>
      <xbrli:identifier scheme="http://www.ato.gov.au/tfn">220114653</xbrli:identifier>
      <xbrli:segment>
        <xbrldi:explicitMember dimension="tns:ReportPartyTypeDimension">tns:ReportingParty</xbrldi:explicitMember>
      </xbrli:segment>
    </xbrli:entity>
    <xbrli:period>
      <xbrli:startDate>2023-07-01</xbrli:startDate>
      <xbrli:endDate>2024-06-30</xbrli:endDate>
    </xbrli:period>
  </xbrli:context>
  <xbrli:context id="RP.Instant">
    <xbrli:entity>
      <xbrli:identifier scheme="http://www.ato.gov.au/tfn">220114653</xbrli:identifier>
      <xbrli:segment>
        <xbrldi:explicitMember dimension="tns:ReportPartyTypeDimension">tns:ReportingParty</xbrldi:explicitMember>
      </xbrli:segment>
    </xbrli:entity>
    <xbrli:period>
      <xbrli:instant>2024-06-30</xbrli:instant>
    </xbrli:period>
  </xbrli:context>
  <xbrli:context id="INT">
    <xbrli:entity>
      <xbrli:identifier scheme="http://www.ato.gov.au/abn">18083973826</xbrli:identifier>
      <xbrli:segment>
        <xbrldi:explicitMember dimension="tns:ReportPartyTypeDimension">tns:Intermediary</xbrldi:explicitMember>
      </xbrli:segment>
    </xbrli:entity>
    <xbrli:period>
      <xbrli:startDate>2023-07-01</xbrli:startDate>
      <xbrli:endDate>2024-06-30</xbrli:endDate>
    </xbrli:period>
  </xbrli:context>
  <xbrli:context id="RP.JAUS">
    <xbrli:entity>
      <xbrli:identifier scheme="http://www.ato.gov.au/tfn">220114653</xbrli:identifier>
      <xbrli:segment>
        <xbrldi:explicitMember dimension="tns:InternationalJurisdictionDimension">tns:Australian</xbrldi:explicitMember>
        <xbrldi:explicitMember dimension="tns:ReportPartyTypeDimension">tns:ReportingParty</xbrldi:explicitMember>
      </xbrli:segment>
    </xbrli:entity>
    <xbrli:period>
      <xbrli:startDate>2023-07-01</xbrli:startDate>
      <xbrli:endDate>2024-06-30</xbrli:endDate>
    </xbrli:period>
  </xbrli:context>
  <xbrli:context id="RP.JFOREIGN">
    <xbrli:entity>
      <xbrli:identifier scheme="http://www.ato.gov.au/tfn">220114653</xbrli:identifier>
      <xbrli:segment>
        <xbrldi:explicitMember dimension="tns:InternationalJurisdictionDimension">tns:Foreign</xbrldi:explicitMember>
        <xbrldi:explicitMember dimension="tns:ReportPartyTypeDimension">tns:ReportingParty</xbrldi:explicitMember>
      </xbrli:segment>
    </xbrli:entity>
    <xbrli:period>
      <xbrli:startDate>2023-07-01</xbrli:startDate>
      <xbrli:endDate>2024-06-30</xbrli:endDate>
    </xbrli:period>
  </xbrli:context>
  <xbrli:context id="RP.Closing.Instant">
    <xbrli:entity>
      <xbrli:identifier scheme="http://www.ato.gov.au/tfn">220114653</xbrli:identifier>
      <xbrli:segment>
        <xbrldi:explicitMember dimension="tns:OpeningAndClosingBalanceDimension">tns:Closing</xbrldi:explicitMember>
        <xbrldi:explicitMember dimension="tns:ReportPartyTypeDimension">tns:ReportingParty</xbrldi:explicitMember>
      </xbrli:segment>
    </xbrli:entity>
    <xbrli:period>
      <xbrli:instant>2024-06-30</xbrli:instant>
    </xbrli:period>
  </xbrli:context>
  <xbrli:context id="RP.ProspectiveRules">
    <xbrli:entity>
      <xbrli:identifier scheme="http://www.ato.gov.au/tfn">220114653</xbrli:identifier>
      <xbrli:segment>
        <xbrldi:explicitMember dimension="tns:ConsolidationDeductionTypeDimension">tns:ProspectiveRules</xbrldi:explicitMember>
        <xbrldi:explicitMember dimension="tns:ReportPartyTypeDimension">tns:ReportingParty</xbrldi:explicitMember>
      </xbrli:segment>
    </xbrli:entity>
    <xbrli:period>
      <xbrli:startDate>2023-07-01</xbrli:startDate>
      <xbrli:endDate>2024-06-30</xbrli:endDate>
    </xbrli:period>
  </xbrli:context>
  <xbrli:context id="RP.CFCLC">
    <xbrli:entity>
      <xbrli:identifier scheme="http://www.ato.gov.au/tfn">220114653</xbrli:identifier>
      <xbrli:segment>
        <xbrldi:explicitMember dimension="tns:CountryOfResidencyCFCClassificationDimension">tns:ListedCountry</xbrldi:explicitMember>
        <xbrldi:explicitMember dimension="tns:ReportPartyTypeDimension">tns:ReportingParty</xbrldi:explicitMember>
      </xbrli:segment>
    </xbrli:entity>
    <xbrli:period>
      <xbrli:startDate>2023-07-01</xbrli:startDate>
      <xbrli:endDate>2024-06-30</xbrli:endDate>
    </xbrli:period>
  </xbrli:context>
  <xbrli:context id="RP.CFCUC">
    <xbrli:entity>
      <xbrli:identifier scheme="http://www.ato.gov.au/tfn">220114653</xbrli:identifier>
      <xbrli:segment>
        <xbrldi:explicitMember dimension="tns:CountryOfResidencyCFCClassificationDimension">tns:UnlistedCountry</xbrldi:explicitMember>
        <xbrldi:explicitMember dimension="tns:ReportPartyTypeDimension">tns:ReportingParty</xbrldi:explicitMember>
      </xbrli:segment>
    </xbrli:entity>
    <xbrli:period>
      <xbrli:startDate>2023-07-01</xbrli:startDate>
      <xbrli:endDate>2024-06-30</xbrli:endDate>
    </xbrli:period>
  </xbrli:context>
  <xbrli:context id="RP.LowCost">
    <xbrli:entity>
      <xbrli:identifier scheme="http://www.ato.gov.au/tfn">220114653</xbrli:identifier>
      <xbrli:segment>
        <xbrldi:explicitMember dimension="tns:ReportPartyTypeDimension">tns:ReportingParty</xbrldi:explicitMember>
        <xbrldi:explicitMember dimension="tns:SmallBusinessDepreciatingAssetTypeDimension">tns:LowCost</xbrldi:explicitMember>
      </xbrli:segment>
    </xbrli:entity>
    <xbrli:period>
      <xbrli:startDate>2023-07-01</xbrli:startDate>
      <xbrli:endDate>2024-06-30</xbrli:endDate>
    </xbrli:period>
  </xbrli:context>
  <xbrli:context id="RP.GeneralPool">
    <xbrli:entity>
      <xbrli:identifier scheme="http://www.ato.gov.au/tfn">220114653</xbrli:identifier>
      <xbrli:segment>
        <xbrldi:explicitMember dimension="tns:ReportPartyTypeDimension">tns:ReportingParty</xbrldi:explicitMember>
        <xbrldi:explicitMember dimension="tns:SmallBusinessDepreciatingAssetTypeDimension">tns:GeneralPool</xbrldi:explicitMember>
      </xbrli:segment>
    </xbrli:entity>
    <xbrli:period>
      <xbrli:startDate>2023-07-01</xbrli:startDate>
      <xbrli:endDate>2024-06-30</xbrli:endDate>
    </xbrli:period>
  </xbrli:context>
  <xbrli:context id="RP.Opening.Instant">
    <xbrli:entity>
      <xbrli:identifier scheme="http://www.ato.gov.au/tfn">220114653</xbrli:identifier>
      <xbrli:segment>
        <xbrldi:explicitMember dimension="tns:OpeningAndClosingBalanceDimension">tns:Opening</xbrldi:explicitMember>
        <xbrldi:explicitMember dimension="tns:ReportPartyTypeDimension">tns:ReportingParty</xbrldi:explicitMember>
      </xbrli:segment>
    </xbrli:entity>
    <xbrli:period>
      <xbrli:instant>2023-07-01</xbrli:instant>
    </xbrli:period>
  </xbrli:context>
  <xbrli:context id="RP.Y0-1">
    <xbrli:entity>
      <xbrli:identifier scheme="http://www.ato.gov.au/tfn">220114653</xbrli:identifier>
      <xbrli:segment>
        <xbrldi:explicitMember dimension="tns:RelativePeriodDurationDimension">tns:Y0Minus1</xbrldi:explicitMember>
        <xbrldi:explicitMember dimension="tns:ReportPartyTypeDimension">tns:ReportingParty</xbrldi:explicitMember>
      </xbrli:segment>
    </xbrli:entity>
    <xbrli:period>
      <xbrli:startDate>2023-07-01</xbrli:startDate>
      <xbrli:endDate>2024-06-30</xbrli:endDate>
    </xbrli:period>
  </xbrli:context>
  <xbrli:context id="RP.Y0">
    <xbrli:entity>
      <xbrli:identifier scheme="http://www.ato.gov.au/tfn">220114653</xbrli:identifier>
      <xbrli:segment>
        <xbrldi:explicitMember dimension="tns:RelativePeriodDurationDimension">tns:Y0</xbrldi:explicitMember>
        <xbrldi:explicitMember dimension="tns:ReportPartyTypeDimension">tns:ReportingParty</xbrldi:explicitMember>
      </xbrli:segment>
    </xbrli:entity>
    <xbrli:period>
      <xbrli:startDate>2023-07-01</xbrli:startDate>
      <xbrli:endDate>2024-06-30</xbrli:endDate>
    </xbrli:period>
  </xbrli:context>
  <xbrli:context id="RP.TOFA">
    <xbrli:entity>
      <xbrli:identifier scheme="http://www.ato.gov.au/tfn">220114653</xbrli:identifier>
      <xbrli:segment>
        <xbrldi:explicitMember dimension="tns:FinancialArrangementTypeDimension">tns:TOFA</xbrldi:explicitMember>
        <xbrldi:explicitMember dimension="tns:ReportPartyTypeDimension">tns:ReportingParty</xbrldi:explicitMember>
      </xbrli:segment>
    </xbrli:entity>
    <xbrli:period>
      <xbrli:startDate>2023-07-01</xbrli:startDate>
      <xbrli:endDate>2024-06-30</xbrli:endDate>
    </xbrli:period>
  </xbrli:context>
  <xbrli:context id="RP.Y0Plus1">
    <xbrli:entity>
      <xbrli:identifier scheme="http://www.ato.gov.au/tfn">220114653</xbrli:identifier>
      <xbrli:segment>
        <xbrldi:explicitMember dimension="tns:RelativePeriodDurationDimension">tns:Y0Plus1</xbrldi:explicitMember>
        <xbrldi:explicitMember dimension="tns:ReportPartyTypeDimension">tns:ReportingParty</xbrldi:explicitMember>
      </xbrli:segment>
    </xbrli:entity>
    <xbrli:period>
      <xbrli:startDate>2023-07-01</xbrli:startDate>
      <xbrli:endDate>2024-06-30</xbrli:endDate>
    </xbrli:period>
  </xbrli:context>
  <xbrli:context id="RP.YPrevious">
    <xbrli:entity>
      <xbrli:identifier scheme="http://www.ato.gov.au/tfn">220114653</xbrli:identifier>
      <xbrli:segment>
        <xbrldi:explicitMember dimension="tns:RelativePeriodDurationDimension">tns:YPrevious</xbrldi:explicitMember>
        <xbrldi:explicitMember dimension="tns:ReportPartyTypeDimension">tns:ReportingParty</xbrldi:explicitMember>
      </xbrli:segment>
    </xbrli:entity>
    <xbrli:period>
      <xbrli:startDate>2023-07-01</xbrli:startDate>
      <xbrli:endDate>2024-06-30</xbrli:endDate>
    </xbrli:period>
  </xbrli:context>
  <xbrli:context id="RP.CMPLY">
    <xbrli:entity>
      <xbrli:identifier scheme="http://www.ato.gov.au/tfn">220114653</xbrli:identifier>
      <xbrli:segment>
        <xbrldi:explicitMember dimension="tns:LifeInsurancePolicyClassTypeDimension">tns:ComplyingSuperannuationClass</xbrldi:explicitMember>
        <xbrldi:explicitMember dimension="tns:ReportPartyTypeDimension">tns:ReportingParty</xbrldi:explicitMember>
      </xbrli:segment>
    </xbrli:entity>
    <xbrli:period>
      <xbrli:startDate>2023-07-01</xbrli:startDate>
      <xbrli:endDate>2024-06-30</xbrli:endDate>
    </xbrli:period>
  </xbrli:context>
  <xbrli:context id="RP.ORD">
    <xbrli:entity>
      <xbrli:identifier scheme="http://www.ato.gov.au/tfn">220114653</xbrli:identifier>
      <xbrli:segment>
        <xbrldi:explicitMember dimension="tns:LifeInsurancePolicyClassTypeDimension">tns:OrdinaryClass</xbrldi:explicitMember>
        <xbrldi:explicitMember dimension="tns:ReportPartyTypeDimension">tns:ReportingParty</xbrldi:explicitMember>
      </xbrli:segment>
    </xbrli:entity>
    <xbrli:period>
      <xbrli:startDate>2023-07-01</xbrli:startDate>
      <xbrli:endDate>2024-06-30</xbrli:endDate>
    </xbrli:period>
  </xbrli:context>
  <xbrli:context id="RP.Investor">
    <xbrli:entity>
      <xbrli:identifier scheme="http://www.ato.gov.au/tfn">220114653</xbrli:identifier>
      <xbrli:segment>
        <xbrldi:explicitMember dimension="tns:EarlyInvestorDimension">tns:Investor</xbrldi:explicitMember>
        <xbrldi:explicitMember dimension="tns:ReportPartyTypeDimension">tns:ReportingParty</xbrldi:explicitMember>
      </xbrli:segment>
    </xbrli:entity>
    <xbrli:period>
      <xbrli:startDate>2023-07-01</xbrli:startDate>
      <xbrli:endDate>2024-06-30</xbrli:endDate>
    </xbrli:period>
  </xbrli:context>
  <xbrli:context id="RP.Investor.YPrevious">
    <xbrli:entity>
      <xbrli:identifier scheme="http://www.ato.gov.au/tfn">220114653</xbrli:identifier>
      <xbrli:segment>
        <xbrldi:explicitMember dimension="tns:EarlyInvestorDimension">tns:Investor</xbrldi:explicitMember>
        <xbrldi:explicitMember dimension="tns:ReportPartyTypeDimension">tns:ReportingParty</xbrldi:explicitMember>
        <xbrldi:explicitMember dimension="tns:RelativePeriodDurationDimension">tns:YPrevious</xbrldi:explicitMember>
      </xbrli:segment>
    </xbrli:entity>
    <xbrli:period>
      <xbrli:startDate>2023-07-01</xbrli:startDate>
      <xbrli:endDate>2024-06-30</xbrli:endDate>
    </xbrli:period>
  </xbrli:context>
  <xbrli:context id="RP.LimitedPartners">
    <xbrli:entity>
      <xbrli:identifier scheme="http://www.ato.gov.au/tfn">220114653</xbrli:identifier>
      <xbrli:segment>
        <xbrldi:explicitMember dimension="tns:EarlyInvestorDimension">tns:LimitedPartners</xbrldi:explicitMember>
        <xbrldi:explicitMember dimension="tns:ReportPartyTypeDimension">tns:ReportingParty</xbrldi:explicitMember>
      </xbrli:segment>
    </xbrli:entity>
    <xbrli:period>
      <xbrli:startDate>2023-07-01</xbrli:startDate>
      <xbrli:endDate>2024-06-30</xbrli:endDate>
    </xbrli:period>
  </xbrli:context>
  <xbrli:context id="RP.LimitedPartners.YPrevious">
    <xbrli:entity>
      <xbrli:identifier scheme="http://www.ato.gov.au/tfn">220114653</xbrli:identifier>
      <xbrli:segment>
        <xbrldi:explicitMember dimension="tns:EarlyInvestorDimension">tns:LimitedPartners</xbrldi:explicitMember>
        <xbrldi:explicitMember dimension="tns:ReportPartyTypeDimension">tns:ReportingParty</xbrldi:explicitMember>
        <xbrldi:explicitMember dimension="tns:RelativePeriodDurationDimension">tns:YPrevious</xbrldi:explicitMember>
      </xbrli:segment>
    </xbrli:entity>
    <xbrli:period>
      <xbrli:startDate>2023-07-01</xbrli:startDate>
      <xbrli:endDate>2024-06-30</xbrli:endDate>
    </xbrli:period>
  </xbrli:context>
  <xbrli:context id="RP.Closing">
    <xbrli:entity>
      <xbrli:identifier scheme="http://www.ato.gov.au/tfn">220114653</xbrli:identifier>
      <xbrli:segment>
        <xbrldi:explicitMember dimension="tns:OpeningAndClosingBalanceDimension">tns:Closing</xbrldi:explicitMember>
        <xbrldi:explicitMember dimension="tns:ReportPartyTypeDimension">tns:ReportingParty</xbrldi:explicitMember>
      </xbrli:segment>
    </xbrli:entity>
    <xbrli:period>
      <xbrli:startDate>2023-07-01</xbrli:startDate>
      <xbrli:endDate>2024-06-30</xbrli:endDate>
    </xbrli:period>
  </xbrli:context>
  <xbrli:context id="RP.Opening">
    <xbrli:entity>
      <xbrli:identifier scheme="http://www.ato.gov.au/tfn">220114653</xbrli:identifier>
      <xbrli:segment>
        <xbrldi:explicitMember dimension="tns:OpeningAndClosingBalanceDimension">tns:Opening</xbrldi:explicitMember>
        <xbrldi:explicitMember dimension="tns:ReportPartyTypeDimension">tns:ReportingParty</xbrldi:explicitMember>
      </xbrli:segment>
    </xbrli:entity>
    <xbrli:period>
      <xbrli:startDate>2023-07-01</xbrli:startDate>
      <xbrli:endDate>2024-06-30</xbrli:endDate>
    </xbrli:period>
  </xbrli:context> 
  <xbrli:unit id="U1">
    <xbrli:measure>iso4217:AUD</xbrli:measure>
  </xbrli:unit>
  <xbrli:unit id="U2">
    <xbrli:measure>xbrli:pure</xbrli:measure>
  </xbrli:unit>
  <tns:Report.TargetFinancial.Year contextRef="RP" unitRef="U2" decimals="0">2024</tns:Report.TargetFinancial.Year>
  <!--Amendment Information-->
  <tns:Report.Amendment.Indicator contextRef="RP">false</tns:Report.Amendment.Indicator>
  <tns:Report.AmendmentType.Code contextRef="RP" xsi:nil="true" />
  <tns:Report.AmendmentSequence.Number contextRef="RP" unitRef="U2" xsi:nil="true" />
  <tns:Report.AmendmentReason.Text contextRef="RP" xsi:nil="true" />
  <!--Name of Company-->
  <tns:OrganisationNameDetails>
    <tns:OrganisationNameDetails.OrganisationalNameType.Code contextRef="RP">MN</tns:OrganisationNameDetails.OrganisationalNameType.Code>
    <tns:OrganisationNameDetails.Currency.Code contextRef="RP">C</tns:OrganisationNameDetails.Currency.Code>
    <tns:OrganisationNameDetails.OrganisationalName.Text contextRef="RP">ELDORAS Pvt Ltd</tns:OrganisationNameDetails.OrganisationalName.Text>
  </tns:OrganisationNameDetails>
  <tns:OrganisationNameDetails>
    <tns:OrganisationNameDetails.OrganisationalNameType.Code contextRef="RP">MN</tns:OrganisationNameDetails.OrganisationalNameType.Code>
    <tns:OrganisationNameDetails.Currency.Code contextRef="RP">P</tns:OrganisationNameDetails.Currency.Code>
    <tns:OrganisationNameDetails.OrganisationalName.Text contextRef="RP">RP_Org_Nm_Prev</tns:OrganisationNameDetails.OrganisationalName.Text>
  </tns:OrganisationNameDetails>
  <tns:Identifiers.AustralianBusinessNumber.Identifier contextRef="RP">19087046080</tns:Identifiers.AustralianBusinessNumber.Identifier>
  <tns:OrganisationDetails.OrganisationActivityStatus.Code xsi:nil="true" contextRef="RP" />
  <tns:Identifiers.AustralianRegisteredBodyNumber.Identifier contextRef="RP.Y0-1">143750038</tns:Identifiers.AustralianRegisteredBodyNumber.Identifier>
  <tns:Identifiers.AustralianCompanyNumber.Identifier xsi:nil="true" contextRef="RP.Y0-1" />
  <!--Address of Company-->
  <tns:AddressDetails>
    <tns:AddressDetails.OverseasAddress.Indicator contextRef="RP">false</tns:AddressDetails.OverseasAddress.Indicator>
    <tns:AddressDetails.Usage.Code contextRef="RP">POS</tns:AddressDetails.Usage.Code>
    <tns:AddressDetails.Currency.Code contextRef="RP">C</tns:AddressDetails.Currency.Code>
    <tns:AddressDetails.Line1.Text contextRef="RP">RP_POS_Curr_Add_Line1</tns:AddressDetails.Line1.Text>
    <tns:AddressDetails.Line2.Text contextRef="RP">RP_POS_Curr_Add_Line2</tns:AddressDetails.Line2.Text>
    <tns:AddressDetails.LocalityName.Text contextRef="RP">RP_POS_Curr_Loc_Nm</tns:AddressDetails.LocalityName.Text>
    <tns:AddressDetails.Postcode.Text contextRef="RP">2015</tns:AddressDetails.Postcode.Text>
    <tns:AddressDetails.StateOrTerritory.Code contextRef="RP">NSW</tns:AddressDetails.StateOrTerritory.Code>
  </tns:AddressDetails>
  <tns:AddressDetails>
    <tns:AddressDetails.OverseasAddress.Indicator contextRef="RP">false</tns:AddressDetails.OverseasAddress.Indicator>
    <tns:AddressDetails.Usage.Code contextRef="RP">POS</tns:AddressDetails.Usage.Code>
    <tns:AddressDetails.Currency.Code contextRef="RP">P</tns:AddressDetails.Currency.Code>
    <tns:AddressDetails.Line1.Text contextRef="RP">RP_POS_Prev_Add_Line1</tns:AddressDetails.Line1.Text>
    <tns:AddressDetails.Line2.Text contextRef="RP">RP_POS_Prev_Add_Line2</tns:AddressDetails.Line2.Text>
    <tns:AddressDetails.LocalityName.Text contextRef="RP">RP_POS_Prev_Loc_Nm</tns:AddressDetails.LocalityName.Text>
    <tns:AddressDetails.Postcode.Text contextRef="RP">2064</tns:AddressDetails.Postcode.Text>
    <tns:AddressDetails.StateOrTerritory.Code contextRef="RP">NSW</tns:AddressDetails.StateOrTerritory.Code>
  </tns:AddressDetails>
  <tns:AddressDetails>
    <tns:AddressDetails.OverseasAddress.Indicator contextRef="RP">false</tns:AddressDetails.OverseasAddress.Indicator>
    <tns:AddressDetails.Usage.Code contextRef="RP">BUS</tns:AddressDetails.Usage.Code>
    <tns:AddressDetails.Currency.Code contextRef="RP">C</tns:AddressDetails.Currency.Code>
    <tns:AddressDetails.Line1.Text contextRef="RP">6 Rose Ave</tns:AddressDetails.Line1.Text>
    <tns:AddressDetails.Line2.Text contextRef="RP">RP_BUS_Curr_Add_Line2</tns:AddressDetails.Line2.Text>
    <tns:AddressDetails.LocalityName.Text contextRef="RP">Surry Hills</tns:AddressDetails.LocalityName.Text>
    <tns:AddressDetails.Postcode.Text contextRef="RP">2010</tns:AddressDetails.Postcode.Text>
    <tns:AddressDetails.StateOrTerritory.Code contextRef="RP">NSW</tns:AddressDetails.StateOrTerritory.Code>
  </tns:AddressDetails>
  <tns:Lodgment.FinalReturn.Indicator contextRef="RP">true</tns:Lodgment.FinalReturn.Indicator>
  <!--Financial Institution Account Details-->
  <tns:FinancialInstitutionAccount>
    <tns:FinancialInstitutionAccount.BankStateBranch.Number contextRef="RP">025684</tns:FinancialInstitutionAccount.BankStateBranch.Number>
    <tns:FinancialInstitutionAccount.FinancialInstitutionAccount.Number contextRef="RP">25632541</tns:FinancialInstitutionAccount.FinancialInstitutionAccount.Number>
    <tns:FinancialInstitutionAccount.FinancialInstitutionAccountName.Text contextRef="RP">FinInst-AccName</tns:FinancialInstitutionAccount.FinancialInstitutionAccountName.Text>
    <tns:FinancialInstitutionAccount.FinancialInstitutionBranchName.Text xsi:nil="true" contextRef="RP" />
    <tns:FinancialInstitutionAccount.FinancialInstitutionName.Text xsi:nil="true" contextRef="RP" />
  </tns:FinancialInstitutionAccount>
  <!--Ultimate Holding Company Name-->
  <tns:UltimateHoldingCompany>
    <tns:OrganisationNameDetails>
      <tns:OrganisationNameDetails.OrganisationalNameType.Code contextRef="RP">MN</tns:OrganisationNameDetails.OrganisationalNameType.Code>
      <tns:OrganisationNameDetails.Currency.Code contextRef="RP">C</tns:OrganisationNameDetails.Currency.Code>
      <tns:OrganisationNameDetails.OrganisationalName.Text contextRef="RP">Ultimate_Holding_Co</tns:OrganisationNameDetails.OrganisationalName.Text>
    </tns:OrganisationNameDetails>
    <tns:Identifiers.AustralianBusinessNumber.Identifier xsi:nil="true" contextRef="RP" />
    <tns:Residency.TaxPurposesCountry.Code contextRef="RP">gb</tns:Residency.TaxPurposesCountry.Code>
  </tns:UltimateHoldingCompany>
  <!--Immediate Holding Company Name-->
  <tns:ImmediateHoldingCompany>
    <tns:OrganisationNameDetails>
      <tns:OrganisationNameDetails.OrganisationalNameType.Code contextRef="RP">MN</tns:OrganisationNameDetails.OrganisationalNameType.Code>
      <tns:OrganisationNameDetails.Currency.Code contextRef="RP">C</tns:OrganisationNameDetails.Currency.Code>
      <tns:OrganisationNameDetails.OrganisationalName.Text contextRef="RP">Immediate_Holding_Co</tns:OrganisationNameDetails.OrganisationalName.Text>
    </tns:OrganisationNameDetails>
    <tns:Identifiers.AustralianBusinessNumber.Identifier contextRef="RP">76089884284</tns:Identifiers.AustralianBusinessNumber.Identifier>
  </tns:ImmediateHoldingCompany>
  <!--Business Activity-->
  <tns:OrganisationDetails.MainIncomeActivity.Description contextRef="RP">Bank Operation</tns:OrganisationDetails.MainIncomeActivity.Description>
  <tns:OrganisationDetails.OrganisationIndustry2006Extended.Code contextRef="RP">62210</tns:OrganisationDetails.OrganisationIndustry2006Extended.Code>
  <tns:Equity.ContributedEquity.NonAustralianShareholding.Percent decimals="0" contextRef="RP" unitRef="U2">50</tns:Equity.ContributedEquity.NonAustralianShareholding.Percent>
  <!--Status of Company-->
  <tns:Residency.TaxPurposesOrganisationStatus.Code contextRef="RP">Resident</tns:Residency.TaxPurposesOrganisationStatus.Code>
  <tns:OrganisationDetails.OrganisationType.Code contextRef="RP">027</tns:OrganisationDetails.OrganisationType.Code>
  <tns:OrganisationDetails.TaxConsolidationStatus.Code contextRef="RP">2</tns:OrganisationDetails.TaxConsolidationStatus.Code>
  <tns:OrganisationDetails.ActivityEvent.Code contextRef="RP">MultipleBusiness</tns:OrganisationDetails.ActivityEvent.Code>
  <!--Interposed Entity Election Status-->
  <tns:Elections.InterposedEntityElectionStatus.Year contextRef="RP" unitRef="U2" decimals="0">2016</tns:Elections.InterposedEntityElectionStatus.Year>
  <tns:Elections.InterposedEntityElectionOrRevocation.Code xsi:nil="true" contextRef="RP" />
  <!--TOFA-->
  <!--INFORMATION STATEMENT-->
  <!--Income-->
  <tns:Remuneration.PaymentToForeignResidentGross.Amount xsi:nil="true" contextRef="RP" unitRef="U1" />
  <tns:Remuneration.ABNNotQuotedPaymentGross.Amount xsi:nil="true" contextRef="RP" unitRef="U1" />
  <tns:Income.SaleOfGoodsAndServices.Other.Amount decimals="0" contextRef="RP" unitRef="U1">800000</tns:Income.SaleOfGoodsAndServices.Other.Amount>
  <tns:Income.PartnershipDistributionGross.Amount decimals="0" contextRef="RP" unitRef="U1">70000</tns:Income.PartnershipDistributionGross.Amount>
  <tns:TrustDistributionIncome>
    <tns:Income.TrustDistributionGross.Amount decimals="0" contextRef="RP" unitRef="U1">0</tns:Income.TrustDistributionGross.Amount>
	  <!--tns:Party.TrustType.Code contextRef="RP">F</tns:Party.TrustType.Code-->
  </tns:TrustDistributionIncome>
  <tns:Income.ForestryManagedInvestmentScheme.Amount decimals="0" contextRef="RP" unitRef="U1">40000</tns:Income.ForestryManagedInvestmentScheme.Amount>
  <tns:Income.Interest.Gross.Amount decimals="0" contextRef="RP" unitRef="U1">300000</tns:Income.Interest.Gross.Amount>
  <tns:Income.RentLeasingHiringGross.Amount decimals="0" contextRef="RP" unitRef="U1">150000</tns:Income.RentLeasingHiringGross.Amount>
  <tns:Income.DividendsTotal.Amount decimals="0" contextRef="RP" unitRef="U1">350000</tns:Income.DividendsTotal.Amount>
  <tns:Remuneration.FringeBenefits.EmployeeContribution.Amount decimals="0" contextRef="RP" unitRef="U1">60000</tns:Remuneration.FringeBenefits.EmployeeContribution.Amount>
  <tns:GovernmentFunding.GovernmentIndustryPaymentsAssessable.Amount decimals="0" contextRef="RP" unitRef="U1">80000</tns:GovernmentFunding.GovernmentIndustryPaymentsAssessable.Amount>
  <tns:GovernmentFunding.GovernmentIndustryPaymentsIncludesFuel.Indicator contextRef="RP">true</tns:GovernmentFunding.GovernmentIndustryPaymentsIncludesFuel.Indicator>
  <tns:Income.AssetRevaluationsUnrealisedGains.Amount decimals="0" contextRef="RP" unitRef="U1">70000</tns:Income.AssetRevaluationsUnrealisedGains.Amount>
  <tns:Income.OtherGross.Amount decimals="0" contextRef="RP" unitRef="U1">80000</tns:Income.OtherGross.Amount>
  <!--Expenses-->
  <tns:Expense.ForeignResidentWithholding.Amount decimals="0" contextRef="RP" unitRef="U1">15000</tns:Expense.ForeignResidentWithholding.Amount>
  <tns:Expense.Operating.CostOfSales.Amount decimals="0" contextRef="RP" unitRef="U1">120000</tns:Expense.Operating.CostOfSales.Amount>
  <tns:Remuneration.WagesAndSalaries.PaymentsContractorAndConsultant.Amount decimals="0" contextRef="RP" unitRef="U1">40000</tns:Remuneration.WagesAndSalaries.PaymentsContractorAndConsultant.Amount>
  <tns:SuperannuationContribution.EmployerContributions.Amount decimals="0" contextRef="RP" unitRef="U1">80000</tns:SuperannuationContribution.EmployerContributions.Amount>
  <tns:Expense.Operating.BadDebts.Amount decimals="0" contextRef="RP" unitRef="U1">35000</tns:Expense.Operating.BadDebts.Amount>
  <tns:Expense.Operating.Lease.Amount decimals="0" contextRef="RP.JAUS" unitRef="U1">45000</tns:Expense.Operating.Lease.Amount>
  <tns:Expense.Operating.Lease.Amount decimals="0" contextRef="RP.JFOREIGN" unitRef="U1">60000</tns:Expense.Operating.Lease.Amount>
  <tns:Expense.Operating.Rent.Amount decimals="0" contextRef="RP" unitRef="U1">120000</tns:Expense.Operating.Rent.Amount>
  <tns:Expense.Operating.Interest.Amount decimals="0" contextRef="RP.JAUS" unitRef="U1">100000</tns:Expense.Operating.Interest.Amount>
  <tns:Expense.Operating.Interest.Amount decimals="0" contextRef="RP.JFOREIGN" unitRef="U1">0</tns:Expense.Operating.Interest.Amount>
  <tns:Expense.Royalties.Amount decimals="0" contextRef="RP.JAUS" unitRef="U1">0</tns:Expense.Royalties.Amount>
  <tns:Expense.Royalties.Amount decimals="0" contextRef="RP.JFOREIGN" unitRef="U1">0</tns:Expense.Royalties.Amount>
  <tns:Expense.DepreciationAndAmortisation.Amount decimals="0" contextRef="RP" unitRef="U1">140000</tns:Expense.DepreciationAndAmortisation.Amount>
  <tns:Expense.Operating.MotorVehicle.Amount decimals="0" contextRef="RP" unitRef="U1">80000</tns:Expense.Operating.MotorVehicle.Amount>
  <tns:Expense.Operating.RepairsAndMaintenance.Amount decimals="0" contextRef="RP" unitRef="U1">50000</tns:Expense.Operating.RepairsAndMaintenance.Amount>
  <tns:Expense.AssetRevaluationsUnrealisedLosses.Amount decimals="0" contextRef="RP" unitRef="U1">20000</tns:Expense.AssetRevaluationsUnrealisedLosses.Amount>
  <tns:Expense.Other.Amount decimals="0" contextRef="RP" unitRef="U1">60000</tns:Expense.Other.Amount>
  <!--Reconciliation to Taxable Income or Loss-->
  <tns:CapitalGainsTax.Event.Indicator contextRef="RP">false</tns:CapitalGainsTax.Event.Indicator>
  <tns:CapitalGainsTax.ExemptionOrRolloverApplied.Indicator contextRef="RP">false</tns:CapitalGainsTax.ExemptionOrRolloverApplied.Indicator>
  <tns:CapitalGainsTax.ExemptionOrRolloverApplied.Code xsi:nil="true" contextRef="RP" />
  <!--Add-->
  <tns:Income.CapitalGainsNet.Amount decimals="0" contextRef="RP" unitRef="U1">0</tns:Income.CapitalGainsNet.Amount>
  <tns:Expense.NonDeductibleExemptIncome.Amount decimals="0" contextRef="RP" unitRef="U1">20000</tns:Expense.NonDeductibleExemptIncome.Amount>
  <tns:IncomeTax.FrankingCredits.ReceivedFromAustralianCompanies.Amount decimals="0" contextRef="RP" unitRef="U1">50000</tns:IncomeTax.FrankingCredits.ReceivedFromAustralianCompanies.Amount>
  <tns:IncomeTax.FrankingCredits.ReceivedFromNewZealandCompanies.Amount decimals="0" contextRef="RP" unitRef="U1">80000</tns:IncomeTax.FrankingCredits.ReceivedFromNewZealandCompanies.Amount>
  <tns:Income.OtherTotal.Amount decimals="0" contextRef="RP.TOFA" unitRef="U1">0</tns:Income.OtherTotal.Amount>
  <tns:Income.AssessableOther.Amount decimals="0" contextRef="RP" unitRef="U1">70000</tns:Income.AssessableOther.Amount>
  <tns:Expense.NonDeductible.Amount decimals="0" contextRef="RP" unitRef="U1">60000</tns:Expense.NonDeductible.Amount>
  <tns:TaxConcession.ResearchAndDevelopment.WriteBackOfAccountingExpenditure.Amount xsi:nil="true" contextRef="RP" unitRef="U1" />
  <!--Less-->
  <tns:Expense.FlowOnDividendDeduction.Amount decimals="0" contextRef="RP" unitRef="U1">0</tns:Expense.FlowOnDividendDeduction.Amount>
  <tns:Expense.DepreciationAllowableDeduction.Amount decimals="0" contextRef="RP" unitRef="U1">0</tns:Expense.DepreciationAllowableDeduction.Amount>
  <tns:Expense.ForestryManagedInvestmentSchemeDeduction.Amount decimals="0" contextRef="RP" unitRef="U1">120000</tns:Expense.ForestryManagedInvestmentSchemeDeduction.Amount>
  <tns:Expense.CapitalExpenditureImmediateDeduction.Amount decimals="0" contextRef="RP" unitRef="U1">80000</tns:Expense.CapitalExpenditureImmediateDeduction.Amount>
  <tns:Expense.ProjectPoolAllowableDeduction.Amount decimals="0" contextRef="RP" unitRef="U1">40000</tns:Expense.ProjectPoolAllowableDeduction.Amount>
  <tns:Expense.CapitalWorksDeduction.Amount decimals="0" contextRef="RP" unitRef="U1">60000</tns:Expense.CapitalWorksDeduction.Amount>
  <tns:Expense.CapitalExpenditureSpecifiedAllowableDeduction.Amount decimals="0" contextRef="RP" unitRef="U1">10000</tns:Expense.CapitalExpenditureSpecifiedAllowableDeduction.Amount>
  <tns:Expense.LandcareOperationsAcceleratedDepreciation.Amount decimals="0" contextRef="RP.Y0" unitRef="U1">30000</tns:Expense.LandcareOperationsAcceleratedDepreciation.Amount>
  <tns:Expense.EnvironmentalProtectionDeduction.Amount decimals="0" contextRef="RP" unitRef="U1">20000</tns:Expense.EnvironmentalProtectionDeduction.Amount>
  
  <tns:Income.Exempt.Amount decimals="0" contextRef="RP" unitRef="U1">30000</tns:Income.Exempt.Amount>
  <tns:Income.NotincludedInAssessableOther.Amount decimals="0" contextRef="RP" unitRef="U1">40000</tns:Income.NotincludedInAssessableOther.Amount>
  <tns:Expense.DeductibleOther.Amount decimals="0" contextRef="RP.TOFA" unitRef="U1">0</tns:Expense.DeductibleOther.Amount>
  <tns:Expense.DeductibleOther.Amount decimals="0" contextRef="RP" unitRef="U1">30000</tns:Expense.DeductibleOther.Amount>
  <tns:IncomeTax.Deduction.TaxLossesDeducted.Amount decimals="0" contextRef="RP" unitRef="U1">0</tns:IncomeTax.Deduction.TaxLossesDeducted.Amount>
  <tns:IncomeTax.TaxLossesTransferredIn.Amount decimals="0" contextRef="RP" unitRef="U1">50000</tns:IncomeTax.TaxLossesTransferredIn.Amount>
  <tns:Income.Taxable.Amount decimals="0" contextRef="RP" unitRef="U1">805000</tns:Income.Taxable.Amount>
  <!--Financial and Other Information-->
  <tns:Miscellaneous.CurrencyTranslation.Rate decimals="4" contextRef="RP.Closing.Instant" unitRef="U2">0.9432</tns:Miscellaneous.CurrencyTranslation.Rate>
  <tns:Miscellaneous.FunctionalCurrency.Code contextRef="RP">USD</tns:Miscellaneous.FunctionalCurrency.Code>
  <tns:Assets.Inventories.Total.Amount decimals="0" contextRef="RP.Opening.Instant" unitRef="U1">130000</tns:Assets.Inventories.Total.Amount>
  <tns:Expense.Purchases.AndOtherCosts.Amount decimals="0" contextRef="RP" unitRef="U1">50000</tns:Expense.Purchases.AndOtherCosts.Amount>
  <tns:Assets.Inventories.Total.Amount decimals="0" contextRef="RP.Closing.Instant" unitRef="U1">60000</tns:Assets.Inventories.Total.Amount>
  <tns:Assets.Inventories.ValuationMethod.Code contextRef="RP.Closing.Instant">C</tns:Assets.Inventories.ValuationMethod.Code>
  <tns:Elections.TradingStock.Indicator contextRef="RP">true</tns:Elections.TradingStock.Indicator>
  <tns:Assets.TradeandReceivablesOther.Amount decimals="0" contextRef="RP.Closing.Instant" unitRef="U1">8000</tns:Assets.TradeandReceivablesOther.Amount>
  <tns:Assets.CurrentTotal.Amount decimals="0" contextRef="RP.Closing.Instant" unitRef="U1">25000</tns:Assets.CurrentTotal.Amount>
  <tns:Assets.Total.Amount decimals="0" contextRef="RP.Closing.Instant" unitRef="U1">93000</tns:Assets.Total.Amount>
  <tns:Liabilities.NonCurrentTradeAndOtherPayables.Amount decimals="0" contextRef="RP.Closing.Instant" unitRef="U1">1500</tns:Liabilities.NonCurrentTradeAndOtherPayables.Amount>
  <tns:Liabilities.CurrentTotal.Amount decimals="0" contextRef="RP.Closing.Instant" unitRef="U1">4000</tns:Liabilities.CurrentTotal.Amount>
  <tns:Liabilities.Total.Amount decimals="0" contextRef="RP.Closing.Instant" unitRef="U1">5500</tns:Liabilities.Total.Amount>
  <tns:Liabilities.DebtTotal.Amount decimals="0" contextRef="RP" unitRef="U1">3000</tns:Liabilities.DebtTotal.Amount>
  <tns:Liabilities.CommercialDebtForgiveness.Amount decimals="0" contextRef="RP" unitRef="U1">1000</tns:Liabilities.CommercialDebtForgiveness.Amount>
  <tns:Equity.Dividends.FrankedPaid.Amount decimals="0" contextRef="RP" unitRef="U1">2500</tns:Equity.Dividends.FrankedPaid.Amount>
  <tns:Equity.Dividends.UnfrankedPaid.Amount decimals="0" contextRef="RP" unitRef="U1">1500</tns:Equity.Dividends.UnfrankedPaid.Amount>
  <tns:Equity.Dividends.FrankingAccountBalance.Amount decimals="0" contextRef="RP.Opening" unitRef="U1">0</tns:Equity.Dividends.FrankingAccountBalance.Amount>
  <tns:Equity.Dividends.FrankingAccountBalance.Amount decimals="0" contextRef="RP.Closing" unitRef="U1">3000</tns:Equity.Dividends.FrankingAccountBalance.Amount>
  <tns:Income.AggregatedTurnoverRange.Code contextRef="RP" >G</tns:Income.AggregatedTurnoverRange.Code>
   <tns:Income.AggregatedTurnover.Amount decimals="0" contextRef="RP" unitRef="U1">102003000</tns:Income.AggregatedTurnover.Amount>
  <tns:IncomeTax.FrankingCredits.ExcessFrankingOffsets.Amount decimals="0" contextRef="RP" unitRef="U1">500</tns:IncomeTax.FrankingCredits.ExcessFrankingOffsets.Amount>
  <tns:Assets.LoansAndReceivables.RelatedParties.Amount decimals="0" contextRef="RP" unitRef="U1">500000</tns:Assets.LoansAndReceivables.RelatedParties.Amount>
  <tns:Assets.LoansAndReceivablesAction.Code contextRef="RP">A</tns:Assets.LoansAndReceivablesAction.Code>
  <tns:Remuneration.WagesAndSalaries.Total.Amount decimals="0" contextRef="RP" unitRef="U1">800000</tns:Remuneration.WagesAndSalaries.Total.Amount>
  <tns:Remuneration.WagesAndSalariesAction.Code contextRef="RP">C</tns:Remuneration.WagesAndSalariesAction.Code>
  <tns:Remuneration.PaymentToRelatedPartiesGross.Amount decimals="0" contextRef="RP" unitRef="U1">150000</tns:Remuneration.PaymentToRelatedPartiesGross.Amount>
  <tns:InternationalDealings.ForeignIncomeGross.Amount decimals="0" contextRef="RP" unitRef="U1">0</tns:InternationalDealings.ForeignIncomeGross.Amount>
  <tns:Income.InternationalDealings.Net.Amount decimals="0" contextRef="RP" unitRef="U1">0</tns:Income.InternationalDealings.Net.Amount>
  <tns:Income.InternationalDealings.Attributed.Amount decimals="0" contextRef="RP.CFCLC" unitRef="U1">0</tns:Income.InternationalDealings.Attributed.Amount>
  <tns:Income.InternationalDealings.Attributed.Amount decimals="0" contextRef="RP.CFCUC" unitRef="U1">0</tns:Income.InternationalDealings.Attributed.Amount>
  <tns:InternationalDealings.TransferorTrustAttributedForeignIncome.Amount decimals="0" contextRef="RP" unitRef="U1">0</tns:InternationalDealings.TransferorTrustAttributedForeignIncome.Amount>
  <tns:Income.GainsTotal.Amount decimals="0" contextRef="RP.TOFA" unitRef="U1">0</tns:Income.GainsTotal.Amount>
  <tns:Expense.LossesTotal.Amount decimals="0" contextRef="RP.TOFA" unitRef="U1">0</tns:Expense.LossesTotal.Amount>
  <tns:Income.FinancialArrangementsUnrealisedGains.Amount decimals="0" contextRef="RP.TOFA" unitRef="U1">0</tns:Income.FinancialArrangementsUnrealisedGains.Amount>
  <!--Capital allowances-->
  <!--Depreciating assets first deducted in this income year-->
  <tns:Expense.DepreciatingAssets.IntangibleFirstDeducted.Amount decimals="0" contextRef="RP" unitRef="U1">800</tns:Expense.DepreciatingAssets.IntangibleFirstDeducted.Amount>
  <tns:Expense.DepreciatingAssets.OtherFirstDeducted.Amount decimals="0" contextRef="RP" unitRef="U1">300</tns:Expense.DepreciatingAssets.OtherFirstDeducted.Amount>
  <tns:Assets.PropertyPlantAndEquipment.DepreciatingAssets.FirstDeductedSelfAssessedEffectiveLife.Indicator contextRef="RP">true</tns:Assets.PropertyPlantAndEquipment.DepreciatingAssets.FirstDeductedSelfAssessedEffectiveLife.Indicator>  
  <!--For all depreciating assets-->
  <tns:Assets.PropertyPlantAndEquipment.DepreciatingAssets.EffectiveLifeRecalculation.Indicator contextRef="RP">true</tns:Assets.PropertyPlantAndEquipment.DepreciatingAssets.EffectiveLifeRecalculation.Indicator>
  <tns:Assets.DepreciatingAssets.AdjustableValuesTotal.Amount decimals="0" contextRef="RP" unitRef="U1">250000</tns:Assets.DepreciatingAssets.AdjustableValuesTotal.Amount>
  <tns:Income.DepreciatingAssets.IntangibleBalancingAdjustment.Amount decimals="0" contextRef="RP" unitRef="U1">30000</tns:Income.DepreciatingAssets.IntangibleBalancingAdjustment.Amount>
  <tns:Expense.DepreciatingAssets.IntangibleBalancingAdjustment.Amount decimals="0" contextRef="RP" unitRef="U1">25000</tns:Expense.DepreciatingAssets.IntangibleBalancingAdjustment.Amount>
  <tns:Assets.DepreciatingAssets.IntangibleTerminationValue.Amount decimals="0" contextRef="RP" unitRef="U1">75000</tns:Assets.DepreciatingAssets.IntangibleTerminationValue.Amount>
  <tns:Assets.DepreciatingAssets.OtherTerminationValue.Amount decimals="0" contextRef="RP" unitRef="U1">15000</tns:Assets.DepreciatingAssets.OtherTerminationValue.Amount>
  <!--For entities connected with mining operations, exploration or prospecting-->
  <tns:Expense.DepreciatingAssets.ProjectPoolAllocationsForMiningAndTransportCapitalExpenditure.Amount decimals="0" contextRef="RP" unitRef="U1">12000</tns:Expense.DepreciatingAssets.ProjectPoolAllocationsForMiningAndTransportCapitalExpenditure.Amount>
  <tns:Expense.DepreciatingAssets.IntangibleAssetsDeclineInValueOfExplorationOrProspecting.Amount decimals="0" contextRef="RP" unitRef="U1">18000</tns:Expense.DepreciatingAssets.IntangibleAssetsDeclineInValueOfExplorationOrProspecting.Amount>
  <tns:Expense.DepreciatingAssets.OtherAssetsDeclineInValueOfExplorationOrProspecting.Amount decimals="0" contextRef="RP" unitRef="U1">14200</tns:Expense.DepreciatingAssets.OtherAssetsDeclineInValueOfExplorationOrProspecting.Amount>
  <!--Small Business Entity Simplified Depreciation-->
  <tns:Expense.DepreciatingAssets.SmallBusinessEntity.Amount decimals="0" contextRef="RP.LowCost" unitRef="U1">24000</tns:Expense.DepreciatingAssets.SmallBusinessEntity.Amount>
  <tns:Expense.DepreciatingAssets.SmallBusinessEntity.Amount decimals="0" contextRef="RP.GeneralPool" unitRef="U1">45000</tns:Expense.DepreciatingAssets.SmallBusinessEntity.Amount>
  <!--Consolidation deductions relating to rights to future income, consumable stores and work in progress-->
  <tns:Expense.DeductionsTotal.Amount decimals="0" contextRef="RP.ProspectiveRules" unitRef="U1">9000</tns:Expense.DeductionsTotal.Amount>
  <!--National Rental affordability Scheme-->
  <tns:TaxOffsetClaim.NationalRentalAffordabilitySchemeEntitlement.Amount decimals="0" contextRef="RP" unitRef="U1">15000</tns:TaxOffsetClaim.NationalRentalAffordabilitySchemeEntitlement.Amount>
  <!--Losses Information-->
  <!--Loss carry back-->
  <!--Loss carry forward-->
  <tns:Tax.Losses.CarriedForward.Total.Amount decimals="0" contextRef="RP" unitRef="U1">0</tns:Tax.Losses.CarriedForward.Total.Amount>
  <tns:Capital.Losses.CarriedForward.Net.Amount decimals="0" contextRef="RP.Instant" unitRef="U1">0</tns:Capital.Losses.CarriedForward.Net.Amount>
  <!--Personal Services Income-->
  <tns:Income.PersonalServicesIncomeIncluded.Indicator contextRef="RP">true</tns:Income.PersonalServicesIncomeIncluded.Indicator>
  <tns:Income.PersonalServicesIncome.Total.Amount decimals="0" contextRef="RP" unitRef="U1">45087</tns:Income.PersonalServicesIncome.Total.Amount>
  <tns:Expense.PersonalServicesIncome.Deduction.Amount decimals="0" contextRef="RP" unitRef="U1">15247</tns:Expense.PersonalServicesIncome.Deduction.Amount>
  <tns:IncomeTax.PersonalServicesIncome.IndividualResultsTestSatisfied.Indicator contextRef="RP">true</tns:IncomeTax.PersonalServicesIncome.IndividualResultsTestSatisfied.Indicator>
  <tns:IncomeTax.PersonalServicesIncome.IndividualPersonalServiceBusinessDeterminationHeld.Indicator contextRef="RP">true</tns:IncomeTax.PersonalServicesIncome.IndividualPersonalServiceBusinessDeterminationHeld.Indicator>
  <tns:IncomeTax.PersonalServicesIncome.UnrelatedClientsTestSatisfied.Indicator contextRef="RP">true</tns:IncomeTax.PersonalServicesIncome.UnrelatedClientsTestSatisfied.Indicator>
  <tns:IncomeTax.PersonalServicesIncome.EmploymentTestSatisfied.Indicator contextRef="RP">true</tns:IncomeTax.PersonalServicesIncome.EmploymentTestSatisfied.Indicator>
  <tns:IncomeTax.PersonalServicesIncome.BusinessPremisesTestSatisfied.Indicator contextRef="RP">true</tns:IncomeTax.PersonalServicesIncome.BusinessPremisesTestSatisfied.Indicator>
  <!--Licensed Clubs Only-->
  <tns:Income.NonMembers.Percent xsi:nil="true" contextRef="RP" unitRef="U2" />
  <!--Life Insurance Companies and Friendly Societies Only-->
  <tns:Income.Insurance.Taxable.Amount xsi:nil="true" contextRef="RP.CMPLY" unitRef="U1" />
  <tns:Income.CapitalGainsNet.Amount xsi:nil="true" contextRef="RP.CMPLY" unitRef="U1" />
  <tns:Income.CapitalGainsNet.Amount xsi:nil="true" contextRef="RP.ORD" unitRef="U1" />
  <tns:Income.Insurance.Taxable.Amount xsi:nil="true" contextRef="RP" unitRef="U1" />
  <tns:Income.Insurance.FeesAndCharges.Amount xsi:nil="true" contextRef="RP" unitRef="U1" />
  <!--First Home Saver Account (FSHA) Providers Only-->
  <!--Pooled Development Funds-->
  <tns:Income.PooledDevelopmentFundsSmallToMediumEnterprises.Amount decimals="0" contextRef="RP" unitRef="U1">25000</tns:Income.PooledDevelopmentFundsSmallToMediumEnterprises.Amount>
  <tns:Income.PooledDevelopmentFundsUnregulatedInvestment.Amount decimals="0" contextRef="RP" unitRef="U1">15000</tns:Income.PooledDevelopmentFundsUnregulatedInvestment.Amount>
  <!--Retirement Savings Accounts (RSAs) Providers Only -->
  <tns:Income.RetirementSavingsAccountTFNNotQuotedContributionsIncome.Amount decimals="0" contextRef="RP" unitRef="U1">60000</tns:Income.RetirementSavingsAccountTFNNotQuotedContributionsIncome.Amount>
  <tns:IncomeTax.RetirementSavingsAccountTFNNotQuotedContributionsIncomeTaxPayable.Amount decimals="2" contextRef="RP" unitRef="U1">19200</tns:IncomeTax.RetirementSavingsAccountTFNNotQuotedContributionsIncomeTaxPayable.Amount>
  <tns:Income.RetirementSavingsAccountsTaxableNet.Amount decimals="0" contextRef="RP" unitRef="U1">41100</tns:Income.RetirementSavingsAccountsTaxableNet.Amount>
  <!--Foreign Income Tax Offset-->
  <tns:Income.InternationalDealings.TaxOffset.Amount xsi:nil="true" contextRef="RP" unitRef="U1" />
  <!--Research and Development Tax Incentive-->
  <tns:TaxConcession.ResearchAndDevelopment.TaxOffsetNonRefundable.Amount xsi:nil="true" contextRef="RP" unitRef="U1" />
  <tns:TaxConcession.ResearchAndDevelopment.TaxOffsetNonRefundable.Amount xsi:nil="true" contextRef="RP.YPrevious" unitRef="U1" />
  <tns:TaxConcession.ResearchAndDevelopment.TaxOffsetNonRefundableUtilised.Amount xsi:nil="true" contextRef="RP" unitRef="U1" />
  <tns:TaxConcession.ResearchAndDevelopment.TaxOffsetNonRefundable.Amount xsi:nil="true" contextRef="RP.Y0Plus1" unitRef="U1" />
  <tns:TaxConcession.ResearchAndDevelopment.TaxOffsetRefundable.Amount xsi:nil="true" contextRef="RP" unitRef="U1" />
  <!--Reportable Tax Position-->
  <tns:RegulatoryDisclosures.ReportableTaxPosition.Indicator contextRef="RP">true</tns:RegulatoryDisclosures.ReportableTaxPosition.Indicator>
  <!--Overseas transactions or interests / thin capitalisation-->
  <!--International Related Party Dealings / transfer pricing-->
  <tns:InternationalDealings.RelatedPartiesTransactions.Indicator contextRef="RP">false</tns:InternationalDealings.RelatedPartiesTransactions.Indicator>
  <tns:InternationalDealings.RelatedPartiesTransactionsExcessAggregateValue.Indicator contextRef="RP">false</tns:InternationalDealings.RelatedPartiesTransactionsExcessAggregateValue.Indicator>
  <!--Overseas Interests-->
  <tns:InternationalDealings.DirectOrIndirectOverseasInterest.Indicator contextRef="RP">false</tns:InternationalDealings.DirectOrIndirectOverseasInterest.Indicator>
  <!--Thin Capitalisation-->
  <tns:Liabilities.ThinCapitalisation.ProvisionsApplied.Indicator contextRef="RP">false</tns:Liabilities.ThinCapitalisation.ProvisionsApplied.Indicator>
  <!--Transactions with Specified Countries-->
  <tns:InternationalDealings.TransactionsWithTaxHavenCountries.Indicator contextRef="RP">false</tns:InternationalDealings.TransactionsWithTaxHavenCountries.Indicator>
  <!--CALCULATION STATEMENT-->
  <tns:IncomeTax.TotalTaxOnTaxableIncome.Amount decimals="2" contextRef="RP" unitRef="U1">241500.00</tns:IncomeTax.TotalTaxOnTaxableIncome.Amount>
  
  <tns:IncomeTax.TaxableGross.Amount decimals="2" contextRef="RP" unitRef="U1">260700.00</tns:IncomeTax.TaxableGross.Amount>
  <tns:IncomeTax.TaxOffsetNonRefundableNonCarryForward.Amount decimals="2" contextRef="RP" unitRef="U1">9752.80</tns:IncomeTax.TaxOffsetNonRefundableNonCarryForward.Amount>
  <tns:IncomeTax.TaxOffsetNonRefundableSubTotal.Amount decimals="2" contextRef="RP" unitRef="U1">250947.20</tns:IncomeTax.TaxOffsetNonRefundableSubTotal.Amount>
  <tns:IncomeTax.TaxOffsetNonRefundableCarryForward.Amount decimals="2" contextRef="RP" unitRef="U1">1800.35</tns:IncomeTax.TaxOffsetNonRefundableCarryForward.Amount>
  <tns:IncomeTax.TaxOffsetCarriedForwardSubTotal.Amount decimals="2" contextRef="RP" unitRef="U1">249146.85</tns:IncomeTax.TaxOffsetCarriedForwardSubTotal.Amount>
  <tns:IncomeTax.TotalRefundableTaxOffsets.Amount decimals="2" contextRef="RP" unitRef="U1">2025.75</tns:IncomeTax.TotalRefundableTaxOffsets.Amount>
  <tns:IncomeTax.TaxOffsetRefundableSubTotal.Amount decimals="2" contextRef="RP" unitRef="U1">247121.10</tns:IncomeTax.TaxOffsetRefundableSubTotal.Amount>
  <tns:TaxOffsetClaim.FrankingDeficit.Amount decimals="2" contextRef="RP.Y0-1" unitRef="U1">475.87</tns:TaxOffsetClaim.FrankingDeficit.Amount>
  <tns:IncomeTax.Payable.Amount decimals="2" contextRef="RP" unitRef="U1">246645.23</tns:IncomeTax.Payable.Amount>
  <tns:InternationalDealings.AAMInterestSection102.Amount decimals="2" contextRef="RP" unitRef="U1">4507.25</tns:InternationalDealings.AAMInterestSection102.Amount>
  
  <!--ITPAYGWithholdingDetails - for PaymentType.Code='DFRW'-->
  <!--<tns:ITPAYGWithholdingDetails>
    <tns:IncomeTax.PayAsYouGoWithholding.PaymentType.Code xsi:nil="true" contextRef="RP" />
    <tns:IncomeTax.PayAsYouGoWithholding.TaxWithheld.Amount xsi:nil="true" contextRef="RP" unitRef="U1" />
  </tns:ITPAYGWithholdingDetails>-->
  <!--ITPAYGWithholdingDetails - for PaymentType.Code='DNOABN'-->
  <!--<tns:ITPAYGWithholdingDetails>
    <tns:IncomeTax.PayAsYouGoWithholding.PaymentType.Code xsi:nil="true" contextRef="RP" />
    <tns:IncomeTax.PayAsYouGoWithholding.TaxWithheld.Amount xsi:nil="true" contextRef="RP" unitRef="U1" />
  </tns:ITPAYGWithholdingDetails>-->
  <tns:IncomeTax.PayAsYouGoWithholding.TaxWithheldFromInvestmentIncomeAndInterest.Amount decimals="2" contextRef="RP" unitRef="U1">1750.25</tns:IncomeTax.PayAsYouGoWithholding.TaxWithheldFromInvestmentIncomeAndInterest.Amount>
  <tns:IncomeTax.PayAsYouGoWithholding.CreditForTaxWithheldFromCloselyHeldTrustTFNNotQuoted.Amount decimals="2" contextRef="RP" unitRef="U1">1751.10</tns:IncomeTax.PayAsYouGoWithholding.CreditForTaxWithheldFromCloselyHeldTrustTFNNotQuoted.Amount>
  <tns:IncomeTax.PayAsYouGoWithholding.CreditsRefundableOther.Amount decimals="2" contextRef="RP" unitRef="U1">525.57</tns:IncomeTax.PayAsYouGoWithholding.CreditsRefundableOther.Amount>
  <tns:IncomeTax.Deduction.CreditsEligibleTotal.Amount decimals="2" contextRef="RP" unitRef="U1">4026.92</tns:IncomeTax.Deduction.CreditsEligibleTotal.Amount>
  <tns:IncomeTax.TotalRemainderOfRefundableTaxOffsets.Amount decimals="2" contextRef="RP" unitRef="U1">0</tns:IncomeTax.TotalRemainderOfRefundableTaxOffsets.Amount>
  <tns:IncomeTax.LiabilityInstalmentsTotal.Amount decimals="2" contextRef="RP" unitRef="U1">5207.75</tns:IncomeTax.LiabilityInstalmentsTotal.Amount>
  <tns:IncomeTax.PayableOrRefundableTotal.Amount decimals="2" contextRef="RP" unitRef="U1">241917.81</tns:IncomeTax.PayableOrRefundableTotal.Amount>
  <!--Tax Agent Declarations-->
  <tns:Declaration>
    <tns:Declaration.StatementType.Code contextRef="INT">TrueAndCorrect</tns:Declaration.StatementType.Code>
    <tns:Declaration.StatementAccepted.Indicator contextRef="INT">true</tns:Declaration.StatementAccepted.Indicator>
    <tns:Declaration.Statement.Text contextRef="INT">INT_Decl_Stmt</tns:Declaration.Statement.Text>
    <tns:Declaration.Signature.Date contextRef="INT">2015-07-15</tns:Declaration.Signature.Date>
    <tns:Declaration.SignatoryIdentifier.Text contextRef="INT">INT_Sign_Ident</tns:Declaration.SignatoryIdentifier.Text>
    <tns:PersonUnstructuredName>
      <tns:PersonUnstructuredName.Usage.Code contextRef="INT">DeclarationSignatory</tns:PersonUnstructuredName.Usage.Code>
      <tns:PersonUnstructuredName.FullName.Text contextRef="INT">INT_PUN_Decl_Sign_Full_Nm</tns:PersonUnstructuredName.FullName.Text>
    </tns:PersonUnstructuredName>
  </tns:Declaration>
  <!--Public Officer Declaration-->
  <tns:Declaration>
    <tns:Declaration.StatementType.Code contextRef="RP">TrueAndCorrect</tns:Declaration.StatementType.Code>
    <tns:Declaration.StatementAccepted.Indicator contextRef="RP">true</tns:Declaration.StatementAccepted.Indicator>
    <tns:Declaration.Statement.Text contextRef="RP">RP_Decl_Stmt</tns:Declaration.Statement.Text>
    <tns:Declaration.Signature.Date contextRef="RP">2015-07-12</tns:Declaration.Signature.Date>
    <tns:Declaration.SignatoryIdentifier.Text contextRef="RP">RP_Sign_Ident</tns:Declaration.SignatoryIdentifier.Text>
  </tns:Declaration>
  <tns:ElectronicContactTelephone>
    <tns:ElectronicContact.Telephone.Usage.Code contextRef="INT">03</tns:ElectronicContact.Telephone.Usage.Code>
    <tns:ElectronicContact.Telephone.ServiceLine.Code contextRef="INT">02</tns:ElectronicContact.Telephone.ServiceLine.Code>
    <tns:ElectronicContact.Telephone.Area.Code contextRef="INT">02</tns:ElectronicContact.Telephone.Area.Code>
    <tns:ElectronicContact.Telephone.Minimal.Number contextRef="INT">85428572</tns:ElectronicContact.Telephone.Minimal.Number>
  </tns:ElectronicContactTelephone>
  <tns:ElectronicContactTelephone>
    <tns:ElectronicContact.Telephone.Usage.Code contextRef="RP">03</tns:ElectronicContact.Telephone.Usage.Code>
    <tns:ElectronicContact.Telephone.ServiceLine.Code contextRef="RP">02</tns:ElectronicContact.Telephone.ServiceLine.Code>
    <tns:ElectronicContact.Telephone.Area.Code contextRef="RP">02</tns:ElectronicContact.Telephone.Area.Code>
    <tns:ElectronicContact.Telephone.Minimal.Number contextRef="RP">95257842</tns:ElectronicContact.Telephone.Minimal.Number>
  </tns:ElectronicContactTelephone>
  <tns:PersonUnstructuredName>
    <tns:PersonUnstructuredName.Usage.Code contextRef="INT">Contact</tns:PersonUnstructuredName.Usage.Code>
    <tns:PersonUnstructuredName.FullName.Text contextRef="INT">INT_PUN_Contact_Full_Nm</tns:PersonUnstructuredName.FullName.Text>
  </tns:PersonUnstructuredName>
  <tns:PersonNameDetails>
    <tns:PersonNameDetails.PersonNameType.Code contextRef="RP">LGL</tns:PersonNameDetails.PersonNameType.Code>
    <tns:PersonNameDetails.Usage.Code contextRef="RP">DeclarationSignatory</tns:PersonNameDetails.Usage.Code>
    <tns:PersonNameDetails.Currency.Code contextRef="RP">C</tns:PersonNameDetails.Currency.Code>
    <tns:PersonNameDetails.Title.Text contextRef="RP">MR</tns:PersonNameDetails.Title.Text>
    <tns:PersonNameDetails.NameSuffix.Text contextRef="RP">SNR</tns:PersonNameDetails.NameSuffix.Text>
    <tns:PersonNameDetails.FamilyName.Text contextRef="RP">Black</tns:PersonNameDetails.FamilyName.Text>
    <tns:PersonNameDetails.GivenName.Text contextRef="RP">Liam</tns:PersonNameDetails.GivenName.Text>
    <tns:PersonNameDetails.OtherGivenName.Text contextRef="RP">RP_PND_OthGvn_Nm</tns:PersonNameDetails.OtherGivenName.Text>
  </tns:PersonNameDetails>
  <tns:Report.CompletionHours.Number decimals="0" contextRef="RP" unitRef="U2">21</tns:Report.CompletionHours.Number>
  <!--Attachments - Schedule A-->
  <tns:RegulatoryDisclosures.GeneralInformationAboutFinancialStatements.Text contextRef="RP">Reg_Discl_Gen_Info_About_Fin_Stmt</tns:RegulatoryDisclosures.GeneralInformationAboutFinancialStatements.Text>
  <tns:InternationalDealings.CountryByCountryReportingEntityStatus.Indicator contextRef="RP">false</tns:InternationalDealings.CountryByCountryReportingEntityStatus.Indicator>
</xbrli:xbrl>
