<xbrli:xbrl xmlns:xsi="http://www.w3.org/2001/XMLSchema-instance" xsi:schemaLocation="http://xbrl.org/2006/xbrldi http://www.xbrl.org/2006/xbrldi-2006.xsd" xmlns:tns="http://www.sbr.gov.au/ato/chtwthhld" xmlns:link="http://www.xbrl.org/2003/linkbase" xmlns:iso4217="http://www.xbrl.org/2003/iso4217" xmlns:xbrldi="http://xbrl.org/2006/xbrldi" xmlns:xbrli="http://www.xbrl.org/2003/instance" xmlns:xbrldt="http://xbrl.org/2005/xbrldt" xmlns:xlink="http://www.w3.org/1999/xlink">
  <link:schemaRef xlink:type="simple" xlink:href="http://sbr.gov.au/taxonomy/sbr_au_reports/ato/chtwthhld/chtwthhld_0002/ato.chtwthhld.0002.2018.01.00.report.xsd"/>
  <xbrli:context id="RP.TrueAndCorrect">
    <xbrli:entity>
      <xbrli:identifier scheme="http://www.ato.gov.au/tfn">28936913</xbrli:identifier>
      <xbrli:segment>
        <xbrldi:explicitMember dimension="tns:DeclarationTypeDimension">tns:TrueAndCorrect</xbrldi:explicitMember>
        <xbrldi:explicitMember dimension="tns:ReportPartyTypeDimension">tns:ReportingParty</xbrldi:explicitMember>
      </xbrli:segment>
    </xbrli:entity>
    <xbrli:period>
      <xbrli:startDate>2017-07-01</xbrli:startDate>
      <xbrli:endDate>2018-06-30</xbrli:endDate>
    </xbrli:period>
  </xbrli:context>
  <xbrli:context id="RP">
    <xbrli:entity>
      <xbrli:identifier scheme="http://www.ato.gov.au/tfn">28936913</xbrli:identifier>
      <xbrli:segment>
        <xbrldi:explicitMember dimension="tns:ReportPartyTypeDimension">tns:ReportingParty</xbrldi:explicitMember>
      </xbrli:segment>
    </xbrli:entity>
    <xbrli:period>
      <xbrli:startDate>2017-07-01</xbrli:startDate>
      <xbrli:endDate>2018-06-30</xbrli:endDate>
    </xbrli:period>
  </xbrli:context>
  <xbrli:context id="RP.Postal">
    <xbrli:entity>
      <xbrli:identifier scheme="http://www.ato.gov.au/tfn">28936913</xbrli:identifier>
      <xbrli:segment>
        <xbrldi:explicitMember dimension="tns:AddressUsageDimension">tns:POS</xbrldi:explicitMember>
        <xbrldi:explicitMember dimension="tns:ReportPartyTypeDimension">tns:ReportingParty</xbrldi:explicitMember>
      </xbrli:segment>
    </xbrli:entity>
    <xbrli:period>
      <xbrli:startDate>2017-07-01</xbrli:startDate>
      <xbrli:endDate>2018-06-30</xbrli:endDate>
    </xbrli:period>
  </xbrli:context>
  <xbrli:context id="Trustee">
    <xbrli:entity>
      <xbrli:identifier scheme="http://www.sbr.gov.au/id">234345</xbrli:identifier>
      <xbrli:segment>
        <xbrldi:explicitMember dimension="tns:ReportPartyTypeDimension">tns:Trustee</xbrldi:explicitMember>
      </xbrli:segment>
    </xbrli:entity>
    <xbrli:period>
      <xbrli:startDate>2017-07-01</xbrli:startDate>
      <xbrli:endDate>2018-06-30</xbrli:endDate>
    </xbrli:period>
  </xbrli:context>
  <xbrli:unit id="U001">
    <xbrli:measure>iso4217:AUD</xbrli:measure>
  </xbrli:unit>
  <tns:AddressDetails.Line1.Text contextRef="RP.Postal">C/- Abvhc fnj</tns:AddressDetails.Line1.Text>
  <tns:AddressDetails.LocalityName.Text contextRef="RP.Postal">Bush 123</tns:AddressDetails.LocalityName.Text>
  <tns:PersonUnstructuredName.FullName.Text contextRef="RP.TrueAndCorrect">Abcdef Defg</tns:PersonUnstructuredName.FullName.Text>
  <tns:ElectronicContact.Telephone.Area.Code contextRef="RP.TrueAndCorrect">11</tns:ElectronicContact.Telephone.Area.Code>
  <tns:ElectronicContact.Telephone.Minimal.Number contextRef="RP.TrueAndCorrect">1234 5678</tns:ElectronicContact.Telephone.Minimal.Number>
  <tns:PersonNameDetails.Title.Text contextRef="Trustee">Mr</tns:PersonNameDetails.Title.Text>
  <tns:PersonNameDetails.FamilyName.Text contextRef="Trustee">Abcdefghijklmnopqrstuvwxyz</tns:PersonNameDetails.FamilyName.Text>
  <tns:PersonNameDetails.GivenName.Text contextRef="Trustee">ABCDEFGHIJKLMNO</tns:PersonNameDetails.GivenName.Text>
  <tns:ElectronicContact.Telephone.Minimal.Number contextRef="Trustee" />
  <tns:PersonNameDetails.NameSuffix.Text contextRef="Trustee" />
  <tns:PersonNameDetails.OtherGivenName.Text contextRef="Trustee">ABCDEFGHIJKLMNOPQRSTUVWXYZABCD</tns:PersonNameDetails.OtherGivenName.Text>
  <tns:AddressDetails.Line2.Text contextRef="RP.Postal">767 ABGT dfhjf</tns:AddressDetails.Line2.Text>
  <tns:Declaration.Signature.Date contextRef="RP.TrueAndCorrect">2018-03-12</tns:Declaration.Signature.Date>
  <tns:OrganisationNameDetails.OrganisationalName.Text contextRef="RP">Abcd- -123</tns:OrganisationNameDetails.OrganisationalName.Text>
  <tns:Identifiers.AustralianBusinessNumber.Identifier contextRef="RP">14088411787</tns:Identifiers.AustralianBusinessNumber.Identifier>
  <tns:AddressDetails.Country.Code contextRef="RP.Postal">io</tns:AddressDetails.Country.Code>
  <tns:IncomeTax.PayAsYouGoWithholding.TaxWithheld.Amount decimals="0" contextRef="RP" unitRef="U001">100000</tns:IncomeTax.PayAsYouGoWithholding.TaxWithheld.Amount>
  <tns:IncomeTax.PayAsYouGoWithholding.PaymentGross.Amount decimals="0" contextRef="RP" unitRef="U001">200000</tns:IncomeTax.PayAsYouGoWithholding.PaymentGross.Amount>
  <tns:AddressDetails.StateOrTerritory.Code xsi:nil="true" contextRef="RP.Postal" />
  <tns:AddressDetails.Postcode.Text xsi:nil="true" contextRef="RP.Postal" />
  <tns:Declaration.StatementAccepted.Indicator contextRef="RP.TrueAndCorrect">true</tns:Declaration.StatementAccepted.Indicator>
</xbrli:xbrl>