<xbrli:xbrl xmlns:xsi="http://www.w3.org/2001/XMLSchema-instance" xsi:schemaLocation="http://xbrl.org/2006/xbrldi http://www.xbrl.org/2006/xbrldi-2006.xsd" xmlns:tns="http://www.sbr.gov.au/ato/chtwthhldben" xmlns:link="http://www.xbrl.org/2003/linkbase" xmlns:iso4217="http://www.xbrl.org/2003/iso4217" xmlns:xbrldi="http://xbrl.org/2006/xbrldi" xmlns:xbrli="http://www.xbrl.org/2003/instance" xmlns:xbrldt="http://xbrl.org/2005/xbrldt" xmlns:xlink="http://www.w3.org/1999/xlink">
  <link:schemaRef xlink:type="simple" xlink:href="http://sbr.gov.au/taxonomy/sbr_au_reports/ato/chtwthhldben/chtwthhldben_0002/ato.chtwthhldben.0002.2018.01.00.report.xsd"/>
  <xbrli:context id="Beneficiary">
    <xbrli:entity>
      <xbrli:identifier scheme="http://www.sbr.gov.au/id">1</xbrli:identifier>
      <xbrli:segment>
        <xbrldi:explicitMember dimension="tns:ReportPartyTypeDimension">tns:Beneficiary</xbrldi:explicitMember>
      </xbrli:segment>
    </xbrli:entity>
    <xbrli:period>
      <xbrli:startDate>2017-07-01</xbrli:startDate>
      <xbrli:endDate>2017-09-30</xbrli:endDate>
    </xbrli:period>
  </xbrli:context>
  <xbrli:context id="Beneficiary.Residential">
    <xbrli:entity>
      <xbrli:identifier scheme="http://www.sbr.gov.au/id">1</xbrli:identifier>
      <xbrli:segment>
        <xbrldi:explicitMember dimension="tns:AddressUsageDimension">tns:RES</xbrldi:explicitMember>
        <xbrldi:explicitMember dimension="tns:ReportPartyTypeDimension">tns:Beneficiary</xbrldi:explicitMember>
      </xbrli:segment>
    </xbrli:entity>
    <xbrli:period>
      <xbrli:startDate>2017-07-01</xbrli:startDate>
      <xbrli:endDate>2017-09-30</xbrli:endDate>
    </xbrli:period>
  </xbrli:context>
  <xbrli:context id="Beneficiary.Postal">
    <xbrli:entity>
      <xbrli:identifier scheme="http://www.sbr.gov.au/id">1</xbrli:identifier>
      <xbrli:segment>
        <xbrldi:explicitMember dimension="tns:AddressUsageDimension">tns:POS</xbrldi:explicitMember>
        <xbrldi:explicitMember dimension="tns:ReportPartyTypeDimension">tns:Beneficiary</xbrldi:explicitMember>
      </xbrli:segment>
    </xbrli:entity>
    <xbrli:period>
      <xbrli:startDate>2017-07-01</xbrli:startDate>
      <xbrli:endDate>2017-09-30</xbrli:endDate>
    </xbrli:period>
  </xbrli:context>
  <xbrli:context id="Beneficiary.Business">
    <xbrli:entity>
      <xbrli:identifier scheme="http://www.sbr.gov.au/id">1</xbrli:identifier>
      <xbrli:segment>
        <xbrldi:explicitMember dimension="tns:AddressUsageDimension">tns:BUS</xbrldi:explicitMember>
        <xbrldi:explicitMember dimension="tns:ReportPartyTypeDimension">tns:Beneficiary</xbrldi:explicitMember>
      </xbrli:segment>
    </xbrli:entity>
    <xbrli:period>
      <xbrli:startDate>2017-07-01</xbrli:startDate>
      <xbrli:endDate>2017-09-30</xbrli:endDate>
    </xbrli:period>
  </xbrli:context>
  <xbrli:unit id="u01">
    <xbrli:measure>iso4217:AUD</xbrli:measure>
  </xbrli:unit>
  <tns:Identifiers.TaxFileNumber.Identifier contextRef="Beneficiary">28918854</tns:Identifiers.TaxFileNumber.Identifier>
  <tns:OrganisationNameDetails.OrganisationalName.Text contextRef="Beneficiary">Ab!-"@55</tns:OrganisationNameDetails.OrganisationalName.Text>
  <tns:AddressDetails.Line1.Text contextRef="Beneficiary.Business">12 Unknewn Lane</tns:AddressDetails.Line1.Text>
  <tns:Identifiers.AustralianBusinessNumber.Identifier contextRef="Beneficiary">19106849834</tns:Identifiers.AustralianBusinessNumber.Identifier>
  <tns:AddressDetails.Line2.Text contextRef="Beneficiary.Business">Rich 1$ mond</tns:AddressDetails.Line2.Text>
  <tns:AddressDetails.LocalityName.Text contextRef="Beneficiary.Business">Un known</tns:AddressDetails.LocalityName.Text>
  <tns:AddressDetails.StateOrTerritory.Code contextRef="Beneficiary.Business">QLD</tns:AddressDetails.StateOrTerritory.Code>
  <tns:AddressDetails.Postcode.Text contextRef="Beneficiary.Business">2525</tns:AddressDetails.Postcode.Text>
  <tns:AddressDetails.Country.Code xsi:nil="true" contextRef="Beneficiary.Business" />
  <tns:PersonNameDetails.FamilyName.Text contextRef="Beneficiary" />
  <tns:AddressDetails.Line1.Text contextRef="Beneficiary.Postal">22 fAB$&amp;i</tns:AddressDetails.Line1.Text>
  <tns:AddressDetails.Line2.Text contextRef="Beneficiary.Postal">22 fAB$&amp;i</tns:AddressDetails.Line2.Text>
  <tns:AddressDetails.StateOrTerritory.Code xsi:nil="true" contextRef="Beneficiary.Postal" />
  <tns:AddressDetails.LocalityName.Text contextRef="Beneficiary.Postal">Punjab</tns:AddressDetails.LocalityName.Text>
  <tns:AddressDetails.Postcode.Text xsi:nil="true" contextRef="Beneficiary.Postal" />
  <tns:AddressDetails.Country.Code contextRef="Beneficiary.Postal">in</tns:AddressDetails.Country.Code>
</xbrli:xbrl>