<xbrli:xbrl xmlns:xsi="http://www.w3.org/2001/XMLSchema-instance" xsi:schemaLocation="http://xbrl.org/2006/xbrldi http://www.xbrl.org/2006/xbrldi-2006.xsd" xmlns:tns="http://www.sbr.gov.au/ato/chtwthhldben" xmlns:link="http://www.xbrl.org/2003/linkbase" xmlns:iso4217="http://www.xbrl.org/2003/iso4217" xmlns:xbrldi="http://xbrl.org/2006/xbrldi" xmlns:xbrli="http://www.xbrl.org/2003/instance" xmlns:xbrldt="http://xbrl.org/2005/xbrldt" xmlns:xlink="http://www.w3.org/1999/xlink">
  <link:schemaRef xlink:type="simple" xlink:href="http://sbr.gov.au/taxonomy/sbr_au_reports/ato/chtwthhldben/chtwthhldben_0002/ato.chtwthhldben.0002.2018.01.00.report.xsd"/>
  <xbrli:context id="Beneficiary">
    <xbrli:entity>
      <xbrli:identifier scheme="http://www.sbr.gov.au/id">1</xbrli:identifier>
      <xbrli:segment>
        <xbrldi:explicitMember dimension="tns:ReportPartyTypeDimension">tns:Beneficiary</xbrldi:explicitMember>
      </xbrli:segment>
    </xbrli:entity>
    <xbrli:period>
      <xbrli:startDate>2017-07-01</xbrli:startDate>
      <xbrli:endDate>2017-09-30</xbrli:endDate>
    </xbrli:period>
  </xbrli:context>
  <xbrli:context id="Beneficiary.Residential">
    <xbrli:entity>
      <xbrli:identifier scheme="http://www.sbr.gov.au/id">1</xbrli:identifier>
      <xbrli:segment>
        <xbrldi:explicitMember dimension="tns:AddressUsageDimension">tns:RES</xbrldi:explicitMember>
        <xbrldi:explicitMember dimension="tns:ReportPartyTypeDimension">tns:Beneficiary</xbrldi:explicitMember>
      </xbrli:segment>
    </xbrli:entity>
    <xbrli:period>
      <xbrli:startDate>2017-07-01</xbrli:startDate>
      <xbrli:endDate>2017-09-30</xbrli:endDate>
    </xbrli:period>
  </xbrli:context>
  <xbrli:context id="Beneficiary.Postal">
    <xbrli:entity>
      <xbrli:identifier scheme="http://www.sbr.gov.au/id">1</xbrli:identifier>
      <xbrli:segment>
        <xbrldi:explicitMember dimension="tns:AddressUsageDimension">tns:POS</xbrldi:explicitMember>
        <xbrldi:explicitMember dimension="tns:ReportPartyTypeDimension">tns:Beneficiary</xbrldi:explicitMember>
      </xbrli:segment>
    </xbrli:entity>
    <xbrli:period>
      <xbrli:startDate>2017-07-01</xbrli:startDate>
      <xbrli:endDate>2017-09-30</xbrli:endDate>
    </xbrli:period>
  </xbrli:context>
  <xbrli:context id="Beneficiary.Business">
    <xbrli:entity>
      <xbrli:identifier scheme="http://www.sbr.gov.au/id">1</xbrli:identifier>
      <xbrli:segment>
        <xbrldi:explicitMember dimension="tns:AddressUsageDimension">tns:BUS</xbrldi:explicitMember>
        <xbrldi:explicitMember dimension="tns:ReportPartyTypeDimension">tns:Beneficiary</xbrldi:explicitMember>
      </xbrli:segment>
    </xbrli:entity>
    <xbrli:period>
      <xbrli:startDate>2017-07-01</xbrli:startDate>
      <xbrli:endDate>2017-09-30</xbrli:endDate>
    </xbrli:period>
  </xbrli:context>
  <xbrli:unit id="u01">
    <xbrli:measure>iso4217:AUD</xbrli:measure>
  </xbrli:unit>
  <tns:Identifiers.TaxFileNumber.Identifier contextRef="Beneficiary">28918854</tns:Identifiers.TaxFileNumber.Identifier>
  <tns:IncomeTax.BeneficiaryEntityType.Code contextRef="Beneficiary">I</tns:IncomeTax.BeneficiaryEntityType.Code>
  <tns:PersonNameDetails.FamilyName.Text contextRef="Beneficiary">Lee1 Execor</tns:PersonNameDetails.FamilyName.Text>
  <tns:PersonDemographicDetails.Birth.Date contextRef="Beneficiary">1982-12-11</tns:PersonDemographicDetails.Birth.Date>
  <tns:IncomeTax.PayAsYouGoWithholding.TaxWithheld.Amount xsi:nil="true" contextRef="Beneficiary" unitRef="u01" />
  <tns:IncomeTax.PayAsYouGoWithholding.PaymentGross.Amount xsi:nil="true" contextRef="Beneficiary" unitRef="u01" />
  <tns:PersonNameDetails.Title.Text contextRef="Beneficiary">Mrs</tns:PersonNameDetails.Title.Text>
  <tns:OrganisationNameDetails.OrganisationalName.Text xsi:nil="true" contextRef="Beneficiary" />
  <tns:PersonNameDetails.GivenName.Text contextRef="Beneficiary">Neil 12 $</tns:PersonNameDetails.GivenName.Text>
  <tns:PersonNameDetails.OtherGivenName.Text contextRef="Beneficiary">Singh 22</tns:PersonNameDetails.OtherGivenName.Text>
  <tns:AddressDetails.Line1.Text contextRef="Beneficiary.Residential">25% Fongeo Drive</tns:AddressDetails.Line1.Text>
  <tns:AddressDetails.Line2.Text contextRef="Beneficiary.Residential">22 fAB$i</tns:AddressDetails.Line2.Text>
  <tns:AddressDetails.LocalityName.Text contextRef="Beneficiary.Residential">Ballarat !</tns:AddressDetails.LocalityName.Text>
  <tns:AddressDetails.StateOrTerritory.Code contextRef="Beneficiary.Residential">VIC</tns:AddressDetails.StateOrTerritory.Code>
  <tns:AddressDetails.Postcode.Text contextRef="Beneficiary.Residential">3000</tns:AddressDetails.Postcode.Text>
  <tns:AddressDetails.Country.Code contextRef="Beneficiary.Residential">au</tns:AddressDetails.Country.Code>
  <tns:AddressDetails.Line1.Text contextRef="Beneficiary.Postal">25% Fongeo Drive</tns:AddressDetails.Line1.Text>
  <tns:AddressDetails.Line2.Text contextRef="Beneficiary.Postal">botanic garden</tns:AddressDetails.Line2.Text>
  <tns:AddressDetails.LocalityName.Text contextRef="Beneficiary.Postal">Ballarat !</tns:AddressDetails.LocalityName.Text>
  <tns:AddressDetails.StateOrTerritory.Code contextRef="Beneficiary.Postal">VIC</tns:AddressDetails.StateOrTerritory.Code>
  <tns:AddressDetails.Postcode.Text contextRef="Beneficiary.Postal">3000</tns:AddressDetails.Postcode.Text>
  <tns:AddressDetails.Country.Code contextRef="Beneficiary.Postal">au</tns:AddressDetails.Country.Code>
</xbrli:xbrl>