<xbrli:xbrl xmlns:xsi="http://www.w3.org/2001/XMLSchema-instance" xsi:schemaLocation="http://xbrl.org/2006/xbrldi http://www.xbrl.org/2006/xbrldi-2006.xsd" xmlns:tns="http://www.sbr.gov.au/ato/chtwthhld" xmlns:link="http://www.xbrl.org/2003/linkbase" xmlns:iso4217="http://www.xbrl.org/2003/iso4217" xmlns:xbrldi="http://xbrl.org/2006/xbrldi" xmlns:xbrli="http://www.xbrl.org/2003/instance" xmlns:xbrldt="http://xbrl.org/2005/xbrldt" xmlns:xlink="http://www.w3.org/1999/xlink">
  <link:schemaRef xlink:type="simple" xlink:href="http://sbr.gov.au/taxonomy/sbr_au_reports/ato/chtwthhld/chtwthhld_0002/ato.chtwthhld.0002.2018.01.00.report.xsd"/>
  <xbrli:context id="RP">
    <xbrli:entity>
      <xbrli:identifier scheme="http://www.ato.gov.au/tfn">28936913</xbrli:identifier>
      <xbrli:segment>
        <xbrldi:explicitMember dimension="tns:ReportPartyTypeDimension">tns:ReportingParty</xbrldi:explicitMember>
      </xbrli:segment>
    </xbrli:entity>
    <xbrli:period>
      <xbrli:startDate>2017-07-01</xbrli:startDate>
      <xbrli:endDate>2017-09-30</xbrli:endDate>
    </xbrli:period>
  </xbrli:context>
  <xbrli:context id="RP.Postal">
    <xbrli:entity>
      <xbrli:identifier scheme="http://www.ato.gov.au/tfn">28936913</xbrli:identifier>
      <xbrli:segment>
        <xbrldi:explicitMember dimension="tns:AddressUsageDimension">tns:POS</xbrldi:explicitMember>
        <xbrldi:explicitMember dimension="tns:ReportPartyTypeDimension">tns:ReportingParty</xbrldi:explicitMember>
      </xbrli:segment>
    </xbrli:entity>
    <xbrli:period>
      <xbrli:startDate>2017-07-01</xbrli:startDate>
      <xbrli:endDate>2017-09-30</xbrli:endDate>
    </xbrli:period>
  </xbrli:context>
  <xbrli:context id="Trustee">
    <xbrli:entity>
      <xbrli:identifier scheme="http://www.sbr.gov.au/id">dummy</xbrli:identifier>
      <xbrli:segment>
        <xbrldi:explicitMember dimension="tns:ReportPartyTypeDimension">tns:Trustee</xbrldi:explicitMember>
      </xbrli:segment>
    </xbrli:entity>
    <xbrli:period>
      <xbrli:startDate>2017-07-01</xbrli:startDate>
      <xbrli:endDate>2017-09-30</xbrli:endDate>
    </xbrli:period>
  </xbrli:context>
  <xbrli:context id="INT.TrueAndCorrect">
    <xbrli:entity>
      <xbrli:identifier scheme="http://www.abr.gov.au/abn">78330347529</xbrli:identifier>
      <xbrli:segment>
        <xbrldi:explicitMember dimension="tns:DeclarationTypeDimension">tns:TrueAndCorrect</xbrldi:explicitMember>
        <xbrldi:explicitMember dimension="tns:ReportPartyTypeDimension">tns:Intermediary</xbrldi:explicitMember>
      </xbrli:segment>
    </xbrli:entity>
    <xbrli:period>
      <xbrli:startDate>2017-07-01</xbrli:startDate>
      <xbrli:endDate>2017-09-30</xbrli:endDate>
    </xbrli:period>
  </xbrli:context>
  <xbrli:unit id="u001">
    <xbrli:measure>iso4217:AUD</xbrli:measure>
  </xbrli:unit>
  <tns:AddressDetails.Line1.Text contextRef="RP.Postal">123 ABCV Steet</tns:AddressDetails.Line1.Text>
  <tns:Identifiers.AustralianBusinessNumber.Identifier contextRef="RP">14088411787</tns:Identifiers.AustralianBusinessNumber.Identifier>
  <tns:OrganisationNameDetails.OrganisationalName.Text contextRef="RP">Abcd-1 2'3</tns:OrganisationNameDetails.OrganisationalName.Text>
  <tns:Identifiers.TaxAgentNumber.Identifier contextRef="INT.TrueAndCorrect">17801003</tns:Identifiers.TaxAgentNumber.Identifier>
  <tns:PersonUnstructuredName.FullName.Text contextRef="INT.TrueAndCorrect">Abcdef Defg</tns:PersonUnstructuredName.FullName.Text>
  <tns:ElectronicContact.Telephone.Area.Code contextRef="INT.TrueAndCorrect">11</tns:ElectronicContact.Telephone.Area.Code>
  <tns:ElectronicContact.Telephone.Minimal.Number contextRef="INT.TrueAndCorrect">1234 5678</tns:ElectronicContact.Telephone.Minimal.Number>
  <tns:Declaration.Signature.Date contextRef="INT.TrueAndCorrect">2013-05-12</tns:Declaration.Signature.Date>
  <tns:OrganisationNameDetails.OrganisationalName.Text contextRef="Trustee">TAPship</tns:OrganisationNameDetails.OrganisationalName.Text>
  <tns:PersonNameDetails.Position.Text contextRef="INT.TrueAndCorrect">Abcdefghijklmnopqrstuv dksjfhgkjdlfg dkjfghjkfgojf</tns:PersonNameDetails.Position.Text>
  <tns:Identifiers.AustralianBusinessNumber.Identifier contextRef="Trustee">18083973826</tns:Identifiers.AustralianBusinessNumber.Identifier>
  <tns:AddressDetails.Country.Code contextRef="RP.Postal">ai</tns:AddressDetails.Country.Code>
  <tns:AddressDetails.LocalityName.Text contextRef="RP.Postal">Abcdefgh 234 $%&amp;vwxyz</tns:AddressDetails.LocalityName.Text>
  <!--<tns:Declaration.StatementAccepted.Indicator contextRef="INT.TrueAndCorrect">true</tns:Declaration.StatementAccepted.Indicator>-->
</xbrli:xbrl>