<tns:Event xmlns:tns="http://sbr.gov.au/comn/event.02.data">
   <tns:MaximumSeverity.Code>Error</tns:MaximumSeverity.Code>
   <tns:EventItems>
      <tns:EventItem>
         <tns:Error.Code>CMN.ATO.GEN.XBRL01</tns:Error.Code>
         <tns:Severity.Code>Error</tns:Severity.Code>
         <tns:Short.Description>The message did not pass XBRL validation. Please contact your software provider</tns:Short.Description>
         <tns:Locations>
            <tns:Location>
               <tns:Location.Instance.Identifier>01</tns:Location.Instance.Identifier>
            </tns:Location>
         </tns:Locations>
      </tns:EventItem>
      <tns:EventItem>
         <tns:Error.Code>CMN.ATO.GEN.XBRL01</tns:Error.Code>
         <tns:Severity.Code>Error</tns:Severity.Code>
         <tns:Short.Description>The message did not pass XBRL validation. Please contact your software provider.</tns:Short.Description>
         <tns:Detailed.Description>The content of the tuple '{uniqueID}' is not correct. Added items may not be appropriate or required items may not be added.</tns:Detailed.Description>
         <tns:Parameters>
            <tns:Parameter>
               <tns:Parameter.Identifier>uniqueId</tns:Parameter.Identifier>
               <tns:Parameter.Text>/{http://www.sbr.gov.au/ato/dis}AddressDetails[0]</tns:Parameter.Text>
            </tns:Parameter>
         </tns:Parameters>
         <tns:Locations>
            <tns:Location>
               <tns:Location.Instance.Identifier>01</tns:Location.Instance.Identifier>
               <tns:Location.Path.Text>/xbrli:xbrl/tns:AddressDetails[1]</tns:Location.Path.Text>
            </tns:Location>
         </tns:Locations>
      </tns:EventItem>
   </tns:EventItems>
</tns:Event>