<tns:Event xmlns:tns="http://sbr.gov.au/comn/event.02.data">
   <tns:MaximumSeverity.Code>Error</tns:MaximumSeverity.Code>
   <tns:EventItems>
      <tns:EventItem>
         <tns:Error.Code>CMN.ATO.GEN.438064</tns:Error.Code>
         <tns:Severity.Code>Error</tns:Severity.Code>
         <tns:Short.Description>Declaration statement accepted indicator is required.</tns:Short.Description>
         <tns:Detailed.Description>If an Intermediary is not present, Reporting Party declaration statement accepted indicator must be supplied and must be "True".</tns:Detailed.Description>
         <tns:Parameters>
            <tns:Parameter>
               <tns:Parameter.Identifier>RuleIdentifier</tns:Parameter.Identifier>
               <tns:Parameter.Text>VR.ATO.GEN.438064</tns:Parameter.Text>
            </tns:Parameter>
            <tns:Parameter>
               <tns:Parameter.Identifier>CTR239</tns:Parameter.Identifier>
               <tns:Parameter.Text>false</tns:Parameter.Text>
            </tns:Parameter>
         </tns:Parameters>
         <tns:Locations>
            <tns:Location>
               <tns:Location.Instance.Identifier>01</tns:Location.Instance.Identifier>
               <tns:Location.Path.Text>/xbrli:xbrl/tns:Declaration[1]/tns:Declaration.StatementAccepted.Indicator</tns:Location.Path.Text>
            </tns:Location>
         </tns:Locations>
      </tns:EventItem>
   </tns:EventItems>
</tns:Event>