<tns:Event xmlns:tns="http://sbr.gov.au/comn/event.02.data">
   <tns:MaximumSeverity.Code>Error</tns:MaximumSeverity.Code>
   <tns:EventItems>
      <tns:EventItem>
         <tns:Error.Code>CMN.ATO.CTR.428354</tns:Error.Code>
         <tns:Severity.Code>Error</tns:Severity.Code>
         <tns:Short.Description>Research and Development Tax Incentive schedule must be attached</tns:Short.Description>
         <tns:Detailed.Description>Where R&amp;D labels have been completed a Research and Development Tax Incentive schedule must be attached.</tns:Detailed.Description>
         <tns:Parameters>
            <tns:Parameter>
               <tns:Parameter.Identifier>RuleIdentifier</tns:Parameter.Identifier>
               <tns:Parameter.Text>VR.ATO.CTR.428354</tns:Parameter.Text>
            </tns:Parameter>
            <tns:Parameter>
               <tns:Parameter.Identifier>CTR97</tns:Parameter.Identifier>
               <tns:Parameter.Text>0</tns:Parameter.Text>
            </tns:Parameter>
            <tns:Parameter>
               <tns:Parameter.Identifier>CTR328</tns:Parameter.Identifier>
               <tns:Parameter.Text>1</tns:Parameter.Text>
            </tns:Parameter>
            <tns:Parameter>
               <tns:Parameter.Identifier>CTR210</tns:Parameter.Identifier>
               <tns:Parameter.Text>0</tns:Parameter.Text>
            </tns:Parameter>
         </tns:Parameters>
         <tns:Locations>
            <tns:Location>
               <tns:Location.Instance.Identifier>01</tns:Location.Instance.Identifier>
               <tns:Location.Path.Text>/xbrli:xbrl/tns:TaxConcession.ResearchAndDevelopment.WriteBackOfAccountingExpenditure.Amount</tns:Location.Path.Text>
            </tns:Location>
         </tns:Locations>
      </tns:EventItem>
   </tns:EventItems>
</tns:Event>