<tns:Event xmlns:tns="http://sbr.gov.au/comn/event.02.data">
   <tns:MaximumSeverity.Code>Error</tns:MaximumSeverity.Code>
   <tns:EventItems>
      <tns:EventItem>
         <tns:Error.Code>CMN.ATO.CTR.428379</tns:Error.Code>
         <tns:Severity.Code>Error</tns:Severity.Code>
         <tns:Short.Description>Capital Gains Tax schedule required, where net capital gains exceeds $10,000</tns:Short.Description>
         <tns:Detailed.Description>When Net capital gains is in excess of $10,000, a Capital Gains Tax schedule must be attached</tns:Detailed.Description>
         <tns:Parameters>
            <tns:Parameter>
               <tns:Parameter.Identifier>RuleIdentifier</tns:Parameter.Identifier>
               <tns:Parameter.Text>VR.ATO.CTR.428096</tns:Parameter.Text>
            </tns:Parameter>
            <tns:Parameter>
               <tns:Parameter.Identifier>CTR91</tns:Parameter.Identifier>
               <tns:Parameter.Text>80000</tns:Parameter.Text>
            </tns:Parameter>
            <tns:Parameter>
               <tns:Parameter.Identifier>CTR53</tns:Parameter.Identifier>
               <tns:Parameter.Text>1</tns:Parameter.Text>
            </tns:Parameter>
         </tns:Parameters>
         <tns:Locations>
            <tns:Location>
               <tns:Location.Instance.Identifier>01</tns:Location.Instance.Identifier>
               <tns:Location.Path.Text>/xbrli:xbrl/tns:Income.CapitalGainsNet.Amount</tns:Location.Path.Text>
            </tns:Location>
         </tns:Locations>
      </tns:EventItem>
   </tns:EventItems>
</tns:Event>