<tns:Event xmlns:tns="http://sbr.gov.au/comn/event.02.data">
   <tns:MaximumSeverity.Code>Error</tns:MaximumSeverity.Code>
   <tns:EventItems>
      <tns:EventItem>
         <tns:Error.Code>CMN.ATO.CTR.430068</tns:Error.Code>
         <tns:Severity.Code>Error</tns:Severity.Code>
         <tns:Short.Description>Amount of payment/refund is incorrect</tns:Short.Description>
         <tns:Detailed.Description>In the calculation statement, the Amount due or refundable must be equal to tax payable, plus Section 102AAM interest charge,  less eligible credits, less tax offset refunds (remainder of refundable tax offsets), less PAYG instalments raised. Where the calculated figure is positive payment is required; if it is zero no payment is required; and if it is negative a refund is due.</tns:Detailed.Description>
         <tns:Parameters>
            <tns:Parameter>
               <tns:Parameter.Identifier>RuleIdentifier</tns:Parameter.Identifier>
               <tns:Parameter.Text>VR.ATO.CTR.430068</tns:Parameter.Text>
            </tns:Parameter>
            <tns:Parameter>
               <tns:Parameter.Identifier>CTR360</tns:Parameter.Identifier>
               <tns:Parameter.Text>147716.81</tns:Parameter.Text>
            </tns:Parameter>
            <tns:Parameter>
               <tns:Parameter.Identifier>CTR203</tns:Parameter.Identifier>
               <tns:Parameter.Text>171645.23</tns:Parameter.Text>
            </tns:Parameter>
            <tns:Parameter>
               <tns:Parameter.Identifier>CTR204</tns:Parameter.Identifier>
               <tns:Parameter.Text>4507.25</tns:Parameter.Text>
            </tns:Parameter>
            <tns:Parameter>
               <tns:Parameter.Identifier>CTR317</tns:Parameter.Identifier>
               <tns:Parameter.Text>4026.92</tns:Parameter.Text>
            </tns:Parameter>
            <tns:Parameter>
               <tns:Parameter.Identifier>CTR326</tns:Parameter.Identifier>
               <tns:Parameter.Text>0</tns:Parameter.Text>
            </tns:Parameter>
            <tns:Parameter>
               <tns:Parameter.Identifier>CTR205</tns:Parameter.Identifier>
               <tns:Parameter.Text>5207.75</tns:Parameter.Text>
            </tns:Parameter>
         </tns:Parameters>
         <tns:Locations>
            <tns:Location>
               <tns:Location.Instance.Identifier>01</tns:Location.Instance.Identifier>
               <tns:Location.Path.Text>/xbrli:xbrl/tns:IncomeTax.PayableOrRefundableTotal.Amount</tns:Location.Path.Text>
            </tns:Location>
         </tns:Locations>
      </tns:EventItem>
   </tns:EventItems>
</tns:Event>