<Event xmlns="http://sbr.gov.au/comn/event.02.data"><MaximumSeverity.Code>Error</MaximumSeverity.Code><EventItems><EventItem><Error.Code>SBR.GEN.INFO.1</Error.Code><Severity.Code>Information</Severity.Code><Short.Description>Transmission Unsuccessful</Short.Description><Locations><Location><Location.Instance.Identifier>1</Location.Instance.Identifier></Location></Locations></EventItem><EventItem><Error.Code>SBR.GEN.INFO.2</Error.Code><Severity.Code>Information</Severity.Code><Short.Description>Total number of transactions in the transmission is {number}</Short.Description><Parameters><Parameter><Parameter.Identifier>number</Parameter.Identifier><Parameter.Text>1</Parameter.Text></Parameter></Parameters><Locations><Location><Location.Instance.Identifier>1</Location.Instance.Identifier></Location></Locations></EventItem><EventItem><Error.Code>SBR.GEN.INFO.4</Error.Code><Severity.Code>Information</Severity.Code><Short.Description>Number of transactions passed authorisation check is {number}</Short.Description><Parameters><Parameter><Parameter.Identifier>number</Parameter.Identifier><Parameter.Text>1</Parameter.Text></Parameter></Parameters><Locations><Location><Location.Instance.Identifier>1</Location.Instance.Identifier></Location></Locations></EventItem><EventItem><Error.Code>SBR.GEN.INFO.5</Error.Code><Severity.Code>Information</Severity.Code><Short.Description>Number of transactions failed authorisation check is {number}</Short.Description><Parameters><Parameter><Parameter.Identifier>number</Parameter.Identifier><Parameter.Text>0</Parameter.Text></Parameter></Parameters><Locations><Location><Location.Instance.Identifier>1</Location.Instance.Identifier></Location></Locations></EventItem><EventItem><Error.Code>SBR.GEN.INFO.6</Error.Code><Severity.Code>Information</Severity.Code><Short.Description>Number of transactions passed channel validation is {number}</Short.Description><Parameters><Parameter><Parameter.Identifier>number</Parameter.Identifier><Parameter.Text>0</Parameter.Text></Parameter></Parameters><Locations><Location><Location.Instance.Identifier>1</Location.Instance.Identifier></Location></Locations></EventItem><EventItem><Error.Code>SBR.GEN.INFO.7</Error.Code><Severity.Code>Information</Severity.Code><Short.Description>Number of transactions failed channel validation is {number}</Short.Description><Parameters><Parameter><Parameter.Identifier>number</Parameter.Identifier><Parameter.Text>1</Parameter.Text></Parameter></Parameters><Locations><Location><Location.Instance.Identifier>1</Location.Instance.Identifier></Location></Locations></EventItem><EventItem><Error.Code>SBR.GEN.INFO.10</Error.Code><Severity.Code>Information</Severity.Code><Short.Description>Number of unexpected errors is {number}</Short.Description><Parameters><Parameter><Parameter.Identifier>number</Parameter.Identifier><Parameter.Text>0</Parameter.Text></Parameter></Parameters><Locations><Location><Location.Instance.Identifier>1</Location.Instance.Identifier></Location></Locations></EventItem></EventItems></Event><Record_Delimiter DocumentID="1.1" DocumentName="CHTWTHHLD" DocumentType="BASE" RelatedDocumentID=""/><tns:Event xmlns:tns="http://sbr.gov.au/comn/event.02.data"><tns:MaximumSeverity.Code>Error</tns:MaximumSeverity.Code><tns:EventItems><tns:EventItem><tns:Error.Code>CMN.ATO.CHTWTHHLDBEN.000029</tns:Error.Code><tns:Severity.Code>Error</tns:Severity.Code><tns:Short.Description>Beneficiary non-individual name must not exceed 76 characters</tns:Short.Description><tns:Detailed.Description>For the Beneficiary non-individual name, the maximum allowable characters for this form is 76</tns:Detailed.Description><tns:Parameters><tns:Parameter><tns:Parameter.Identifier>RuleIdentifier</tns:Parameter.Identifier><tns:Parameter.Text>VR.ATO.CHTWTHHLDBEN.000029</tns:Parameter.Text></tns:Parameter><tns:Parameter><tns:Parameter.Identifier>CHTWTHHLDBEN32</tns:Parameter.Identifier><tns:Parameter.Text>P/L ATO!@55 abcd efgh nhjkklk sdfdjhfdsjkf skjdfhjhfk skjdhfjksdsdkhfksfhskskhfsfhkfkhfkdfsdf</tns:Parameter.Text></tns:Parameter></tns:Parameters><tns:Locations><tns:Location><tns:Location.Instance.Identifier>1.2</tns:Location.Instance.Identifier><tns:Location.Path.Text>/xbrli:xbrl/tns:OrganisationNameDetails.OrganisationalName.Text</tns:Location.Path.Text></tns:Location></tns:Locations></tns:EventItem><tns:EventItem><tns:Error.Code>CMN.ATO.GEN.000408</tns:Error.Code><tns:Severity.Code>Error</tns:Severity.Code><tns:Short.Description>Care of' is not valid for address line 2</tns:Short.Description><tns:Parameters><tns:Parameter><tns:Parameter.Identifier>RuleIdentifier</tns:Parameter.Identifier><tns:Parameter.Text>VR.ATO.GEN.000408</tns:Parameter.Text></tns:Parameter><tns:Parameter><tns:Parameter.Identifier>CHTWTHHLDBEN59</tns:Parameter.Identifier><tns:Parameter.Text>C/O Rich 1$ mond</tns:Parameter.Text></tns:Parameter></tns:Parameters><tns:Locations><tns:Location><tns:Location.Instance.Identifier>1.2</tns:Location.Instance.Identifier><tns:Location.Path.Text>/xbrli:xbrl/tns:AddressDetails.Line2.Text[@contextRef='Beneficiary.Business']</tns:Location.Path.Text></tns:Location></tns:Locations></tns:EventItem><tns:EventItem><tns:Error.Code>CMN.ATO.GEN.000405</tns:Error.Code><tns:Severity.Code>Error</tns:Severity.Code><tns:Short.Description>Address line 1 cannot contain "UNKNOWN"</tns:Short.Description><tns:Parameters><tns:Parameter><tns:Parameter.Identifier>RuleIdentifier</tns:Parameter.Identifier><tns:Parameter.Text>VR.ATO.GEN.428254</tns:Parameter.Text></tns:Parameter><tns:Parameter><tns:Parameter.Identifier>CHTWTHHLDBEN62</tns:Parameter.Identifier><tns:Parameter.Text>unknown</tns:Parameter.Text></tns:Parameter></tns:Parameters><tns:Locations><tns:Location><tns:Location.Instance.Identifier>1.2</tns:Location.Instance.Identifier><tns:Location.Path.Text>/xbrli:xbrl/tns:AddressDetails.Line1.Text[@contextRef='Beneficiary.Postal']</tns:Location.Path.Text></tns:Location></tns:Locations></tns:EventItem><tns:EventItem><tns:Error.Code>CMN.ATO.GEN.000414</tns:Error.Code><tns:Severity.Code>Error</tns:Severity.Code><tns:Short.Description>Non Individual Name cannot contain "P/L"</tns:Short.Description><tns:Parameters><tns:Parameter><tns:Parameter.Identifier>RuleIdentifier</tns:Parameter.Identifier><tns:Parameter.Text>VR.ATO.GEN.428259</tns:Parameter.Text></tns:Parameter><tns:Parameter><tns:Parameter.Identifier>CHTWTHHLDBEN32</tns:Parameter.Identifier><tns:Parameter.Text>P/L ATO!@55 abcd efgh nhjkklk sdfdjhfdsjkf skjdfhjhfk skjdhfjksdsdkhfksfhskskhfsfhkfkhfkdfsdf</tns:Parameter.Text></tns:Parameter></tns:Parameters><tns:Locations><tns:Location><tns:Location.Instance.Identifier>1.2</tns:Location.Instance.Identifier><tns:Location.Path.Text>/xbrli:xbrl/tns:OrganisationNameDetails.OrganisationalName.Text</tns:Location.Path.Text></tns:Location></tns:Locations></tns:EventItem><tns:EventItem><tns:Error.Code>CMN.ATO.GEN.000477</tns:Error.Code><tns:Severity.Code>Error</tns:Severity.Code><tns:Short.Description>ABN is invalid</tns:Short.Description><tns:Parameters><tns:Parameter><tns:Parameter.Identifier>RuleIdentifier</tns:Parameter.Identifier><tns:Parameter.Text>VR.ATO.GEN.434223</tns:Parameter.Text></tns:Parameter><tns:Parameter><tns:Parameter.Identifier>CHTWTHHLDBEN33</tns:Parameter.Identifier><tns:Parameter.Text>18083970000</tns:Parameter.Text></tns:Parameter></tns:Parameters><tns:Locations><tns:Location><tns:Location.Instance.Identifier>1.2</tns:Location.Instance.Identifier><tns:Location.Path.Text>/xbrli:xbrl/tns:Identifiers.AustralianBusinessNumber.Identifier</tns:Location.Path.Text></tns:Location></tns:Locations></tns:EventItem></tns:EventItems></tns:Event>
