<Event xmlns="http://sbr.gov.au/comn/event.02.data"><MaximumSeverity.Code>Error</MaximumSeverity.Code><EventItems><EventItem><Error.Code>SBR.GEN.INFO.1</Error.Code><Severity.Code>Information</Severity.Code><Short.Description>Transmission Unsuccessful</Short.Description><Locations><Location><Location.Instance.Identifier>1</Location.Instance.Identifier></Location></Locations></EventItem><EventItem><Error.Code>SBR.GEN.INFO.2</Error.Code><Severity.Code>Information</Severity.Code><Short.Description>Total number of transactions in the transmission is {number}</Short.Description><Parameters><Parameter><Parameter.Identifier>number</Parameter.Identifier><Parameter.Text>1</Parameter.Text></Parameter></Parameters><Locations><Location><Location.Instance.Identifier>1</Location.Instance.Identifier></Location></Locations></EventItem><EventItem><Error.Code>SBR.GEN.INFO.4</Error.Code><Severity.Code>Information</Severity.Code><Short.Description>Number of transactions passed authorisation check is {number}</Short.Description><Parameters><Parameter><Parameter.Identifier>number</Parameter.Identifier><Parameter.Text>1</Parameter.Text></Parameter></Parameters><Locations><Location><Location.Instance.Identifier>1</Location.Instance.Identifier></Location></Locations></EventItem><EventItem><Error.Code>SBR.GEN.INFO.5</Error.Code><Severity.Code>Information</Severity.Code><Short.Description>Number of transactions failed authorisation check is {number}</Short.Description><Parameters><Parameter><Parameter.Identifier>number</Parameter.Identifier><Parameter.Text>0</Parameter.Text></Parameter></Parameters><Locations><Location><Location.Instance.Identifier>1</Location.Instance.Identifier></Location></Locations></EventItem><EventItem><Error.Code>SBR.GEN.INFO.6</Error.Code><Severity.Code>Information</Severity.Code><Short.Description>Number of transactions passed channel validation is {number}</Short.Description><Parameters><Parameter><Parameter.Identifier>number</Parameter.Identifier><Parameter.Text>0</Parameter.Text></Parameter></Parameters><Locations><Location><Location.Instance.Identifier>1</Location.Instance.Identifier></Location></Locations></EventItem><EventItem><Error.Code>SBR.GEN.INFO.7</Error.Code><Severity.Code>Information</Severity.Code><Short.Description>Number of transactions failed channel validation is {number}</Short.Description><Parameters><Parameter><Parameter.Identifier>number</Parameter.Identifier><Parameter.Text>1</Parameter.Text></Parameter></Parameters><Locations><Location><Location.Instance.Identifier>1</Location.Instance.Identifier></Location></Locations></EventItem><EventItem><Error.Code>SBR.GEN.INFO.10</Error.Code><Severity.Code>Information</Severity.Code><Short.Description>Number of unexpected errors is {number}</Short.Description><Parameters><Parameter><Parameter.Identifier>number</Parameter.Identifier><Parameter.Text>0</Parameter.Text></Parameter></Parameters><Locations><Location><Location.Instance.Identifier>1</Location.Instance.Identifier></Location></Locations></EventItem></EventItems></Event><Record_Delimiter DocumentID="1.1" DocumentName="CHTWTHHLD" DocumentType="BASE" RelatedDocumentID=""/><tns:Event xmlns:tns="http://sbr.gov.au/comn/event.02.data"><tns:MaximumSeverity.Code>Error</tns:MaximumSeverity.Code><tns:EventItems><tns:EventItem><tns:Error.Code>CMN.ATO.CHTWTHHLD.000015</tns:Error.Code><tns:Severity.Code>Error</tns:Severity.Code><tns:Short.Description>Total amount withheld and Total amount of payments are required</tns:Short.Description><tns:Detailed.Description>Trust total amount withheld and Trust total amount of payments must be present for the Annual TFN withholding report.</tns:Detailed.Description><tns:Parameters><tns:Parameter><tns:Parameter.Identifier>RuleIdentifier</tns:Parameter.Identifier><tns:Parameter.Text>VR.ATO.CHTWTHHLD.000015</tns:Parameter.Text></tns:Parameter><tns:Parameter><tns:Parameter.Identifier>CHTWTHHLD10</tns:Parameter.Identifier><tns:Parameter.Text>0</tns:Parameter.Text></tns:Parameter><tns:Parameter><tns:Parameter.Identifier>CHTWTHHLD9</tns:Parameter.Identifier><tns:Parameter.Text>0</tns:Parameter.Text></tns:Parameter></tns:Parameters><tns:Locations><tns:Location><tns:Location.Instance.Identifier>1.1</tns:Location.Instance.Identifier><tns:Location.Path.Text>/xbrli:xbrl/tns:IncomeTax.PayAsYouGoWithholding.TaxWithheld.Amount</tns:Location.Path.Text></tns:Location></tns:Locations></tns:EventItem><tns:EventItem><tns:Error.Code>CMN.ATO.GEN.428023</tns:Error.Code><tns:Severity.Code>Error</tns:Severity.Code><tns:Short.Description>Current postal address must be supplied.</tns:Short.Description><tns:Detailed.Description>Only one instance of current postal address must be supplied.</tns:Detailed.Description><tns:Parameters><tns:Parameter><tns:Parameter.Identifier>RuleIdentifier</tns:Parameter.Identifier><tns:Parameter.Text>VR.ATO.CHTWTHHLD.000021</tns:Parameter.Text></tns:Parameter><tns:Parameter><tns:Parameter.Identifier>CHTWTHHLD3</tns:Parameter.Identifier><tns:Parameter.Text>EMPTY</tns:Parameter.Text></tns:Parameter></tns:Parameters><tns:Locations><tns:Location><tns:Location.Instance.Identifier>1.1</tns:Location.Instance.Identifier><tns:Location.Path.Text>/xbrli:xbrl/tns:AddressDetails.Line1.Text</tns:Location.Path.Text></tns:Location></tns:Locations></tns:EventItem><tns:EventItem><tns:Error.Code>CMN.ATO.GEN.438072</tns:Error.Code><tns:Severity.Code>Error</tns:Severity.Code><tns:Short.Description>Telephone number is required, if an area code is provided</tns:Short.Description><tns:Detailed.Description>If an area code is supplied and Intermediary is present, Intermediary Telephone number is required.</tns:Detailed.Description><tns:Parameters><tns:Parameter><tns:Parameter.Identifier>RuleIdentifier</tns:Parameter.Identifier><tns:Parameter.Text>VR.ATO.GEN.438072</tns:Parameter.Text></tns:Parameter><tns:Parameter><tns:Parameter.Identifier>CHTWTHHLD87</tns:Parameter.Identifier><tns:Parameter.Text>EMPTY</tns:Parameter.Text></tns:Parameter><tns:Parameter><tns:Parameter.Identifier>CHTWTHHLD86</tns:Parameter.Identifier><tns:Parameter.Text>11</tns:Parameter.Text></tns:Parameter></tns:Parameters><tns:Locations><tns:Location><tns:Location.Instance.Identifier>1.1</tns:Location.Instance.Identifier><tns:Location.Path.Text>/xbrli:xbrl/tns:ElectronicContact.Telephone.Area.Code[@contextRef='INT.TrueAndCorrect']</tns:Location.Path.Text></tns:Location></tns:Locations></tns:EventItem><tns:EventItem><tns:Error.Code>CMN.ATO.GEN.438076</tns:Error.Code><tns:Severity.Code>Error</tns:Severity.Code><tns:Short.Description>Contact telephone details must be provided</tns:Short.Description><tns:Detailed.Description>If an Intermediary is present, Intermediary Declarer Telephone number must be provided.</tns:Detailed.Description><tns:Parameters><tns:Parameter><tns:Parameter.Identifier>RuleIdentifier</tns:Parameter.Identifier><tns:Parameter.Text>VR.ATO.GEN.438076</tns:Parameter.Text></tns:Parameter><tns:Parameter><tns:Parameter.Identifier>CHTWTHHLD87</tns:Parameter.Identifier><tns:Parameter.Text>EMPTY</tns:Parameter.Text></tns:Parameter></tns:Parameters><tns:Locations><tns:Location><tns:Location.Instance.Identifier>1.1</tns:Location.Instance.Identifier><tns:Location.Path.Text>/xbrli:xbrl/tns:ElectronicContact.Telephone.Area.Code[@contextRef='INT.TrueAndCorrect']</tns:Location.Path.Text></tns:Location></tns:Locations></tns:EventItem></tns:EventItems></tns:Event>
