<Event xmlns="http://sbr.gov.au/comn/event.02.data"><MaximumSeverity.Code>Information</MaximumSeverity.Code><EventItems><EventItem><Error.Code>SBR.GEN.INFO.1</Error.Code><Severity.Code>Information</Severity.Code><Short.Description>Transmission Successful</Short.Description><Locations><Location><Location.Instance.Identifier>1</Location.Instance.Identifier></Location></Locations></EventItem><EventItem><Error.Code>SBR.GEN.INFO.2</Error.Code><Severity.Code>Information</Severity.Code><Short.Description>Total number of transactions in the transmission is {number}</Short.Description><Parameters><Parameter><Parameter.Identifier>number</Parameter.Identifier><Parameter.Text>2</Parameter.Text></Parameter></Parameters><Locations><Location><Location.Instance.Identifier>1</Location.Instance.Identifier></Location></Locations></EventItem><EventItem><Error.Code>SBR.GEN.INFO.4</Error.Code><Severity.Code>Information</Severity.Code><Short.Description>Number of transactions passed authorisation check is {number}</Short.Description><Parameters><Parameter><Parameter.Identifier>number</Parameter.Identifier><Parameter.Text>2</Parameter.Text></Parameter></Parameters><Locations><Location><Location.Instance.Identifier>1</Location.Instance.Identifier></Location></Locations></EventItem><EventItem><Error.Code>SBR.GEN.INFO.5</Error.Code><Severity.Code>Information</Severity.Code><Short.Description>Number of transactions failed authorisation check is {number}</Short.Description><Parameters><Parameter><Parameter.Identifier>number</Parameter.Identifier><Parameter.Text>0</Parameter.Text></Parameter></Parameters><Locations><Location><Location.Instance.Identifier>1</Location.Instance.Identifier></Location></Locations></EventItem><EventItem><Error.Code>SBR.GEN.INFO.6</Error.Code><Severity.Code>Information</Severity.Code><Short.Description>Number of transactions passed channel validation is {number}</Short.Description><Parameters><Parameter><Parameter.Identifier>number</Parameter.Identifier><Parameter.Text>2</Parameter.Text></Parameter></Parameters><Locations><Location><Location.Instance.Identifier>1</Location.Instance.Identifier></Location></Locations></EventItem><EventItem><Error.Code>SBR.GEN.INFO.7</Error.Code><Severity.Code>Information</Severity.Code><Short.Description>Number of transactions failed channel validation is {number}</Short.Description><Parameters><Parameter><Parameter.Identifier>number</Parameter.Identifier><Parameter.Text>0</Parameter.Text></Parameter></Parameters><Locations><Location><Location.Instance.Identifier>1</Location.Instance.Identifier></Location></Locations></EventItem><EventItem><Error.Code>SBR.GEN.INFO.10</Error.Code><Severity.Code>Information</Severity.Code><Short.Description>Number of unexpected errors is {number}</Short.Description><Parameters><Parameter><Parameter.Identifier>number</Parameter.Identifier><Parameter.Text>0</Parameter.Text></Parameter></Parameters><Locations><Location><Location.Instance.Identifier>1</Location.Instance.Identifier></Location></Locations></EventItem></EventItems></Event><Record_Delimiter DocumentID="1.1" DocumentName="CHTWTHHLD" DocumentType="BASE" RelatedDocumentID=""/><tns:Event xmlns:tns="http://sbr.gov.au/comn/event.02.data"><tns:MaximumSeverity.Code>Information</tns:MaximumSeverity.Code><tns:EventItems><tns:EventItem><tns:Error.Code>CMN.ATO.GEN.OK</tns:Error.Code><tns:Severity.Code>Information</tns:Severity.Code><tns:Short.Description>Message accepted</tns:Short.Description><tns:Locations><tns:Location><tns:Location.Instance.Identifier>1.1</tns:Location.Instance.Identifier><tns:Location.Path.Text>1.1</tns:Location.Path.Text></tns:Location></tns:Locations></tns:EventItem></tns:EventItems></tns:Event>
<Record_Delimiter DocumentID="2.1" DocumentName="CHTWTHHLD" DocumentType="BASE" RelatedDocumentID=""/><tns:Event xmlns:tns="http://sbr.gov.au/comn/event.02.data"><tns:MaximumSeverity.Code>Information</tns:MaximumSeverity.Code><tns:EventItems><tns:EventItem><tns:Error.Code>CMN.ATO.GEN.OK</tns:Error.Code><tns:Severity.Code>Information</tns:Severity.Code><tns:Short.Description>Message accepted</tns:Short.Description><tns:Locations><tns:Location><tns:Location.Instance.Identifier>2.1</tns:Location.Instance.Identifier><tns:Location.Path.Text>2.1</tns:Location.Path.Text></tns:Location></tns:Locations></tns:EventItem></tns:EventItems></tns:Event>
