<Event xmlns="http://sbr.gov.au/comn/event.02.data"><MaximumSeverity.Code>Error</MaximumSeverity.Code><EventItems><EventItem><Error.Code>SBR.GEN.INFO.1</Error.Code><Severity.Code>Information</Severity.Code><Short.Description>Transmission Unsuccessful</Short.Description><Locations><Location><Location.Instance.Identifier>1</Location.Instance.Identifier></Location></Locations></EventItem><EventItem><Error.Code>SBR.GEN.INFO.2</Error.Code><Severity.Code>Information</Severity.Code><Short.Description>Total number of transactions in the transmission is {number}</Short.Description><Parameters><Parameter><Parameter.Identifier>number</Parameter.Identifier><Parameter.Text>1</Parameter.Text></Parameter></Parameters><Locations><Location><Location.Instance.Identifier>1</Location.Instance.Identifier></Location></Locations></EventItem><EventItem><Error.Code>SBR.GEN.INFO.4</Error.Code><Severity.Code>Information</Severity.Code><Short.Description>Number of transactions passed authorisation check is {number}</Short.Description><Parameters><Parameter><Parameter.Identifier>number</Parameter.Identifier><Parameter.Text>1</Parameter.Text></Parameter></Parameters><Locations><Location><Location.Instance.Identifier>1</Location.Instance.Identifier></Location></Locations></EventItem><EventItem><Error.Code>SBR.GEN.INFO.5</Error.Code><Severity.Code>Information</Severity.Code><Short.Description>Number of transactions failed authorisation check is {number}</Short.Description><Parameters><Parameter><Parameter.Identifier>number</Parameter.Identifier><Parameter.Text>0</Parameter.Text></Parameter></Parameters><Locations><Location><Location.Instance.Identifier>1</Location.Instance.Identifier></Location></Locations></EventItem><EventItem><Error.Code>SBR.GEN.INFO.6</Error.Code><Severity.Code>Information</Severity.Code><Short.Description>Number of transactions passed channel validation is {number}</Short.Description><Parameters><Parameter><Parameter.Identifier>number</Parameter.Identifier><Parameter.Text>0</Parameter.Text></Parameter></Parameters><Locations><Location><Location.Instance.Identifier>1</Location.Instance.Identifier></Location></Locations></EventItem><EventItem><Error.Code>SBR.GEN.INFO.7</Error.Code><Severity.Code>Information</Severity.Code><Short.Description>Number of transactions failed channel validation is {number}</Short.Description><Parameters><Parameter><Parameter.Identifier>number</Parameter.Identifier><Parameter.Text>1</Parameter.Text></Parameter></Parameters><Locations><Location><Location.Instance.Identifier>1</Location.Instance.Identifier></Location></Locations></EventItem><EventItem><Error.Code>SBR.GEN.INFO.10</Error.Code><Severity.Code>Information</Severity.Code><Short.Description>Number of unexpected errors is {number}</Short.Description><Parameters><Parameter><Parameter.Identifier>number</Parameter.Identifier><Parameter.Text>0</Parameter.Text></Parameter></Parameters><Locations><Location><Location.Instance.Identifier>1</Location.Instance.Identifier></Location></Locations></EventItem></EventItems></Event><Record_Delimiter DocumentID="1.1" DocumentName="CHTWTHHLD" DocumentType="BASE" RelatedDocumentID=""/><tns:Event xmlns:tns="http://sbr.gov.au/comn/event.02.data"><tns:MaximumSeverity.Code>Error</tns:MaximumSeverity.Code><tns:EventItems><tns:EventItem><tns:Error.Code>CMN.ATO.CHTWTHHLDBEN.000032</tns:Error.Code><tns:Severity.Code>Error</tns:Severity.Code><tns:Short.Description>Beneficiary family name must not exceed 30 characters</tns:Short.Description><tns:Detailed.Description>For the Beneficiary family name, the maximum allowable characters for this form is 30</tns:Detailed.Description><tns:Parameters><tns:Parameter><tns:Parameter.Identifier>RuleIdentifier</tns:Parameter.Identifier><tns:Parameter.Text>VR.ATO.CHTWTHHLDBEN.000032</tns:Parameter.Text></tns:Parameter><tns:Parameter><tns:Parameter.Identifier>CHTWTHHLDBEN23</tns:Parameter.Identifier><tns:Parameter.Text>Lee1 Execor 123 fdfd 333 hghghgh 43545</tns:Parameter.Text></tns:Parameter></tns:Parameters><tns:Locations><tns:Location><tns:Location.Instance.Identifier>1.2</tns:Location.Instance.Identifier><tns:Location.Path.Text>/xbrli:xbrl/tns:PersonNameDetails.FamilyName.Text</tns:Location.Path.Text></tns:Location></tns:Locations></tns:EventItem><tns:EventItem><tns:Error.Code>CMN.ATO.CHTWTHHLDBEN.000035</tns:Error.Code><tns:Severity.Code>Error</tns:Severity.Code><tns:Short.Description>Both Beneficiary family name and Benficiary non-individual name present</tns:Short.Description><tns:Detailed.Description>Beneficiary family name and Beneficiary non-individual name are both present. Only Beneficiary family name or Beneficiary non-individual name may be present.</tns:Detailed.Description><tns:Parameters><tns:Parameter><tns:Parameter.Identifier>RuleIdentifier</tns:Parameter.Identifier><tns:Parameter.Text>VR.ATO.CHTWTHHLDBEN.000035</tns:Parameter.Text></tns:Parameter><tns:Parameter><tns:Parameter.Identifier>CHTWTHHLDBEN23</tns:Parameter.Identifier><tns:Parameter.Text>Lee1 Execor 123 fdfd 333 hghghgh 43545</tns:Parameter.Text></tns:Parameter><tns:Parameter><tns:Parameter.Identifier>CHTWTHHLDBEN32</tns:Parameter.Identifier><tns:Parameter.Text>Abc</tns:Parameter.Text></tns:Parameter></tns:Parameters><tns:Locations><tns:Location><tns:Location.Instance.Identifier>1.2</tns:Location.Instance.Identifier><tns:Location.Path.Text>/xbrli:xbrl/tns:PersonNameDetails.FamilyName.Text</tns:Location.Path.Text></tns:Location></tns:Locations></tns:EventItem><tns:EventItem><tns:Error.Code>CMN.ATO.CHTWTHHLDBEN.000046</tns:Error.Code><tns:Severity.Code>Error</tns:Severity.Code><tns:Short.Description>Beneficiary date of birth must be less than or equal to today's date</tns:Short.Description><tns:Detailed.Description>The date entered is a future date. Beneficiary date of birth cannot be any day in the future.</tns:Detailed.Description><tns:Parameters><tns:Parameter><tns:Parameter.Identifier>RuleIdentifier</tns:Parameter.Identifier><tns:Parameter.Text>VR.ATO.CHTWTHHLDBEN.000046</tns:Parameter.Text></tns:Parameter><tns:Parameter><tns:Parameter.Identifier>CHTWTHHLDBEN26</tns:Parameter.Identifier><tns:Parameter.Text>11/12/2099 12:00:00 AM</tns:Parameter.Text></tns:Parameter></tns:Parameters><tns:Locations><tns:Location><tns:Location.Instance.Identifier>1.2</tns:Location.Instance.Identifier><tns:Location.Path.Text>/xbrli:xbrl/tns:PersonDemographicDetails.Birth.Date</tns:Location.Path.Text></tns:Location></tns:Locations></tns:EventItem><tns:EventItem><tns:Error.Code>CMN.ATO.CHTWTHHLDBEN.000207</tns:Error.Code><tns:Severity.Code>Error</tns:Severity.Code><tns:Short.Description>Beneficiary other given names contains invalid text</tns:Short.Description><tns:Detailed.Description>A text character must be one of the following: A to Z a to z 0 to 9 @ $ % &amp; * ( ) - = ; : ' " , . ? / or a space character.</tns:Detailed.Description><tns:Parameters><tns:Parameter><tns:Parameter.Identifier>RuleIdentifier</tns:Parameter.Identifier><tns:Parameter.Text>VR.ATO.CHTWTHHLDBEN.000207</tns:Parameter.Text></tns:Parameter><tns:Parameter><tns:Parameter.Identifier>CHTWTHHLDBEN25</tns:Parameter.Identifier><tns:Parameter.Text>Singh 22 $|</tns:Parameter.Text></tns:Parameter></tns:Parameters><tns:Locations><tns:Location><tns:Location.Instance.Identifier>1.2</tns:Location.Instance.Identifier><tns:Location.Path.Text>/xbrli:xbrl/tns:PersonNameDetails.OtherGivenName.Text</tns:Location.Path.Text></tns:Location></tns:Locations></tns:EventItem><tns:EventItem><tns:Error.Code>CMN.ATO.CHTWTHHLDBEN.000219</tns:Error.Code><tns:Severity.Code>Error</tns:Severity.Code><tns:Short.Description>Beneficiary Tax File Number has failed the algorithm check</tns:Short.Description><tns:Parameters><tns:Parameter><tns:Parameter.Identifier>RuleIdentifier</tns:Parameter.Identifier><tns:Parameter.Text>VR.ATO.CHTWTHHLDBEN.000219</tns:Parameter.Text></tns:Parameter><tns:Parameter><tns:Parameter.Identifier>CHTWTHHLDBEN52</tns:Parameter.Identifier><tns:Parameter.Text>28918000</tns:Parameter.Text></tns:Parameter></tns:Parameters><tns:Locations><tns:Location><tns:Location.Instance.Identifier>1.2</tns:Location.Instance.Identifier><tns:Location.Path.Text>/xbrli:xbrl/tns:Identifiers.TaxFileNumber.Identifier</tns:Location.Path.Text></tns:Location></tns:Locations></tns:EventItem></tns:EventItems></tns:Event>
