<CLNTCOMMLISTRequest xmlns="http://www.sbr.gov.au/ato/clntcommlistrequest" xmlns:i="http://www.w3.org/2001/XMLSchema-instance"><INT><AustralianBusinessNumberId>24915423307</AustralianBusinessNumberId><TaxAgentNumberId>27915004</TaxAgentNumberId></INT><RPCollection><RP><AustralianBusinessNumberId>48123123124</AustralianBusinessNumberId></RP><RP><AustralianBusinessNumberId>14088411787</AustralianBusinessNumberId></RP><RP><AustralianBusinessNumberId>39094392060</AustralianBusinessNumberId></RP></RPCollection><SearchFilters><PeriodStartD>2017-01-01</PeriodStartD><PeriodEndD>2020-07-01</PeriodEndD><LodgmentChannelCCollection><LodgmentChannelC>Paper</LodgmentChannelC><LodgmentChannelC>myGov</LodgmentChannelC><LodgmentChannelC>SMS</LodgmentChannelC><LodgmentChannelC>Email</LodgmentChannelC><LodgmentChannelC>DigitalAgent</LodgmentChannelC><LodgmentChannelC>ATOOnline</LodgmentChannelC></LodgmentChannelCCollection></SearchFilters><SortCriteriaCollection><SortCriteria><InteractionRecordSortFieldC>ClientName</InteractionRecordSortFieldC><InteractionRecordSortOrderC>Ascending</InteractionRecordSortOrderC></SortCriteria><SortCriteria><InteractionRecordSortFieldC>SentDate</InteractionRecordSortFieldC><InteractionRecordSortOrderC>Descending</InteractionRecordSortOrderC></SortCriteria></SortCriteriaCollection></CLNTCOMMLISTRequest>