<tns:CLNTCOMMGETRequest xmlns:tns="http://www.sbr.gov.au/ato/clntcommgetrequest">
  <tns:INT>
    <tns:AustralianBusinessNumberId>78330347529</tns:AustralianBusinessNumberId>
    <tns:TaxAgentNumberId>17801003</tns:TaxAgentNumberId>
  </tns:INT>
  <tns:RP>     
    <tns:BusinessDocumentGovernmentGeneratedIdCollection>
      <tns:BusinessDocumentGovernmentGeneratedId>4013061444469</tns:BusinessDocumentGovernmentGeneratedId>
      <tns:BusinessDocumentGovernmentGeneratedId>4013061443466</tns:BusinessDocumentGovernmentGeneratedId>
      <tns:BusinessDocumentGovernmentGeneratedId>8010001552063</tns:BusinessDocumentGovernmentGeneratedId>
      <tns:BusinessDocumentGovernmentGeneratedId>8010001537324</tns:BusinessDocumentGovernmentGeneratedId>
      <tns:BusinessDocumentGovernmentGeneratedId>7532000484040</tns:BusinessDocumentGovernmentGeneratedId>
      <tns:BusinessDocumentGovernmentGeneratedId>7532000438210</tns:BusinessDocumentGovernmentGeneratedId>
     </tns:BusinessDocumentGovernmentGeneratedIdCollection>
  </tns:RP>
</tns:CLNTCOMMGETRequest>
