<CLNTCOMMLISTRequest xmlns="http://www.sbr.gov.au/ato/clntcommlistrequest" xmlns:i="http://www.w3.org/2001/XMLSchema-instance"><INT><AustralianBusinessNumberId>24915423307</AustralianBusinessNumberId><TaxAgentNumberId>27915004</TaxAgentNumberId></INT><SearchFilters><PeriodStartD>2021-02-11</PeriodStartD><PeriodEndD>2021-02-20</PeriodEndD><LodgmentChannelCCollection><LodgmentChannelC>Paper</LodgmentChannelC><LodgmentChannelC>myGov</LodgmentChannelC><LodgmentChannelC>SMS</LodgmentChannelC><LodgmentChannelC>Email</LodgmentChannelC><LodgmentChannelC>DigitalAgent</LodgmentChannelC><LodgmentChannelC>ATOOnline</LodgmentChannelC></LodgmentChannelCCollection></SearchFilters><SortCriteriaCollection><SortCriteria><InteractionRecordSortFieldC>SentDate</InteractionRecordSortFieldC><InteractionRecordSortOrderC>Ascending</InteractionRecordSortOrderC></SortCriteria></SortCriteriaCollection></CLNTCOMMLISTRequest>