<Event xmlns="http://sbr.gov.au/comn/event.02.data"><MaximumSeverity.Code>Information</MaximumSeverity.Code><EventItems><EventItem><Error.Code>SBR.GEN.INFO.1</Error.Code><Severity.Code>Information</Severity.Code><Short.Description>Transmission Successful</Short.Description><Locations><Location><Location.Instance.Identifier>1</Location.Instance.Identifier></Location></Locations></EventItem><EventItem><Error.Code>SBR.GEN.INFO.2</Error.Code><Severity.Code>Information</Severity.Code><Short.Description>Total number of transactions in the transmission is {number}</Short.Description><Parameters><Parameter><Parameter.Identifier>number</Parameter.Identifier><Parameter.Text>1</Parameter.Text></Parameter></Parameters><Locations><Location><Location.Instance.Identifier>1</Location.Instance.Identifier></Location></Locations></EventItem><EventItem><Error.Code>SBR.GEN.INFO.4</Error.Code><Severity.Code>Information</Severity.Code><Short.Description>Number of transactions passed authorisation check is {number}</Short.Description><Parameters><Parameter><Parameter.Identifier>number</Parameter.Identifier><Parameter.Text>1</Parameter.Text></Parameter></Parameters><Locations><Location><Location.Instance.Identifier>1</Location.Instance.Identifier></Location></Locations></EventItem><EventItem><Error.Code>SBR.GEN.INFO.5</Error.Code><Severity.Code>Information</Severity.Code><Short.Description>Number of transactions failed authorisation check is {number}</Short.Description><Parameters><Parameter><Parameter.Identifier>number</Parameter.Identifier><Parameter.Text>0</Parameter.Text></Parameter></Parameters><Locations><Location><Location.Instance.Identifier>1</Location.Instance.Identifier></Location></Locations></EventItem><EventItem><Error.Code>SBR.GEN.INFO.6</Error.Code><Severity.Code>Information</Severity.Code><Short.Description>Number of transactions passed channel validation is {number}</Short.Description><Parameters><Parameter><Parameter.Identifier>number</Parameter.Identifier><Parameter.Text>1</Parameter.Text></Parameter></Parameters><Locations><Location><Location.Instance.Identifier>1</Location.Instance.Identifier></Location></Locations></EventItem><EventItem><Error.Code>SBR.GEN.INFO.7</Error.Code><Severity.Code>Information</Severity.Code><Short.Description>Number of transactions failed channel validation is {number}</Short.Description><Parameters><Parameter><Parameter.Identifier>number</Parameter.Identifier><Parameter.Text>0</Parameter.Text></Parameter></Parameters><Locations><Location><Location.Instance.Identifier>1</Location.Instance.Identifier></Location></Locations></EventItem><EventItem><Error.Code>SBR.GEN.INFO.8</Error.Code><Severity.Code>Information</Severity.Code><Short.Description>Number of transactions successfully processed by the backend is {number}</Short.Description><Parameters><Parameter><Parameter.Identifier>number</Parameter.Identifier><Parameter.Text>14</Parameter.Text></Parameter></Parameters><Locations><Location><Location.Instance.Identifier>1</Location.Instance.Identifier></Location></Locations></EventItem><EventItem><Error.Code>SBR.GEN.INFO.9</Error.Code><Severity.Code>Information</Severity.Code><Short.Description>Number of transactions failed the backend processing is {number}</Short.Description><Parameters><Parameter><Parameter.Identifier>number</Parameter.Identifier><Parameter.Text>0</Parameter.Text></Parameter></Parameters><Locations><Location><Location.Instance.Identifier>1</Location.Instance.Identifier></Location></Locations></EventItem><EventItem><Error.Code>SBR.GEN.INFO.10</Error.Code><Severity.Code>Information</Severity.Code><Short.Description>Number of unexpected errors is {number}</Short.Description><Parameters><Parameter><Parameter.Identifier>number</Parameter.Identifier><Parameter.Text>0</Parameter.Text></Parameter></Parameters><Locations><Location><Location.Instance.Identifier>1</Location.Instance.Identifier></Location></Locations></EventItem></EventItems></Event>
<Record_Delimiter DocumentID="4013061493106" DocumentName="CLNTCOMM" DocumentType="BINARY" RelatedDocumentID="1.1" Filename="Req_ldgmt_reminder_4013061493106.html" AttachmentRef="cid:4013061493106"/><tns:Event xmlns:tns="http://sbr.gov.au/comn/event.02.data"><tns:MaximumSeverity.Code>Information</tns:MaximumSeverity.Code><tns:EventItems><tns:EventItem><tns:Error.Code>CMN.ATO.GEN.OK</tns:Error.Code><tns:Severity.Code>Information</tns:Severity.Code><tns:Short.Description>Message accepted</tns:Short.Description><tns:Locations><tns:Location><tns:Location.Instance.Identifier>1.1</tns:Location.Instance.Identifier></tns:Location></tns:Locations></tns:EventItem></tns:EventItems></tns:Event>
<Record_Delimiter DocumentID="4013061493099" DocumentName="CLNTCOMM" DocumentType="BINARY" RelatedDocumentID="1.1" Filename="Adv_TFN_decl_incorrect_residency_status_payer_4013061493099.html" AttachmentRef="cid:4013061493099"/><tns:Event xmlns:tns="http://sbr.gov.au/comn/event.02.data"><tns:MaximumSeverity.Code>Information</tns:MaximumSeverity.Code><tns:EventItems><tns:EventItem><tns:Error.Code>CMN.ATO.GEN.OK</tns:Error.Code><tns:Severity.Code>Information</tns:Severity.Code><tns:Short.Description>Message accepted</tns:Short.Description><tns:Locations><tns:Location><tns:Location.Instance.Identifier>1.1</tns:Location.Instance.Identifier></tns:Location></tns:Locations></tns:EventItem></tns:EventItems></tns:Event>
<Record_Delimiter DocumentID="4013061492369" DocumentName="CLNTCOMM" DocumentType="BINARY" RelatedDocumentID="1.1" Filename="Adv_TFN_decl_incorrect_residency_status_payer_4013061492369.html" AttachmentRef="cid:4013061492369"/><tns:Event xmlns:tns="http://sbr.gov.au/comn/event.02.data"><tns:MaximumSeverity.Code>Information</tns:MaximumSeverity.Code><tns:EventItems><tns:EventItem><tns:Error.Code>CMN.ATO.GEN.OK</tns:Error.Code><tns:Severity.Code>Information</tns:Severity.Code><tns:Short.Description>Message accepted</tns:Short.Description><tns:Locations><tns:Location><tns:Location.Instance.Identifier>1.1</tns:Location.Instance.Identifier></tns:Location></tns:Locations></tns:EventItem></tns:EventItems></tns:Event>
<Record_Delimiter DocumentID="4013061491291" DocumentName="CLNTCOMM" DocumentType="BINARY" RelatedDocumentID="1.1" Filename="Adv_NOA_Indiv_or_Trst_EFT_4013061491291.pdf" AttachmentRef="cid:4013061491291"/><tns:Event xmlns:tns="http://sbr.gov.au/comn/event.02.data"><tns:MaximumSeverity.Code>Information</tns:MaximumSeverity.Code><tns:EventItems><tns:EventItem><tns:Error.Code>CMN.ATO.GEN.OK</tns:Error.Code><tns:Severity.Code>Information</tns:Severity.Code><tns:Short.Description>Message accepted</tns:Short.Description><tns:Locations><tns:Location><tns:Location.Instance.Identifier>1.1</tns:Location.Instance.Identifier></tns:Location></tns:Locations></tns:EventItem></tns:EventItems></tns:Event>
<Record_Delimiter DocumentID="4013061491233" DocumentName="CLNTCOMM" DocumentType="BINARY" RelatedDocumentID="1.1" Filename="Adv_NOA_Indiv_or_Trst_Payment_Slip_4013061491233.pdf" AttachmentRef="cid:4013061491233"/><tns:Event xmlns:tns="http://sbr.gov.au/comn/event.02.data"><tns:MaximumSeverity.Code>Information</tns:MaximumSeverity.Code><tns:EventItems><tns:EventItem><tns:Error.Code>CMN.ATO.GEN.OK</tns:Error.Code><tns:Severity.Code>Information</tns:Severity.Code><tns:Short.Description>Message accepted</tns:Short.Description><tns:Locations><tns:Location><tns:Location.Instance.Identifier>1.1</tns:Location.Instance.Identifier></tns:Location></tns:Locations></tns:EventItem></tns:EventItems></tns:Event>
<Record_Delimiter DocumentID="4013061491204" DocumentName="CLNTCOMM" DocumentType="BINARY" RelatedDocumentID="1.1" Filename="Adv_NOA_Indiv_or_Trst_EFT_4013061491204.pdf" AttachmentRef="cid:4013061491204"/><tns:Event xmlns:tns="http://sbr.gov.au/comn/event.02.data"><tns:MaximumSeverity.Code>Information</tns:MaximumSeverity.Code><tns:EventItems><tns:EventItem><tns:Error.Code>CMN.ATO.GEN.OK</tns:Error.Code><tns:Severity.Code>Information</tns:Severity.Code><tns:Short.Description>Message accepted</tns:Short.Description><tns:Locations><tns:Location><tns:Location.Instance.Identifier>1.1</tns:Location.Instance.Identifier></tns:Location></tns:Locations></tns:EventItem></tns:EventItems></tns:Event>
<Record_Delimiter DocumentID="4013061491168" DocumentName="CLNTCOMM" DocumentType="BINARY" RelatedDocumentID="1.1" Filename="Adv_NOA_Indiv_or_Trst_Payment_Slip_4013061491168.pdf" AttachmentRef="cid:4013061491168"/><tns:Event xmlns:tns="http://sbr.gov.au/comn/event.02.data"><tns:MaximumSeverity.Code>Information</tns:MaximumSeverity.Code><tns:EventItems><tns:EventItem><tns:Error.Code>CMN.ATO.GEN.OK</tns:Error.Code><tns:Severity.Code>Information</tns:Severity.Code><tns:Short.Description>Message accepted</tns:Short.Description><tns:Locations><tns:Location><tns:Location.Instance.Identifier>1.1</tns:Location.Instance.Identifier></tns:Location></tns:Locations></tns:EventItem></tns:EventItems></tns:Event>
<Record_Delimiter DocumentID="4013061491113" DocumentName="CLNTCOMM" DocumentType="BINARY" RelatedDocumentID="1.1" Filename="Adv_NOA_Indiv_or_Trst_EFT_4013061491113.pdf" AttachmentRef="cid:4013061491113"/><tns:Event xmlns:tns="http://sbr.gov.au/comn/event.02.data"><tns:MaximumSeverity.Code>Information</tns:MaximumSeverity.Code><tns:EventItems><tns:EventItem><tns:Error.Code>CMN.ATO.GEN.OK</tns:Error.Code><tns:Severity.Code>Information</tns:Severity.Code><tns:Short.Description>Message accepted</tns:Short.Description><tns:Locations><tns:Location><tns:Location.Instance.Identifier>1.1</tns:Location.Instance.Identifier></tns:Location></tns:Locations></tns:EventItem></tns:EventItems></tns:Event>
<Record_Delimiter DocumentID="4013061491077" DocumentName="CLNTCOMM" DocumentType="BINARY" RelatedDocumentID="1.1" Filename="Adv_NOA_Indiv_or_Trst_Payment_Slip_4013061491077.pdf" AttachmentRef="cid:4013061491077"/><tns:Event xmlns:tns="http://sbr.gov.au/comn/event.02.data"><tns:MaximumSeverity.Code>Information</tns:MaximumSeverity.Code><tns:EventItems><tns:EventItem><tns:Error.Code>CMN.ATO.GEN.OK</tns:Error.Code><tns:Severity.Code>Information</tns:Severity.Code><tns:Short.Description>Message accepted</tns:Short.Description><tns:Locations><tns:Location><tns:Location.Instance.Identifier>1.1</tns:Location.Instance.Identifier></tns:Location></tns:Locations></tns:EventItem></tns:EventItems></tns:Event>
<Record_Delimiter DocumentID="4013061490607" DocumentName="CLNTCOMM" DocumentType="BINARY" RelatedDocumentID="1.1" Filename="Adv_NOA_Indiv_or_Trst_Payment_Slip_4013061490607.pdf" AttachmentRef="cid:4013061490607"/><tns:Event xmlns:tns="http://sbr.gov.au/comn/event.02.data"><tns:MaximumSeverity.Code>Information</tns:MaximumSeverity.Code><tns:EventItems><tns:EventItem><tns:Error.Code>CMN.ATO.GEN.OK</tns:Error.Code><tns:Severity.Code>Information</tns:Severity.Code><tns:Short.Description>Message accepted</tns:Short.Description><tns:Locations><tns:Location><tns:Location.Instance.Identifier>1.1</tns:Location.Instance.Identifier></tns:Location></tns:Locations></tns:EventItem></tns:EventItems></tns:Event>
<Record_Delimiter DocumentID="4013061490574" DocumentName="CLNTCOMM" DocumentType="BINARY" RelatedDocumentID="1.1" Filename="Adv_NOA_Indiv_or_Trst_EFT_4013061490574.pdf" AttachmentRef="cid:4013061490574"/><tns:Event xmlns:tns="http://sbr.gov.au/comn/event.02.data"><tns:MaximumSeverity.Code>Information</tns:MaximumSeverity.Code><tns:EventItems><tns:EventItem><tns:Error.Code>CMN.ATO.GEN.OK</tns:Error.Code><tns:Severity.Code>Information</tns:Severity.Code><tns:Short.Description>Message accepted</tns:Short.Description><tns:Locations><tns:Location><tns:Location.Instance.Identifier>1.1</tns:Location.Instance.Identifier></tns:Location></tns:Locations></tns:EventItem></tns:EventItems></tns:Event>
<Record_Delimiter DocumentID="4013061490558" DocumentName="CLNTCOMM" DocumentType="BINARY" RelatedDocumentID="1.1" Filename="DEM-Overdue-Aust-tax-debt_4013061490558.pdf" AttachmentRef="cid:4013061490558"/><tns:Event xmlns:tns="http://sbr.gov.au/comn/event.02.data"><tns:MaximumSeverity.Code>Information</tns:MaximumSeverity.Code><tns:EventItems><tns:EventItem><tns:Error.Code>CMN.ATO.GEN.OK</tns:Error.Code><tns:Severity.Code>Information</tns:Severity.Code><tns:Short.Description>Message accepted</tns:Short.Description><tns:Locations><tns:Location><tns:Location.Instance.Identifier>1.1</tns:Location.Instance.Identifier></tns:Location></tns:Locations></tns:EventItem></tns:EventItems></tns:Event>
<Record_Delimiter DocumentID="4013061490467" DocumentName="CLNTCOMM" DocumentType="BINARY" RelatedDocumentID="1.1" Filename="Adv-firmer action warning letter_4013061490467.pdf" AttachmentRef="cid:4013061490467"/><tns:Event xmlns:tns="http://sbr.gov.au/comn/event.02.data"><tns:MaximumSeverity.Code>Information</tns:MaximumSeverity.Code><tns:EventItems><tns:EventItem><tns:Error.Code>CMN.ATO.GEN.OK</tns:Error.Code><tns:Severity.Code>Information</tns:Severity.Code><tns:Short.Description>Message accepted</tns:Short.Description><tns:Locations><tns:Location><tns:Location.Instance.Identifier>1.1</tns:Location.Instance.Identifier></tns:Location></tns:Locations></tns:EventItem></tns:EventItems></tns:Event>
<Record_Delimiter DocumentID="4013061490496" DocumentName="CLNTCOMM" DocumentType="BINARY" RelatedDocumentID="1.1" Filename="Adv-firmer action warning letter_4013061490496.pdf" AttachmentRef="cid:4013061490496"/><tns:Event xmlns:tns="http://sbr.gov.au/comn/event.02.data"><tns:MaximumSeverity.Code>Information</tns:MaximumSeverity.Code><tns:EventItems><tns:EventItem><tns:Error.Code>CMN.ATO.GEN.OK</tns:Error.Code><tns:Severity.Code>Information</tns:Severity.Code><tns:Short.Description>Message accepted</tns:Short.Description><tns:Locations><tns:Location><tns:Location.Instance.Identifier>1.1</tns:Location.Instance.Identifier></tns:Location></tns:Locations></tns:EventItem></tns:EventItems></tns:Event>
