<tns:Event xmlns:tns="http://sbr.gov.au/comn/event.02.data">
   <tns:MaximumSeverity.Code>Error</tns:MaximumSeverity.Code>
   <tns:EventItems>
      <tns:EventItem>
         <tns:Error.Code>CMN.ATO.CLNTCOMM.000012</tns:Error.Code>
         <tns:Severity.Code>Error</tns:Severity.Code>
         <tns:Short.Description>More than one Communication identifier provided.</tns:Short.Description>
         <tns:Detailed.Description>Only one Communication identifier can be provided for this request. Send the request again with only one Communication identifier.</tns:Detailed.Description>
         <tns:Parameters>
            <tns:Parameter>
               <tns:Parameter.Identifier>RuleIdentifier</tns:Parameter.Identifier>
               <tns:Parameter.Text>VR.ATO.CLNTCOMM.000012</tns:Parameter.Text>
            </tns:Parameter>
         </tns:Parameters>
         <tns:Locations>
            <tns:Location>
               <tns:Location.Instance.Identifier>1</tns:Location.Instance.Identifier>
               <tns:Location.Path.Text>/tns:CLNTCOMMGETRequest/tns:RP/tns:BusinessDocumentGovernmentGeneratedIdCollection/tns:BusinessDocumentGovernmentGeneratedId</tns:Location.Path.Text>
            </tns:Location>
         </tns:Locations>
      </tns:EventItem>
   </tns:EventItems>
</tns:Event>