<tns:CLNTCOMMGETRequest xmlns:tns="http://www.sbr.gov.au/ato/clntcommgetrequest">
  <tns:INT>
    <tns:AustralianBusinessNumberId>78330347529</tns:AustralianBusinessNumberId>
    <tns:TaxAgentNumberId>17801003</tns:TaxAgentNumberId>
  </tns:INT>
  <tns:RP>
     <tns:TaxFileNumberId>124229512</tns:TaxFileNumberId>
    <tns:BusinessDocumentGovernmentGeneratedIdCollection>
      <tns:BusinessDocumentGovernmentGeneratedId>4013061493099</tns:BusinessDocumentGovernmentGeneratedId>
    </tns:BusinessDocumentGovernmentGeneratedIdCollection>
  </tns:RP>
</tns:CLNTCOMMGETRequest>
