<CLNTCOMMLISTResponse xmlns="http://www.sbr.gov.au/ato/clntcommlistresponse">
  <INT>
    <AustralianBusinessNumberId>24915423307</AustralianBusinessNumberId>
    <TaxAgentNumberId>27915004</TaxAgentNumberId>
  </INT>
  <SearchFilters>
    <PeriodStartD>2019-01-01</PeriodStartD>
    <PeriodEndD>2020-07-01</PeriodEndD>
    <LodgmentChannelCCollection>
      <LodgmentChannelC>Paper</LodgmentChannelC>
      <LodgmentChannelC>myGov</LodgmentChannelC>
      <LodgmentChannelC>SMS</LodgmentChannelC>
      <LodgmentChannelC>Email</LodgmentChannelC>
      <LodgmentChannelC>DigitalAgent</LodgmentChannelC>
      <LodgmentChannelC>ATOOnline</LodgmentChannelC>
    </LodgmentChannelCCollection>
  </SearchFilters>
  <SortCriteriaCollection>
    <SortCriteria>
      <InteractionRecordSortFieldC>SentDate</InteractionRecordSortFieldC>
      <InteractionRecordSortOrderC>Descending</InteractionRecordSortOrderC>
    </SortCriteria>
  </SortCriteriaCollection>
  <CommunicationRecordCollection>
    <CommunicationRecord>
      <TaxAccountId>23441231</TaxAccountId>
      <BusinessDocumentGovernmentGeneratedId>7532000669498</BusinessDocumentGovernmentGeneratedId>
      <CommunicationFieldCollection>
        <CommunicationField>
          <C>PersonUnstructuredName.FullName.Text</C>
          <FieldValueT>Alzella</FieldValueT>
        </CommunicationField>
        <CommunicationField>
          <C>BusinessDocument.Category.Code</C>
          <FieldValueT>Notify</FieldValueT>
        </CommunicationField>
        <CommunicationField>
          <C>Report.CommunicationSent.Date</C>
          <FieldValueT>2019-11-14</FieldValueT>
        </CommunicationField>
        <CommunicationField>
          <C>Report.Communication.Description</C>
          <FieldValueT>Notification of a mistake in your income tax return</FieldValueT>
        </CommunicationField>
        <CommunicationField>
          <C>Lodgment.Channel.Code</C>
          <FieldValueT>DigitalAgent</FieldValueT>
        </CommunicationField>
      </CommunicationFieldCollection>
    </CommunicationRecord>
    <CommunicationRecord>
      <TaxAccountId>149277704</TaxAccountId>
      <BusinessDocumentGovernmentGeneratedId>7532000000001</BusinessDocumentGovernmentGeneratedId>
      <CommunicationFieldCollection>
        <CommunicationField>
          <C>PersonUnstructuredName.FullName.Text</C>
          <FieldValueT>Alzella</FieldValueT>
        </CommunicationField>
        <CommunicationField>
          <C>BusinessDocument.Category.Code</C>
          <FieldValueT>Reminder</FieldValueT>
        </CommunicationField>
        <CommunicationField>
          <C>Report.CommunicationSent.Date</C>
          <FieldValueT>2019-10-08</FieldValueT>
        </CommunicationField>
        <CommunicationField>
          <C>Report.Communication.Description</C>
          <FieldValueT>Debt - Overdue reminder</FieldValueT>
        </CommunicationField>
        <CommunicationField>
          <C>Lodgment.Channel.Code</C>
          <FieldValueT>DigitalAgent</FieldValueT>
        </CommunicationField>
      </CommunicationFieldCollection>
    </CommunicationRecord>
    <CommunicationRecord>
      <TaxAccountId>149277704</TaxAccountId>
      <BusinessDocumentGovernmentGeneratedId>7532000000002</BusinessDocumentGovernmentGeneratedId>
      <CommunicationFieldCollection>
        <CommunicationField>
          <C>PersonUnstructuredName.FullName.Text</C>
          <FieldValueT>Alzella</FieldValueT>
        </CommunicationField>
        <CommunicationField>
          <C>BusinessDocument.Category.Code</C>
          <FieldValueT>Notify</FieldValueT>
        </CommunicationField>
        <CommunicationField>
          <C>Report.CommunicationSent.Date</C>
          <FieldValueT>2019-09-10</FieldValueT>
        </CommunicationField>
        <CommunicationField>
          <C>Report.Communication.Description</C>
          <FieldValueT>Debt - Warning notification</FieldValueT>
        </CommunicationField>
        <CommunicationField>
          <C>Lodgment.Channel.Code</C>
          <FieldValueT>DigitalAgent</FieldValueT>
        </CommunicationField>
      </CommunicationFieldCollection>
    </CommunicationRecord>
  </CommunicationRecordCollection>
</CLNTCOMMLISTResponse>