<Event xmlns="http://sbr.gov.au/comn/event.02.data"><MaximumSeverity.Code>Error</MaximumSeverity.Code><EventItems><EventItem><Error.Code>SBR.GEN.INFO.1</Error.Code><Severity.Code>Information</Severity.Code><Short.Description>Transmission Unsuccessful</Short.Description><Locations><Location><Location.Instance.Identifier>1</Location.Instance.Identifier></Location></Locations></EventItem><EventItem><Error.Code>SBR.GEN.INFO.2</Error.Code><Severity.Code>Information</Severity.Code><Short.Description>Total number of transactions in the transmission is {number}</Short.Description><Parameters><Parameter><Parameter.Identifier>number</Parameter.Identifier><Parameter.Text>1</Parameter.Text></Parameter></Parameters><Locations><Location><Location.Instance.Identifier>1</Location.Instance.Identifier></Location></Locations></EventItem><EventItem><Error.Code>SBR.GEN.INFO.4</Error.Code><Severity.Code>Information</Severity.Code><Short.Description>Number of transactions passed authorisation check is {number}</Short.Description><Parameters><Parameter><Parameter.Identifier>number</Parameter.Identifier><Parameter.Text>1</Parameter.Text></Parameter></Parameters><Locations><Location><Location.Instance.Identifier>1</Location.Instance.Identifier></Location></Locations></EventItem><EventItem><Error.Code>SBR.GEN.INFO.5</Error.Code><Severity.Code>Information</Severity.Code><Short.Description>Number of transactions failed authorisation check is {number}</Short.Description><Parameters><Parameter><Parameter.Identifier>number</Parameter.Identifier><Parameter.Text>0</Parameter.Text></Parameter></Parameters><Locations><Location><Location.Instance.Identifier>1</Location.Instance.Identifier></Location></Locations></EventItem><EventItem><Error.Code>SBR.GEN.INFO.6</Error.Code><Severity.Code>Information</Severity.Code><Short.Description>Number of transactions passed channel validation is {number}</Short.Description><Parameters><Parameter><Parameter.Identifier>number</Parameter.Identifier><Parameter.Text>0</Parameter.Text></Parameter></Parameters><Locations><Location><Location.Instance.Identifier>1</Location.Instance.Identifier></Location></Locations></EventItem><EventItem><Error.Code>SBR.GEN.INFO.7</Error.Code><Severity.Code>Information</Severity.Code><Short.Description>Number of transactions failed channel validation is {number}</Short.Description><Parameters><Parameter><Parameter.Identifier>number</Parameter.Identifier><Parameter.Text>1</Parameter.Text></Parameter></Parameters><Locations><Location><Location.Instance.Identifier>1</Location.Instance.Identifier></Location></Locations></EventItem><EventItem><Error.Code>SBR.GEN.INFO.10</Error.Code><Severity.Code>Information</Severity.Code><Short.Description>Number of unexpected errors is {number}</Short.Description><Parameters><Parameter><Parameter.Identifier>number</Parameter.Identifier><Parameter.Text>0</Parameter.Text></Parameter></Parameters><Locations><Location><Location.Instance.Identifier>1</Location.Instance.Identifier></Location></Locations></EventItem></EventItems></Event><Record_Delimiter DocumentID="1" DocumentName="CLNTCOMM" DocumentType="BASE" RelatedDocumentID=""/><tns:Event xmlns:tns="http://sbr.gov.au/comn/event.02.data"><tns:MaximumSeverity.Code>Error</tns:MaximumSeverity.Code><tns:EventItems><tns:EventItem><tns:Error.Code>CMN.ATO.CLNTCOMM.000020</tns:Error.Code><tns:Severity.Code>Error</tns:Severity.Code><tns:Short.Description>Date range exceeds 10 years.</tns:Short.Description><tns:Detailed.Description>When providing clients, date range can not exceed 10 years.</tns:Detailed.Description><tns:Parameters><tns:Parameter><tns:Parameter.Identifier>RuleIdentifier</tns:Parameter.Identifier><tns:Parameter.Text>VR.ATO.CLNTCOMM.000020</tns:Parameter.Text></tns:Parameter><tns:Parameter><tns:Parameter.Identifier>CLNTCOMM8</tns:Parameter.Identifier><tns:Parameter.Text>2021-02-20</tns:Parameter.Text></tns:Parameter><tns:Parameter><tns:Parameter.Identifier>CLNTCOMM7</tns:Parameter.Identifier><tns:Parameter.Text>2010-02-11</tns:Parameter.Text></tns:Parameter></tns:Parameters><tns:Locations><tns:Location><tns:Location.Instance.Identifier>1</tns:Location.Instance.Identifier><tns:Location.Path.Text>/tns:CLNTCOMMLISTRequest/tns:SearchFilters/tns:PeriodEndD</tns:Location.Path.Text></tns:Location></tns:Locations></tns:EventItem></tns:EventItems></tns:Event>
