<CLNTCOMMLISTResponse xmlns="http://www.sbr.gov.au/ato/clntcommlistresponse">
  <INT>
    <AustralianBusinessNumberId>78330347529</AustralianBusinessNumberId>
    <TaxAgentNumberId>17801003</TaxAgentNumberId>
  </INT>
  <SearchFilters>
    <PeriodStartD>2019-07-01</PeriodStartD>
    <PeriodEndD>2020-07-01</PeriodEndD>
    <LodgmentChannelCCollection>
      <LodgmentChannelC>myGov</LodgmentChannelC>
      <LodgmentChannelC>Paper</LodgmentChannelC>
      <LodgmentChannelC>SMS</LodgmentChannelC>
      <LodgmentChannelC>Email</LodgmentChannelC>
      <LodgmentChannelC>DigitalAgent</LodgmentChannelC>
      <LodgmentChannelC>ATOOnline</LodgmentChannelC>
    </LodgmentChannelCCollection>
  </SearchFilters>
  <SortCriteriaCollection>
    <SortCriteria>
      <InteractionRecordSortFieldC>SentDate</InteractionRecordSortFieldC>
      <InteractionRecordSortOrderC>Ascending</InteractionRecordSortOrderC>
    </SortCriteria>
  </SortCriteriaCollection>
  <CommunicationRecordCollection>
    <CommunicationRecord>
      <AustralianBusinessNumberId>12089922823</AustralianBusinessNumberId>
      <TaxAccountId>101116495113</TaxAccountId>
      <TaxRoleTypeC>ITI</TaxRoleTypeC>
      <BusinessDocumentGovernmentGeneratedId>7532000674494</BusinessDocumentGovernmentGeneratedId>
      <CommunicationFieldCollection>
        <CommunicationField>
          <C>PersonUnstructuredName.FullName.Text</C>
          <FieldValueT>Alicia Morrison</FieldValueT>
        </CommunicationField>
        <CommunicationField>
          <C>BusinessDocument.Category.Code</C>
          <FieldValueT>Notify</FieldValueT>
        </CommunicationField>
        <CommunicationField>
          <C>Report.CommunicationSent.Date</C>
          <FieldValueT>2019-12-11</FieldValueT>
        </CommunicationField>
        <CommunicationField>
          <C>Report.Communication.Description</C>
          <FieldValueT>Notification of a mistake in your income tax return</FieldValueT>
        </CommunicationField>
        <CommunicationField>
          <C>Lodgment.Channel.Code</C>
          <FieldValueT>myGov</FieldValueT>
        </CommunicationField>
      </CommunicationFieldCollection>
    </CommunicationRecord>
    <CommunicationRecord>
      <AustralianBusinessNumberId>12089922823</AustralianBusinessNumberId>
      <TaxAccountId>101116495113</TaxAccountId>
      <TaxRoleTypeC>ITI</TaxRoleTypeC>
      <BusinessDocumentGovernmentGeneratedId>7532000675348</BusinessDocumentGovernmentGeneratedId>
      <CommunicationFieldCollection>
        <CommunicationField>
          <C>PersonUnstructuredName.FullName.Text</C>
          <FieldValueT>Alicia Morrison</FieldValueT>
        </CommunicationField>
        <CommunicationField>
          <C>BusinessDocument.Category.Code</C>
          <FieldValueT>Notify</FieldValueT>
        </CommunicationField>
        <CommunicationField>
          <C>Report.CommunicationSent.Date</C>
          <FieldValueT>2020-01-13</FieldValueT>
        </CommunicationField>
        <CommunicationField>
          <C>Report.Communication.Description</C>
          <FieldValueT>Notification of a mistake in your income tax return</FieldValueT>
        </CommunicationField>
        <CommunicationField>
          <C>Lodgment.Channel.Code</C>
          <FieldValueT>myGov</FieldValueT>
        </CommunicationField>
      </CommunicationFieldCollection>
    </CommunicationRecord>
  </CommunicationRecordCollection>
</CLNTCOMMLISTResponse>