<tns:CLNTCOMMGETRequest xmlns:tns="http://www.sbr.gov.au/ato/clntcommgetrequest">
  <tns:INT>
    <tns:AustralianBusinessNumberId>78330347529</tns:AustralianBusinessNumberId>
    <tns:TaxAgentNumberId>17801003</tns:TaxAgentNumberId>
  </tns:INT>
  <tns:RP>    
    <tns:BusinessDocumentGovernmentGeneratedIdCollection>
      <tns:BusinessDocumentGovernmentGeneratedId>4013061493106</tns:BusinessDocumentGovernmentGeneratedId>
      <tns:BusinessDocumentGovernmentGeneratedId>4013061493099</tns:BusinessDocumentGovernmentGeneratedId>
      <tns:BusinessDocumentGovernmentGeneratedId>4013061492369</tns:BusinessDocumentGovernmentGeneratedId>
      <tns:BusinessDocumentGovernmentGeneratedId>4013061491291</tns:BusinessDocumentGovernmentGeneratedId>
      <tns:BusinessDocumentGovernmentGeneratedId>4013061491233</tns:BusinessDocumentGovernmentGeneratedId>
      <tns:BusinessDocumentGovernmentGeneratedId>4013061491204</tns:BusinessDocumentGovernmentGeneratedId>
      <tns:BusinessDocumentGovernmentGeneratedId>4013061491168</tns:BusinessDocumentGovernmentGeneratedId>
      <tns:BusinessDocumentGovernmentGeneratedId>4013061491113</tns:BusinessDocumentGovernmentGeneratedId>
      <tns:BusinessDocumentGovernmentGeneratedId>4013061491077</tns:BusinessDocumentGovernmentGeneratedId>
      <tns:BusinessDocumentGovernmentGeneratedId>4013061490607</tns:BusinessDocumentGovernmentGeneratedId>
      <tns:BusinessDocumentGovernmentGeneratedId>4013061490574</tns:BusinessDocumentGovernmentGeneratedId>
      <tns:BusinessDocumentGovernmentGeneratedId>4013061490558</tns:BusinessDocumentGovernmentGeneratedId>
      <tns:BusinessDocumentGovernmentGeneratedId>4013061490467</tns:BusinessDocumentGovernmentGeneratedId>
      <tns:BusinessDocumentGovernmentGeneratedId>4013061490496</tns:BusinessDocumentGovernmentGeneratedId>
    </tns:BusinessDocumentGovernmentGeneratedIdCollection>
  </tns:RP>
</tns:CLNTCOMMGETRequest>
