<Event xmlns="http://sbr.gov.au/comn/event.02.data"><MaximumSeverity.Code>Information</MaximumSeverity.Code><EventItems><EventItem><Error.Code>SBR.GEN.INFO.1</Error.Code><Severity.Code>Information</Severity.Code><Short.Description>Transmission Successful</Short.Description><Locations><Location><Location.Instance.Identifier>1</Location.Instance.Identifier></Location></Locations></EventItem><EventItem><Error.Code>SBR.GEN.INFO.2</Error.Code><Severity.Code>Information</Severity.Code><Short.Description>Total number of transactions in the transmission is {number}</Short.Description><Parameters><Parameter><Parameter.Identifier>number</Parameter.Identifier><Parameter.Text>1</Parameter.Text></Parameter></Parameters><Locations><Location><Location.Instance.Identifier>1</Location.Instance.Identifier></Location></Locations></EventItem><EventItem><Error.Code>SBR.GEN.INFO.4</Error.Code><Severity.Code>Information</Severity.Code><Short.Description>Number of transactions passed authorisation check is {number}</Short.Description><Parameters><Parameter><Parameter.Identifier>number</Parameter.Identifier><Parameter.Text>1</Parameter.Text></Parameter></Parameters><Locations><Location><Location.Instance.Identifier>1</Location.Instance.Identifier></Location></Locations></EventItem><EventItem><Error.Code>SBR.GEN.INFO.5</Error.Code><Severity.Code>Information</Severity.Code><Short.Description>Number of transactions failed authorisation check is {number}</Short.Description><Parameters><Parameter><Parameter.Identifier>number</Parameter.Identifier><Parameter.Text>0</Parameter.Text></Parameter></Parameters><Locations><Location><Location.Instance.Identifier>1</Location.Instance.Identifier></Location></Locations></EventItem><EventItem><Error.Code>SBR.GEN.INFO.6</Error.Code><Severity.Code>Information</Severity.Code><Short.Description>Number of transactions passed channel validation is {number}</Short.Description><Parameters><Parameter><Parameter.Identifier>number</Parameter.Identifier><Parameter.Text>1</Parameter.Text></Parameter></Parameters><Locations><Location><Location.Instance.Identifier>1</Location.Instance.Identifier></Location></Locations></EventItem><EventItem><Error.Code>SBR.GEN.INFO.7</Error.Code><Severity.Code>Information</Severity.Code><Short.Description>Number of transactions failed channel validation is {number}</Short.Description><Parameters><Parameter><Parameter.Identifier>number</Parameter.Identifier><Parameter.Text>0</Parameter.Text></Parameter></Parameters><Locations><Location><Location.Instance.Identifier>1</Location.Instance.Identifier></Location></Locations></EventItem><EventItem><Error.Code>SBR.GEN.INFO.8</Error.Code><Severity.Code>Information</Severity.Code><Short.Description>Number of transactions successfully processed by the backend is {number}</Short.Description><Parameters><Parameter><Parameter.Identifier>number</Parameter.Identifier><Parameter.Text>7</Parameter.Text></Parameter></Parameters><Locations><Location><Location.Instance.Identifier>1</Location.Instance.Identifier></Location></Locations></EventItem><EventItem><Error.Code>SBR.GEN.INFO.9</Error.Code><Severity.Code>Information</Severity.Code><Short.Description>Number of transactions failed the backend processing is {number}</Short.Description><Parameters><Parameter><Parameter.Identifier>number</Parameter.Identifier><Parameter.Text>0</Parameter.Text></Parameter></Parameters><Locations><Location><Location.Instance.Identifier>1</Location.Instance.Identifier></Location></Locations></EventItem><EventItem><Error.Code>SBR.GEN.INFO.10</Error.Code><Severity.Code>Information</Severity.Code><Short.Description>Number of unexpected errors is {number}</Short.Description><Parameters><Parameter><Parameter.Identifier>number</Parameter.Identifier><Parameter.Text>0</Parameter.Text></Parameter></Parameters><Locations><Location><Location.Instance.Identifier>1</Location.Instance.Identifier></Location></Locations></EventItem></EventItems></Event>
<Record_Delimiter DocumentID="7532000622810" DocumentName="CLNTCOMM" DocumentType="BINARY" RelatedDocumentID="1.1" Filename="Rev_Income_discrepancy_data_matching_7532000622810.pdf" AttachmentRef="cid:7532000622810"/><tns:Event xmlns:tns="http://sbr.gov.au/comn/event.02.data"><tns:MaximumSeverity.Code>Information</tns:MaximumSeverity.Code><tns:EventItems><tns:EventItem><tns:Error.Code>CMN.ATO.GEN.OK</tns:Error.Code><tns:Severity.Code>Information</tns:Severity.Code><tns:Short.Description>Message accepted</tns:Short.Description><tns:Locations><tns:Location><tns:Location.Instance.Identifier>1.1</tns:Location.Instance.Identifier></tns:Location></tns:Locations></tns:EventItem></tns:EventItems></tns:Event>
<Record_Delimiter DocumentID="4013061498536" DocumentName="CLNTCOMM" DocumentType="BINARY" RelatedDocumentID="1.1" Filename="Rev_Income_discrepancy_data_matching_4013061498536.pdf" AttachmentRef="cid:4013061498536"/><tns:Event xmlns:tns="http://sbr.gov.au/comn/event.02.data"><tns:MaximumSeverity.Code>Information</tns:MaximumSeverity.Code><tns:EventItems><tns:EventItem><tns:Error.Code>CMN.ATO.GEN.OK</tns:Error.Code><tns:Severity.Code>Information</tns:Severity.Code><tns:Short.Description>Message accepted</tns:Short.Description><tns:Locations><tns:Location><tns:Location.Instance.Identifier>1.1</tns:Location.Instance.Identifier></tns:Location></tns:Locations></tns:EventItem></tns:EventItems></tns:Event>
<Record_Delimiter DocumentID="7532000665239" DocumentName="CLNTCOMM" DocumentType="BINARY" RelatedDocumentID="1.1" Filename="Rev_Income_discrepancy_data_matching_7532000665239.pdf" AttachmentRef="cid:7532000665239"/><tns:Event xmlns:tns="http://sbr.gov.au/comn/event.02.data"><tns:MaximumSeverity.Code>Information</tns:MaximumSeverity.Code><tns:EventItems><tns:EventItem><tns:Error.Code>CMN.ATO.GEN.OK</tns:Error.Code><tns:Severity.Code>Information</tns:Severity.Code><tns:Short.Description>Message accepted</tns:Short.Description><tns:Locations><tns:Location><tns:Location.Instance.Identifier>1.1</tns:Location.Instance.Identifier></tns:Location></tns:Locations></tns:EventItem></tns:EventItems></tns:Event>
<Record_Delimiter DocumentID="7532000673433" DocumentName="CLNTCOMM" DocumentType="BINARY" RelatedDocumentID="1.1" Filename="Rev_Income_discrepancy_data_matching_7532000673433.pdf" AttachmentRef="cid:7532000673433"/><tns:Event xmlns:tns="http://sbr.gov.au/comn/event.02.data"><tns:MaximumSeverity.Code>Information</tns:MaximumSeverity.Code><tns:EventItems><tns:EventItem><tns:Error.Code>CMN.ATO.GEN.OK</tns:Error.Code><tns:Severity.Code>Information</tns:Severity.Code><tns:Short.Description>Message accepted</tns:Short.Description><tns:Locations><tns:Location><tns:Location.Instance.Identifier>1.1</tns:Location.Instance.Identifier></tns:Location></tns:Locations></tns:EventItem></tns:EventItems></tns:Event>
<Record_Delimiter DocumentID="7532000673446" DocumentName="CLNTCOMM" DocumentType="BINARY" RelatedDocumentID="1.1" Filename="Rev_Income_discrepancy_data_matching_7532000673446.pdf" AttachmentRef="cid:7532000673446"/><tns:Event xmlns:tns="http://sbr.gov.au/comn/event.02.data"><tns:MaximumSeverity.Code>Information</tns:MaximumSeverity.Code><tns:EventItems><tns:EventItem><tns:Error.Code>CMN.ATO.GEN.OK</tns:Error.Code><tns:Severity.Code>Information</tns:Severity.Code><tns:Short.Description>Message accepted</tns:Short.Description><tns:Locations><tns:Location><tns:Location.Instance.Identifier>1.1</tns:Location.Instance.Identifier></tns:Location></tns:Locations></tns:EventItem></tns:EventItems></tns:Event>
<Record_Delimiter DocumentID="7532000669497" DocumentName="CLNTCOMM" DocumentType="BINARY" RelatedDocumentID="1.1" Filename="Rev_Income_discrepancy_data_matching_7532000669497.pdf" AttachmentRef="cid:7532000669497"/><tns:Event xmlns:tns="http://sbr.gov.au/comn/event.02.data"><tns:MaximumSeverity.Code>Information</tns:MaximumSeverity.Code><tns:EventItems><tns:EventItem><tns:Error.Code>CMN.ATO.GEN.OK</tns:Error.Code><tns:Severity.Code>Information</tns:Severity.Code><tns:Short.Description>Message accepted</tns:Short.Description><tns:Locations><tns:Location><tns:Location.Instance.Identifier>1.1</tns:Location.Instance.Identifier></tns:Location></tns:Locations></tns:EventItem></tns:EventItems></tns:Event>
<Record_Delimiter DocumentID="7532000622261" DocumentName="CLNTCOMM" DocumentType="BINARY" RelatedDocumentID="1.1" Filename="Rev_Income_discrepancy_data_matching_7532000622261.pdf" AttachmentRef="cid:7532000622261"/><tns:Event xmlns:tns="http://sbr.gov.au/comn/event.02.data"><tns:MaximumSeverity.Code>Information</tns:MaximumSeverity.Code><tns:EventItems><tns:EventItem><tns:Error.Code>CMN.ATO.GEN.OK</tns:Error.Code><tns:Severity.Code>Information</tns:Severity.Code><tns:Short.Description>Message accepted</tns:Short.Description><tns:Locations><tns:Location><tns:Location.Instance.Identifier>1.1</tns:Location.Instance.Identifier></tns:Location></tns:Locations></tns:EventItem></tns:EventItems></tns:Event>
