<Event xmlns="http://sbr.gov.au/comn/event.02.data">
   <MaximumSeverity.Code>Error</MaximumSeverity.Code>
   <EventItems>
      <EventItem>
         <Error.Code>SBR.GEN.INFO.1</Error.Code>
         <Severity.Code>Information</Severity.Code>
         <Short.Description>Transmission Unsuccessful</Short.Description>
         <Locations>
            <Location>
               <Location.Instance.Identifier>1</Location.Instance.Identifier>
            </Location>
         </Locations>
      </EventItem>
      <EventItem>
         <Error.Code>SBR.GEN.INFO.2</Error.Code>
         <Severity.Code>Information</Severity.Code>
         <Short.Description>Total number of transactions in the transmission is {number}</Short.Description>
         <Parameters>
            <Parameter>
               <Parameter.Identifier>number</Parameter.Identifier>
               <Parameter.Text>1</Parameter.Text>
            </Parameter>
         </Parameters>
         <Locations>
            <Location>
               <Location.Instance.Identifier>1</Location.Instance.Identifier>
            </Location>
         </Locations>
      </EventItem>
      <EventItem>
         <Error.Code>SBR.GEN.INFO.4</Error.Code>
         <Severity.Code>Information</Severity.Code>
         <Short.Description>Number of transactions passed authorisation check is {number}</Short.Description>
         <Parameters>
            <Parameter>
               <Parameter.Identifier>number</Parameter.Identifier>
               <Parameter.Text>1</Parameter.Text>
            </Parameter>
         </Parameters>
         <Locations>
            <Location>
               <Location.Instance.Identifier>1</Location.Instance.Identifier>
            </Location>
         </Locations>
      </EventItem>
      <EventItem>
         <Error.Code>SBR.GEN.INFO.5</Error.Code>
         <Severity.Code>Information</Severity.Code>
         <Short.Description>Number of transactions failed authorisation check is {number}</Short.Description>
         <Parameters>
            <Parameter>
               <Parameter.Identifier>number</Parameter.Identifier>
               <Parameter.Text>0</Parameter.Text>
            </Parameter>
         </Parameters>
         <Locations>
            <Location>
               <Location.Instance.Identifier>1</Location.Instance.Identifier>
            </Location>
         </Locations>
      </EventItem>
      <EventItem>
         <Error.Code>SBR.GEN.INFO.6</Error.Code>
         <Severity.Code>Information</Severity.Code>
         <Short.Description>Number of transactions passed channel validation is {number}</Short.Description>
         <Parameters>
            <Parameter>
               <Parameter.Identifier>number</Parameter.Identifier>
               <Parameter.Text>1</Parameter.Text>
            </Parameter>
         </Parameters>
         <Locations>
            <Location>
               <Location.Instance.Identifier>1</Location.Instance.Identifier>
            </Location>
         </Locations>
      </EventItem>
      <EventItem>
         <Error.Code>SBR.GEN.INFO.7</Error.Code>
         <Severity.Code>Information</Severity.Code>
         <Short.Description>Number of transactions failed channel validation is {number}</Short.Description>
         <Parameters>
            <Parameter>
               <Parameter.Identifier>number</Parameter.Identifier>
               <Parameter.Text>0</Parameter.Text>
            </Parameter>
         </Parameters>
         <Locations>
            <Location>
               <Location.Instance.Identifier>1</Location.Instance.Identifier>
            </Location>
         </Locations>
      </EventItem>
      <EventItem>
         <Error.Code>SBR.GEN.INFO.8</Error.Code>
         <Severity.Code>Information</Severity.Code>
         <Short.Description>Number of transactions successfully processed by the backend is {number}</Short.Description>
         <Parameters>
            <Parameter>
               <Parameter.Identifier>number</Parameter.Identifier>
               <Parameter.Text>0</Parameter.Text>
            </Parameter>
         </Parameters>
         <Locations>
            <Location>
               <Location.Instance.Identifier>1</Location.Instance.Identifier>
            </Location>
         </Locations>
      </EventItem>
      <EventItem>
         <Error.Code>SBR.GEN.INFO.9</Error.Code>
         <Severity.Code>Information</Severity.Code>
         <Short.Description>Number of transactions failed the backend processing is {number}</Short.Description>
         <Parameters>
            <Parameter>
               <Parameter.Identifier>number</Parameter.Identifier>
               <Parameter.Text>1</Parameter.Text>
            </Parameter>
         </Parameters>
         <Locations>
            <Location>
               <Location.Instance.Identifier>1</Location.Instance.Identifier>
            </Location>
         </Locations>
      </EventItem>
      <EventItem>
         <Error.Code>SBR.GEN.INFO.10</Error.Code>
         <Severity.Code>Information</Severity.Code>
         <Short.Description>Number of unexpected errors is {number}</Short.Description>
         <Parameters>
            <Parameter>
               <Parameter.Identifier>number</Parameter.Identifier>
               <Parameter.Text>0</Parameter.Text>
            </Parameter>
         </Parameters>
         <Locations>
            <Location>
               <Location.Instance.Identifier>1</Location.Instance.Identifier>
            </Location>
         </Locations>
      </EventItem>
   </EventItems>
</Event>