<Event xmlns="http://sbr.gov.au/comn/event.02.data"><MaximumSeverity.Code>Error</MaximumSeverity.Code><EventItems><EventItem><Error.Code>SBR.GEN.INFO.1</Error.Code><Severity.Code>Information</Severity.Code><Short.Description>Transmission Successful</Short.Description><Locations><Location><Location.Instance.Identifier>1</Location.Instance.Identifier></Location></Locations></EventItem><EventItem><Error.Code>SBR.GEN.INFO.2</Error.Code><Severity.Code>Information</Severity.Code><Short.Description>Total number of transactions in the transmission is {number}</Short.Description><Parameters><Parameter><Parameter.Identifier>number</Parameter.Identifier><Parameter.Text>1</Parameter.Text></Parameter></Parameters><Locations><Location><Location.Instance.Identifier>1</Location.Instance.Identifier></Location></Locations></EventItem><EventItem><Error.Code>SBR.GEN.INFO.4</Error.Code><Severity.Code>Information</Severity.Code><Short.Description>Number of transactions passed authorisation check is {number}</Short.Description><Parameters><Parameter><Parameter.Identifier>number</Parameter.Identifier><Parameter.Text>1</Parameter.Text></Parameter></Parameters><Locations><Location><Location.Instance.Identifier>1</Location.Instance.Identifier></Location></Locations></EventItem><EventItem><Error.Code>SBR.GEN.INFO.5</Error.Code><Severity.Code>Information</Severity.Code><Short.Description>Number of transactions failed authorisation check is {number}</Short.Description><Parameters><Parameter><Parameter.Identifier>number</Parameter.Identifier><Parameter.Text>0</Parameter.Text></Parameter></Parameters><Locations><Location><Location.Instance.Identifier>1</Location.Instance.Identifier></Location></Locations></EventItem><EventItem><Error.Code>SBR.GEN.INFO.6</Error.Code><Severity.Code>Information</Severity.Code><Short.Description>Number of transactions passed channel validation is {number}</Short.Description><Parameters><Parameter><Parameter.Identifier>number</Parameter.Identifier><Parameter.Text>1</Parameter.Text></Parameter></Parameters><Locations><Location><Location.Instance.Identifier>1</Location.Instance.Identifier></Location></Locations></EventItem><EventItem><Error.Code>SBR.GEN.INFO.7</Error.Code><Severity.Code>Information</Severity.Code><Short.Description>Number of transactions failed channel validation is {number}</Short.Description><Parameters><Parameter><Parameter.Identifier>number</Parameter.Identifier><Parameter.Text>0</Parameter.Text></Parameter></Parameters><Locations><Location><Location.Instance.Identifier>1</Location.Instance.Identifier></Location></Locations></EventItem><EventItem><Error.Code>SBR.GEN.INFO.8</Error.Code><Severity.Code>Information</Severity.Code><Short.Description>Number of transactions successfully processed by the backend is {number}</Short.Description><Parameters><Parameter><Parameter.Identifier>number</Parameter.Identifier><Parameter.Text>3</Parameter.Text></Parameter></Parameters><Locations><Location><Location.Instance.Identifier>1</Location.Instance.Identifier></Location></Locations></EventItem><EventItem><Error.Code>SBR.GEN.INFO.9</Error.Code><Severity.Code>Information</Severity.Code><Short.Description>Number of transactions failed the backend processing is {number}</Short.Description><Parameters><Parameter><Parameter.Identifier>number</Parameter.Identifier><Parameter.Text>3</Parameter.Text></Parameter></Parameters><Locations><Location><Location.Instance.Identifier>1</Location.Instance.Identifier></Location></Locations></EventItem><EventItem><Error.Code>SBR.GEN.INFO.10</Error.Code><Severity.Code>Information</Severity.Code><Short.Description>Number of unexpected errors is {number}</Short.Description><Parameters><Parameter><Parameter.Identifier>number</Parameter.Identifier><Parameter.Text>0</Parameter.Text></Parameter></Parameters><Locations><Location><Location.Instance.Identifier>1</Location.Instance.Identifier></Location></Locations></EventItem></EventItems></Event>
<Record_Delimiter DocumentID="4013061444469" DocumentName="CLNTCOMM" DocumentType="BINARY" RelatedDocumentID="1.1" Filename="Adv-GST registration-includes branch_4013061444469.pdf" AttachmentRef="cid:4013061444469"/>
<tns:Event xmlns:tns="http://sbr.gov.au/comn/event.02.data"><tns:MaximumSeverity.Code>Information</tns:MaximumSeverity.Code><tns:EventItems><tns:EventItem><tns:Error.Code>CMN.ATO.GEN.OK</tns:Error.Code><tns:Severity.Code>Information</tns:Severity.Code><tns:Short.Description>Message accepted</tns:Short.Description><tns:Locations><tns:Location><tns:Location.Instance.Identifier>1.1</tns:Location.Instance.Identifier></tns:Location></tns:Locations></tns:EventItem></tns:EventItems></tns:Event>
<Record_Delimiter DocumentID="4013061443466" DocumentName="CLNTCOMM" DocumentType="BINARY" RelatedDocumentID="1.1" Filename="Adv-GST registration-includes branch_4013061443466.pdf" AttachmentRef="cid:4013061443466"/>
<tns:Event xmlns:tns="http://sbr.gov.au/comn/event.02.data"><tns:MaximumSeverity.Code>Information</tns:MaximumSeverity.Code><tns:EventItems><tns:EventItem><tns:Error.Code>CMN.ATO.GEN.OK</tns:Error.Code><tns:Severity.Code>Information</tns:Severity.Code><tns:Short.Description>Message accepted</tns:Short.Description><tns:Locations><tns:Location><tns:Location.Instance.Identifier>1.1</tns:Location.Instance.Identifier></tns:Location></tns:Locations></tns:EventItem></tns:EventItems></tns:Event>
<Record_Delimiter DocumentID="8010001552063" DocumentName="CLNTCOMM" DocumentType="BINARY" RelatedDocumentID="1.1"/>
<tns:Event xmlns:tns="http://sbr.gov.au/comn/event.02.data"><tns:MaximumSeverity.Code>Warning</tns:MaximumSeverity.Code><tns:EventItems><tns:EventItem><tns:Error.Code>CMN.ATO.GEN.OK</tns:Error.Code><tns:Severity.Code>Information</tns:Severity.Code><tns:Short.Description>Message accepted</tns:Short.Description><tns:Locations><tns:Location><tns:Location.Instance.Identifier>1.1</tns:Location.Instance.Identifier></tns:Location></tns:Locations></tns:EventItem><tns:EventItem><tns:Error.Code>CMN.ATO.CLNTCOMM.UNKNOWN</tns:Error.Code><tns:Severity.Code>Warning</tns:Severity.Code><tns:Short.Description>An unexpected error has occurred, try again. If problem persists, contact the ATO. Error code {Code}.</tns:Short.Description><tns:Parameters><tns:Parameter><tns:Parameter.Identifier>Code</tns:Parameter.Identifier><tns:Parameter.Text>6083</tns:Parameter.Text></tns:Parameter></tns:Parameters><tns:Locations><tns:Location><tns:Location.Instance.Identifier>8010001552063</tns:Location.Instance.Identifier></tns:Location></tns:Locations></tns:EventItem></tns:EventItems></tns:Event>
<Record_Delimiter DocumentID="8010001537324" DocumentName="CLNTCOMM" DocumentType="BINARY" RelatedDocumentID="1.1"/>
<tns:Event xmlns:tns="http://sbr.gov.au/comn/event.02.data"><tns:MaximumSeverity.Code>Error</tns:MaximumSeverity.Code><tns:EventItems><tns:EventItem><tns:Error.Code>CMN.ATO.CLNTCOMM.EM0003</tns:Error.Code><tns:Severity.Code>Error</tns:Severity.Code><tns:Short.Description>An internal error has occurred.</tns:Short.Description><tns:Detailed.Description>A temporary internal error has occurred. Please try again later.</tns:Detailed.Description><tns:Locations><tns:Location><tns:Location.Instance.Identifier>8010001537324</tns:Location.Instance.Identifier></tns:Location></tns:Locations></tns:EventItem></tns:EventItems></tns:Event>
<Record_Delimiter DocumentID="7532000484040" DocumentName="CLNTCOMM" DocumentType="BINARY" RelatedDocumentID="1.1"/>
<tns:Event xmlns:tns="http://sbr.gov.au/comn/event.02.data"><tns:MaximumSeverity.Code>Warning</tns:MaximumSeverity.Code><tns:EventItems><tns:EventItem><tns:Error.Code>CMN.ATO.GEN.OK</tns:Error.Code><tns:Severity.Code>Information</tns:Severity.Code><tns:Short.Description>Message accepted</tns:Short.Description><tns:Locations><tns:Location><tns:Location.Instance.Identifier>1.1</tns:Location.Instance.Identifier></tns:Location></tns:Locations></tns:EventItem><tns:EventItem><tns:Error.Code>CMN.ATO.CLNTCOMM.EM941312</tns:Error.Code><tns:Severity.Code>Warning</tns:Severity.Code><tns:Short.Description>Communication record not able to be returned.</tns:Short.Description><tns:Detailed.Description>Either a communication record was not found for the details provided or you do not have permission to view the requested communication record of the client. Please provide the correct details and try again, or check permission with your administrator.</tns:Detailed.Description><tns:Locations><tns:Location><tns:Location.Instance.Identifier>7532000484040</tns:Location.Instance.Identifier></tns:Location></tns:Locations></tns:EventItem></tns:EventItems></tns:Event>
<Record_Delimiter DocumentID="7532000438210" DocumentName="CLNTCOMM" DocumentType="BINARY" RelatedDocumentID="1.1" Filename="Adv-GST regn-cncld_7532000438210.pdf" AttachmentRef="cid:7532000438210"/>
<tns:Event xmlns:tns="http://sbr.gov.au/comn/event.02.data"><tns:MaximumSeverity.Code>Information</tns:MaximumSeverity.Code><tns:EventItems><tns:EventItem><tns:Error.Code>CMN.ATO.GEN.OK</tns:Error.Code><tns:Severity.Code>Information</tns:Severity.Code><tns:Short.Description>Message accepted</tns:Short.Description><tns:Locations><tns:Location><tns:Location.Instance.Identifier>1.1</tns:Location.Instance.Identifier></tns:Location></tns:Locations></tns:EventItem></tns:EventItems></tns:Event>