<CLNTCOMMLISTRequest xmlns="http://www.sbr.gov.au/ato/clntcommlistrequest" xmlns:i="http://www.w3.org/2001/XMLSchema-instance"><INT><AustralianBusinessNumberId>24915423307</AustralianBusinessNumberId><TaxAgentNumberId>27915004</TaxAgentNumberId></INT><RPCollection><RP><AustralianBusinessNumberId>48123123124</AustralianBusinessNumberId></RP></RPCollection><SearchFilters><PeriodStartD>2008-01-01</PeriodStartD><PeriodEndD>2015-07-01</PeriodEndD><LodgmentChannelCCollection><LodgmentChannelC>myGov</LodgmentChannelC></LodgmentChannelCCollection></SearchFilters><SortCriteriaCollection><SortCriteria><InteractionRecordSortFieldC>SentDate</InteractionRecordSortFieldC><InteractionRecordSortOrderC>Descending</InteractionRecordSortOrderC></SortCriteria></SortCriteriaCollection></CLNTCOMMLISTRequest>