<CLNTCOMMLISTRequest xmlns="http://www.sbr.gov.au/ato/clntcommlistrequest" xmlns:i="http://www.w3.org/2001/XMLSchema-instance"><INT><AustralianBusinessNumberId>78330347529</AustralianBusinessNumberId><TaxAgentNumberId>17801003</TaxAgentNumberId></INT><RPCollection><RP><AustralianBusinessNumberId>80088768932</AustralianBusinessNumberId></RP><RP><TaxFileNumberId>875145564</TaxFileNumberId></RP><RP><TaxFileNumberId>112453792</TaxFileNumberId></RP><RP><TaxFileNumberId>46271809</TaxFileNumberId></RP><RP><AustralianBusinessNumberId>54178216381</AustralianBusinessNumberId></RP><RP><TaxFileNumberId>450648504</TaxFileNumberId></RP><RP><TaxFileNumberId>978066346</TaxFileNumberId></RP><RP><AustralianBusinessNumberId>69180786972</AustralianBusinessNumberId></RP><RP><TaxFileNumberId>882611987</TaxFileNumberId></RP><RP><TaxFileNumberId>397258399</TaxFileNumberId></RP><RP><TaxFileNumberId>874408111</TaxFileNumberId></RP><RP><TaxFileNumberId>124229512</TaxFileNumberId></RP><RP><TaxFileNumberId>346941484</TaxFileNumberId></RP><RP><TaxFileNumberId>978057085</TaxFileNumberId></RP><RP><TaxFileNumberId>977949150</TaxFileNumberId></RP><RP><AustralianBusinessNumberId>90522343034</AustralianBusinessNumberId></RP><RP><AustralianBusinessNumberId>68613311891</AustralianBusinessNumberId></RP><RP><AustralianBusinessNumberId>81609418279</AustralianBusinessNumberId></RP><RP><AustralianBusinessNumberId>96611058569</AustralianBusinessNumberId></RP><RP><TaxFileNumberId>978040118</TaxFileNumberId></RP></RPCollection><SearchFilters><PeriodStartD>2017-01-01</PeriodStartD><PeriodEndD>2020-07-01</PeriodEndD><LodgmentChannelCCollection><LodgmentChannelC>Paper</LodgmentChannelC><LodgmentChannelC>myGov</LodgmentChannelC><LodgmentChannelC>SMS</LodgmentChannelC><LodgmentChannelC>Email</LodgmentChannelC><LodgmentChannelC>DigitalAgent</LodgmentChannelC><LodgmentChannelC>ATOOnline</LodgmentChannelC></LodgmentChannelCCollection></SearchFilters><SortCriteriaCollection><SortCriteria><InteractionRecordSortFieldC>SentDate</InteractionRecordSortFieldC><InteractionRecordSortOrderC>Descending</InteractionRecordSortOrderC></SortCriteria></SortCriteriaCollection></CLNTCOMMLISTRequest>