<CLNTCOMMLISTResponse xmlns="http://www.sbr.gov.au/ato/clntcommlistresponse">
  <INT>
    <AustralianBusinessNumberId>24915423307</AustralianBusinessNumberId>
    <TaxAgentNumberId>27915004</TaxAgentNumberId>
  </INT>
  <SearchFilters>
    <PeriodStartD>2017-01-01</PeriodStartD>
    <PeriodEndD>2020-07-01</PeriodEndD>
    <LodgmentChannelCCollection>
      <LodgmentChannelC>Paper</LodgmentChannelC>
      <LodgmentChannelC>myGov</LodgmentChannelC>
      <LodgmentChannelC>SMS</LodgmentChannelC>
      <LodgmentChannelC>Email</LodgmentChannelC>
      <LodgmentChannelC>DigitalAgent</LodgmentChannelC>
      <LodgmentChannelC>ATOOnline</LodgmentChannelC>
    </LodgmentChannelCCollection>
  </SearchFilters>
  <SortCriteriaCollection>
    <SortCriteria>
      <InteractionRecordSortFieldC>ClientName</InteractionRecordSortFieldC>
      <InteractionRecordSortOrderC>Ascending</InteractionRecordSortOrderC>
    </SortCriteria>
    <SortCriteria>
      <InteractionRecordSortFieldC>SentDate</InteractionRecordSortFieldC>
      <InteractionRecordSortOrderC>Descending</InteractionRecordSortOrderC>
    </SortCriteria>
  </SortCriteriaCollection>
  <CommunicationRecordCollection>
    <CommunicationRecord>
      <AustralianBusinessNumberId>48123123124</AustralianBusinessNumberId>
      <TaxAccountId>153657180</TaxAccountId>
      <TaxRoleTypeC>GST</TaxRoleTypeC>
      <BusinessDocumentGovernmentGeneratedId>4013061444469</BusinessDocumentGovernmentGeneratedId>
      <CommunicationFieldCollection>
        <CommunicationField>
          <C>PersonUnstructuredName.FullName.Text</C>
          <FieldValueT>Archimedas Consulting</FieldValueT>
        </CommunicationField>
        <CommunicationField>
          <C>BusinessDocument.Category.Code</C>
          <FieldValueT>Advise</FieldValueT>
        </CommunicationField>
        <CommunicationField>
          <C>Report.CommunicationSent.Date</C>
          <FieldValueT>2018-04-23</FieldValueT>
        </CommunicationField>
        <CommunicationField>
          <C>Report.Communication.Description</C>
          <FieldValueT>Registration confirmation - GST branch</FieldValueT>
        </CommunicationField>
        <CommunicationField>
          <C>Lodgment.Channel.Code</C>
          <FieldValueT>DigitalAgent</FieldValueT>
        </CommunicationField>
      </CommunicationFieldCollection>
    </CommunicationRecord>
    <CommunicationRecord>
      <AustralianBusinessNumberId>48123123124</AustralianBusinessNumberId>
      <TaxAccountId>153657180</TaxAccountId>
      <TaxRoleTypeC>GST</TaxRoleTypeC>
      <BusinessDocumentGovernmentGeneratedId>4013061443466</BusinessDocumentGovernmentGeneratedId>
      <CommunicationFieldCollection>
        <CommunicationField>
          <C>PersonUnstructuredName.FullName.Text</C>
          <FieldValueT>Archimedas Consulting</FieldValueT>
        </CommunicationField>
        <CommunicationField>
          <C>BusinessDocument.Category.Code</C>
          <FieldValueT>Advise</FieldValueT>
        </CommunicationField>
        <CommunicationField>
          <C>Report.CommunicationSent.Date</C>
          <FieldValueT>2018-04-22</FieldValueT>
        </CommunicationField>
        <CommunicationField>
          <C>Report.Communication.Description</C>
          <FieldValueT>Registration confirmation - GST branch</FieldValueT>
        </CommunicationField>
        <CommunicationField>
          <C>Lodgment.Channel.Code</C>
          <FieldValueT>Paper</FieldValueT>
        </CommunicationField>
      </CommunicationFieldCollection>
    </CommunicationRecord>
    <CommunicationRecord>
      <AustralianBusinessNumberId>14088411787</AustralianBusinessNumberId>
      <TaxAccountId>143543453</TaxAccountId>
      <TaxRoleTypeC>GST</TaxRoleTypeC>
      <BusinessDocumentGovernmentGeneratedId>8010001552063</BusinessDocumentGovernmentGeneratedId>
      <CommunicationFieldCollection>
        <CommunicationField>
          <C>PersonUnstructuredName.FullName.Text</C>
          <FieldValueT>Greenfelt Pty Ltd</FieldValueT>
        </CommunicationField>
        <CommunicationField>
          <C>BusinessDocument.Category.Code</C>
          <FieldValueT>Demand</FieldValueT>
        </CommunicationField>
        <CommunicationField>
          <C>Report.CommunicationSent.Date</C>
          <FieldValueT>2018-09-26</FieldValueT>
        </CommunicationField>
        <CommunicationField>
          <C>Report.Communication.Description</C>
          <FieldValueT>Lodgment-Overdue-Lodge now</FieldValueT>
        </CommunicationField>
        <CommunicationField>
          <C>Lodgment.Channel.Code</C>
          <FieldValueT>Paper</FieldValueT>
        </CommunicationField>
      </CommunicationFieldCollection>
    </CommunicationRecord>
    <CommunicationRecord>
      <AustralianBusinessNumberId>14088411787</AustralianBusinessNumberId>
      <TaxAccountId>143543453</TaxAccountId>
      <TaxRoleTypeC>GST</TaxRoleTypeC>
      <BusinessDocumentGovernmentGeneratedId>8010001537324</BusinessDocumentGovernmentGeneratedId>
      <CommunicationFieldCollection>
        <CommunicationField>
          <C>PersonUnstructuredName.FullName.Text</C>
          <FieldValueT>Greenfelt Pty Ltd</FieldValueT>
        </CommunicationField>
        <CommunicationField>
          <C>BusinessDocument.Category.Code</C>
          <FieldValueT>Demand</FieldValueT>
        </CommunicationField>
        <CommunicationField>
          <C>Report.CommunicationSent.Date</C>
          <FieldValueT>2018-09-19</FieldValueT>
        </CommunicationField>
        <CommunicationField>
          <C>Report.Communication.Description</C>
          <FieldValueT>Lodgment-Overdue-Final warning</FieldValueT>
        </CommunicationField>
        <CommunicationField>
          <C>Lodgment.Channel.Code</C>
          <FieldValueT>Paper</FieldValueT>
        </CommunicationField>
      </CommunicationFieldCollection>
    </CommunicationRecord>
    <CommunicationRecord>
      <AustralianBusinessNumberId>39094392060</AustralianBusinessNumberId>
      <TaxAccountId>130388143</TaxAccountId>
      <TaxRoleTypeC>WET</TaxRoleTypeC>
      <BusinessDocumentGovernmentGeneratedId>7532000484049</BusinessDocumentGovernmentGeneratedId>
      <CommunicationFieldCollection>
        <CommunicationField>
          <C>PersonUnstructuredName.FullName.Text</C>
          <FieldValueT>Salamander Industries</FieldValueT>
        </CommunicationField>
        <CommunicationField>
          <C>BusinessDocument.Category.Code</C>
          <FieldValueT>Advise</FieldValueT>
        </CommunicationField>
        <CommunicationField>
          <C>Report.CommunicationSent.Date</C>
          <FieldValueT>2018-02-19</FieldValueT>
        </CommunicationField>
        <CommunicationField>
          <C>Report.Communication.Description</C>
          <FieldValueT>Registration confirmation - Luxury car tax / Wine equalisation tax</FieldValueT>
        </CommunicationField>
        <CommunicationField>
          <C>Lodgment.Channel.Code</C>
          <FieldValueT>Paper</FieldValueT>
        </CommunicationField>
      </CommunicationFieldCollection>
    </CommunicationRecord>
    <CommunicationRecord>
      <AustralianBusinessNumberId>39094392060</AustralianBusinessNumberId>
      <TaxAccountId>130388143</TaxAccountId>
      <TaxRoleTypeC>GST</TaxRoleTypeC>
      <BusinessDocumentGovernmentGeneratedId>7532000438210</BusinessDocumentGovernmentGeneratedId>
      <CommunicationFieldCollection>
        <CommunicationField>
          <C>PersonUnstructuredName.FullName.Text</C>
          <FieldValueT>Salamander Industries</FieldValueT>
        </CommunicationField>
        <CommunicationField>
          <C>BusinessDocument.Category.Code</C>
          <FieldValueT>Advise</FieldValueT>
        </CommunicationField>
        <CommunicationField>
          <C>Report.CommunicationSent.Date</C>
          <FieldValueT>2017-09-15</FieldValueT>
        </CommunicationField>
        <CommunicationField>
          <C>Report.Communication.Description</C>
          <FieldValueT>Registration cancellation - GST</FieldValueT>
        </CommunicationField>
        <CommunicationField>
          <C>Lodgment.Channel.Code</C>
          <FieldValueT>Paper</FieldValueT>
        </CommunicationField>
      </CommunicationFieldCollection>
    </CommunicationRecord>
  </CommunicationRecordCollection>
</CLNTCOMMLISTResponse>