<CLNTCOMMLISTResponse xmlns="http://www.sbr.gov.au/ato/clntcommlistresponse">
  <INT>
    <AustralianBusinessNumberId>78330347529</AustralianBusinessNumberId>
    <TaxAgentNumberId>17801003</TaxAgentNumberId>
  </INT>
  <SearchFilters>
    <PeriodStartD>2017-01-01</PeriodStartD>
    <PeriodEndD>2020-07-01</PeriodEndD>
    <BusinessDocumentCategoryC>Notify</BusinessDocumentCategoryC>
    <LodgmentChannelCCollection>
      <LodgmentChannelC>Paper</LodgmentChannelC>
    </LodgmentChannelCCollection>
  </SearchFilters>
  <SortCriteriaCollection>
    <SortCriteria>
      <InteractionRecordSortFieldC>ClientName</InteractionRecordSortFieldC>
      <InteractionRecordSortOrderC>Ascending</InteractionRecordSortOrderC>
    </SortCriteria>
  </SortCriteriaCollection>
  <CommunicationRecordCollection>
    <CommunicationRecord>
      <TaxFileNumberId>112453792</TaxFileNumberId>
      <TaxAccountId>14618796</TaxAccountId>
      <TaxRoleTypeC>ITI</TaxRoleTypeC>
      <BusinessDocumentGovernmentGeneratedId>7532000622810</BusinessDocumentGovernmentGeneratedId>
      <CommunicationFieldCollection>
        <CommunicationField>
          <C>PersonUnstructuredName.FullName.Text</C>
          <FieldValueT>Charles Weston</FieldValueT>
        </CommunicationField>
        <CommunicationField>
          <C>BusinessDocument.Category.Code</C>
          <FieldValueT>Notify</FieldValueT>
        </CommunicationField>
        <CommunicationField>
          <C>Report.CommunicationSent.Date</C>
          <FieldValueT>2019-10-16</FieldValueT>
        </CommunicationField>
        <CommunicationField>
          <C>Report.Communication.Description</C>
          <FieldValueT>Notification of a mistake in your income tax return</FieldValueT>
        </CommunicationField>
        <CommunicationField>
          <C>Lodgment.Channel.Code</C>
          <FieldValueT>Paper</FieldValueT>
        </CommunicationField>
      </CommunicationFieldCollection>
    </CommunicationRecord>
    <CommunicationRecord>
      <TaxFileNumberId>978066346</TaxFileNumberId>
      <TaxAccountId>101116513313</TaxAccountId>
      <TaxRoleTypeC>ITI</TaxRoleTypeC>
      <BusinessDocumentGovernmentGeneratedId>4013061498536</BusinessDocumentGovernmentGeneratedId>
      <CommunicationFieldCollection>
        <CommunicationField>
          <C>PersonUnstructuredName.FullName.Text</C>
          <FieldValueT>JILL KEATON</FieldValueT>
        </CommunicationField>
        <CommunicationField>
          <C>BusinessDocument.Category.Code</C>
          <FieldValueT>Notify</FieldValueT>
        </CommunicationField>
        <CommunicationField>
          <C>Report.CommunicationSent.Date</C>
          <FieldValueT>2019-11-08</FieldValueT>
        </CommunicationField>
        <CommunicationField>
          <C>Report.Communication.Description</C>
          <FieldValueT>Notification of a mistake in your income tax return</FieldValueT>
        </CommunicationField>
        <CommunicationField>
          <C>Lodgment.Channel.Code</C>
          <FieldValueT>Paper</FieldValueT>
        </CommunicationField>
      </CommunicationFieldCollection>
    </CommunicationRecord>
    <CommunicationRecord>
      <TaxFileNumberId>978066346</TaxFileNumberId>
      <TaxAccountId>101116513313</TaxAccountId>
      <TaxRoleTypeC>ITI</TaxRoleTypeC>
      <BusinessDocumentGovernmentGeneratedId>7532000665239</BusinessDocumentGovernmentGeneratedId>
      <CommunicationFieldCollection>
        <CommunicationField>
          <C>PersonUnstructuredName.FullName.Text</C>
          <FieldValueT>JILL KEATON</FieldValueT>
        </CommunicationField>
        <CommunicationField>
          <C>BusinessDocument.Category.Code</C>
          <FieldValueT>Notify</FieldValueT>
        </CommunicationField>
        <CommunicationField>
          <C>Report.CommunicationSent.Date</C>
          <FieldValueT>2019-11-05</FieldValueT>
        </CommunicationField>
        <CommunicationField>
          <C>Report.Communication.Description</C>
          <FieldValueT>Notification of a mistake in your income tax return</FieldValueT>
        </CommunicationField>
        <CommunicationField>
          <C>Lodgment.Channel.Code</C>
          <FieldValueT>Paper</FieldValueT>
        </CommunicationField>
      </CommunicationFieldCollection>
    </CommunicationRecord>
    <CommunicationRecord>
      <AustralianBusinessNumberId>69180786972</AustralianBusinessNumberId>
      <TaxAccountId>23441231</TaxAccountId>
      <TaxRoleTypeC>ITI</TaxRoleTypeC>
      <BusinessDocumentGovernmentGeneratedId>7532000673433</BusinessDocumentGovernmentGeneratedId>
      <CommunicationFieldCollection>
        <CommunicationField>
          <C>PersonUnstructuredName.FullName.Text</C>
          <FieldValueT>PETER MORRISON</FieldValueT>
        </CommunicationField>
        <CommunicationField>
          <C>BusinessDocument.Category.Code</C>
          <FieldValueT>Notify</FieldValueT>
        </CommunicationField>
        <CommunicationField>
          <C>Report.CommunicationSent.Date</C>
          <FieldValueT>2019-12-05</FieldValueT>
        </CommunicationField>
        <CommunicationField>
          <C>Report.Communication.Description</C>
          <FieldValueT>Notification of a mistake in your income tax return</FieldValueT>
        </CommunicationField>
        <CommunicationField>
          <C>Lodgment.Channel.Code</C>
          <FieldValueT>Paper</FieldValueT>
        </CommunicationField>
      </CommunicationFieldCollection>
    </CommunicationRecord>
    <CommunicationRecord>
      <AustralianBusinessNumberId>69180786972</AustralianBusinessNumberId>
      <TaxAccountId>23441231</TaxAccountId>
      <TaxRoleTypeC>ITI</TaxRoleTypeC>
      <BusinessDocumentGovernmentGeneratedId>7532000673446</BusinessDocumentGovernmentGeneratedId>
      <CommunicationFieldCollection>
        <CommunicationField>
          <C>PersonUnstructuredName.FullName.Text</C>
          <FieldValueT>PETER MORRISON</FieldValueT>
        </CommunicationField>
        <CommunicationField>
          <C>BusinessDocument.Category.Code</C>
          <FieldValueT>Notify</FieldValueT>
        </CommunicationField>
        <CommunicationField>
          <C>Report.CommunicationSent.Date</C>
          <FieldValueT>2019-12-04</FieldValueT>
        </CommunicationField>
        <CommunicationField>
          <C>Report.Communication.Description</C>
          <FieldValueT>Notification of a mistake in your income tax return</FieldValueT>
        </CommunicationField>
        <CommunicationField>
          <C>Lodgment.Channel.Code</C>
          <FieldValueT>Paper</FieldValueT>
        </CommunicationField>
      </CommunicationFieldCollection>
    </CommunicationRecord>
    <CommunicationRecord>
      <AustralianBusinessNumberId>69180786972</AustralianBusinessNumberId>
      <TaxAccountId>23441231</TaxAccountId>
      <TaxRoleTypeC>ITI</TaxRoleTypeC>
      <BusinessDocumentGovernmentGeneratedId>7532000669497</BusinessDocumentGovernmentGeneratedId>
      <CommunicationFieldCollection>
        <CommunicationField>
          <C>PersonUnstructuredName.FullName.Text</C>
          <FieldValueT>PETER MORRISON</FieldValueT>
        </CommunicationField>
        <CommunicationField>
          <C>BusinessDocument.Category.Code</C>
          <FieldValueT>Notify</FieldValueT>
        </CommunicationField>
        <CommunicationField>
          <C>Report.CommunicationSent.Date</C>
          <FieldValueT>2019-11-14</FieldValueT>
        </CommunicationField>
        <CommunicationField>
          <C>Report.Communication.Description</C>
          <FieldValueT>Notification of a mistake in your income tax return</FieldValueT>
        </CommunicationField>
        <CommunicationField>
          <C>Lodgment.Channel.Code</C>
          <FieldValueT>Paper</FieldValueT>
        </CommunicationField>
      </CommunicationFieldCollection>
    </CommunicationRecord>
    <CommunicationRecord>
      <TaxFileNumberId>978057085</TaxFileNumberId>
      <TaxAccountId>101116511784</TaxAccountId>
      <TaxRoleTypeC>ITI</TaxRoleTypeC>
      <BusinessDocumentGovernmentGeneratedId>7532000622261</BusinessDocumentGovernmentGeneratedId>
      <CommunicationFieldCollection>
        <CommunicationField>
          <C>PersonUnstructuredName.FullName.Text</C>
          <FieldValueT>SHAW, EDDIE</FieldValueT>
        </CommunicationField>
        <CommunicationField>
          <C>BusinessDocument.Category.Code</C>
          <FieldValueT>Notify</FieldValueT>
        </CommunicationField>
        <CommunicationField>
          <C>Report.CommunicationSent.Date</C>
          <FieldValueT>2019-10-16</FieldValueT>
        </CommunicationField>
        <CommunicationField>
          <C>Report.Communication.Description</C>
          <FieldValueT>Notification of a mistake in your income tax return</FieldValueT>
        </CommunicationField>
        <CommunicationField>
          <C>Lodgment.Channel.Code</C>
          <FieldValueT>Paper</FieldValueT>
        </CommunicationField>
      </CommunicationFieldCollection>
    </CommunicationRecord>
  </CommunicationRecordCollection>
</CLNTCOMMLISTResponse>