<tns:Event xmlns:tns="http://sbr.gov.au/comn/event.02.data">
  <tns:MaximumSeverity.Code>Information</tns:MaximumSeverity.Code>
  <tns:EventItems>
    <tns:EventItem>
      <tns:Error.Code>CMN.ATO.GEN.OK</tns:Error.Code>
      <tns:Severity.Code>Information</tns:Severity.Code>
      <tns:Short.Description>Message accepted</tns:Short.Description>
      <tns:Locations>
        <tns:Location>
          <tns:Location.Instance.Identifier>Part1</tns:Location.Instance.Identifier>
          <tns:Location.Path.Text>Part1</tns:Location.Path.Text>
        </tns:Location>
      </tns:Locations>
    </tns:EventItem>
  </tns:EventItems>
</tns:Event>