<CLNTCOMMLISTRequest xmlns="http://www.sbr.gov.au/ato/clntcommlistrequest" xmlns:i="http://www.w3.org/2001/XMLSchema-instance"><INT><AustralianBusinessNumberId>78330347529</AustralianBusinessNumberId><TaxAgentNumberId>17801003</TaxAgentNumberId></INT><RPCollection><RP><AustralianBusinessNumberId>12089922823</AustralianBusinessNumberId></RP></RPCollection><SearchFilters><PeriodStartD>2019-07-01</PeriodStartD><PeriodEndD>2020-07-01</PeriodEndD><LodgmentChannelCCollection><LodgmentChannelC>myGov</LodgmentChannelC><LodgmentChannelC>Paper</LodgmentChannelC><LodgmentChannelC>SMS</LodgmentChannelC><LodgmentChannelC>Email</LodgmentChannelC><LodgmentChannelC>DigitalAgent</LodgmentChannelC><LodgmentChannelC>ATOOnline</LodgmentChannelC></LodgmentChannelCCollection></SearchFilters><SortCriteriaCollection><SortCriteria><InteractionRecordSortFieldC>SentDate</InteractionRecordSortFieldC><InteractionRecordSortOrderC>Ascending</InteractionRecordSortOrderC></SortCriteria></SortCriteriaCollection></CLNTCOMMLISTRequest>