<tns:Event xmlns:tns="http://sbr.gov.au/comn/event.02.data"><tns:MaximumSeverity.Code>Error</tns:MaximumSeverity.Code><tns:EventItems><tns:EventItem><tns:Error.Code>CMN.ATO.CLNTCOMM.000019</tns:Error.Code><tns:Severity.Code>Error</tns:Severity.Code><tns:Short.Description>Start date is earlier than 01/07/2008.</tns:Short.Description><tns:Detailed.Description>Start date must be equal to or greater than 01/07/2008.</tns:Detailed.Description><tns:Parameters><tns:Parameter><tns:Parameter.Identifier>RuleIdentifier</tns:Parameter.Identifier><tns:Parameter.Text>VR.ATO.CLNTCOMM.000019</tns:Parameter.Text></tns:Parameter><tns:Parameter><tns:Parameter.Identifier>CLNTCOMM7</tns:Parameter.Identifier><tns:Parameter.Text>2008-01-01</tns:Parameter.Text></tns:Parameter></tns:Parameters><tns:Locations><tns:Location><tns:Location.Instance.Identifier>Part1</tns:Location.Instance.Identifier><tns:Location.Path.Text>/tns:CLNTCOMMLISTRequest/tns:SearchFilters/tns:PeriodStartD</tns:Location.Path.Text></tns:Location></tns:Locations></tns:EventItem></tns:EventItems></tns:Event>