<tns:Event xmlns:tns="http://sbr.gov.au/comn/event.02.data">
   <tns:MaximumSeverity.Code>Error</tns:MaximumSeverity.Code>
   <tns:EventItems>
      <tns:EventItem>
         <tns:Error.Code>CMN.ATO.CLNTCOMM.EM59507</tns:Error.Code>
         <tns:Severity.Code>Error</tns:Severity.Code>
         <tns:Short.Description>No Communication record found.</tns:Short.Description>
         <tns:Detailed.Description>A communication record was not found for the details provided. Provide the correct the details and try again.</tns:Detailed.Description>
         <tns:Locations>
            <tns:Location>
               <tns:Location.Instance.Identifier>1</tns:Location.Instance.Identifier>
            </tns:Location>
         </tns:Locations>
      </tns:EventItem>
   </tns:EventItems>
</tns:Event>