<tns:CLNTCOMMGETRequest xmlns:tns="http://www.sbr.gov.au/ato/clntcommgetrequest">
  <tns:INT>
    <tns:AustralianBusinessNumberId>78330347529</tns:AustralianBusinessNumberId>
    <tns:TaxAgentNumberId>17801003</tns:TaxAgentNumberId>
  </tns:INT>
  <tns:RP>
    <tns:BusinessDocumentGovernmentGeneratedIdCollection>
      <tns:BusinessDocumentGovernmentGeneratedId>7532000622810</tns:BusinessDocumentGovernmentGeneratedId>
      <tns:BusinessDocumentGovernmentGeneratedId>4013061498536</tns:BusinessDocumentGovernmentGeneratedId>
      <tns:BusinessDocumentGovernmentGeneratedId>7532000665239</tns:BusinessDocumentGovernmentGeneratedId>
      <tns:BusinessDocumentGovernmentGeneratedId>7532000673433</tns:BusinessDocumentGovernmentGeneratedId>
      <tns:BusinessDocumentGovernmentGeneratedId>7532000673446</tns:BusinessDocumentGovernmentGeneratedId>
      <tns:BusinessDocumentGovernmentGeneratedId>7532000669497</tns:BusinessDocumentGovernmentGeneratedId>
      <tns:BusinessDocumentGovernmentGeneratedId>7532000622261</tns:BusinessDocumentGovernmentGeneratedId>
    </tns:BusinessDocumentGovernmentGeneratedIdCollection>
  </tns:RP>
</tns:CLNTCOMMGETRequest>
