<CLNTCOMMLISTRequest xmlns="http://www.sbr.gov.au/ato/clntcommlistrequest" xmlns:i="http://www.w3.org/2001/XMLSchema-instance"><INT><AustralianBusinessNumberId>78330347529</AustralianBusinessNumberId><TaxAgentNumberId>17801003</TaxAgentNumberId></INT><RPCollection><RP><TaxFileNumberId>112453792</TaxFileNumberId></RP><RP><TaxFileNumberId>978066346</TaxFileNumberId></RP><RP><AustralianBusinessNumberId>69180786972</AustralianBusinessNumberId></RP><RP><TaxFileNumberId>978057085</TaxFileNumberId></RP></RPCollection><SearchFilters><PeriodStartD>2017-01-01</PeriodStartD><PeriodEndD>2020-07-01</PeriodEndD><BusinessDocumentCategoryC>Notify</BusinessDocumentCategoryC><LodgmentChannelCCollection><LodgmentChannelC>Paper</LodgmentChannelC></LodgmentChannelCCollection></SearchFilters><SortCriteriaCollection><SortCriteria><InteractionRecordSortFieldC>ClientName</InteractionRecordSortFieldC><InteractionRecordSortOrderC>Ascending</InteractionRecordSortOrderC></SortCriteria></SortCriteriaCollection></CLNTCOMMLISTRequest>