<tns:CLNTCOMMGETRequest xmlns:tns="http://www.sbr.gov.au/ato/clntcommgetrequest">
  <tns:INT>
    <tns:AustralianBusinessNumberId>24915423307</tns:AustralianBusinessNumberId>
    <tns:TaxAgentNumberId>27915004</tns:TaxAgentNumberId>
  </tns:INT>
  <tns:RP>
    <tns:AustralianBusinessNumberId>39094392060</tns:AustralianBusinessNumberId>
    <tns:BusinessDocumentGovernmentGeneratedIdCollection>
      <tns:BusinessDocumentGovernmentGeneratedId>7532000484040</tns:BusinessDocumentGovernmentGeneratedId>
    </tns:BusinessDocumentGovernmentGeneratedIdCollection>
  </tns:RP>
</tns:CLNTCOMMGETRequest>
